"variant_id","severity","category","issue","suggested_template_bn"
"T21.v1","minor","C-consistency","[minor] Owner decision (cycle 2): 'in/to the crm' standardised to CRM-এ (CRM সিস্টেমে/CRM রেকর্ডে were checker workarounds; EN never says 'record').","CRM-এ {current_customer_name}-এর স্ট্যাটাস {new_status_natural_language}-এ আপডেট করো"
"T21.v2","minor","C-consistency","[minor] Owner decision (cycle 2): 'in/to the crm' standardised to CRM-এ (CRM সিস্টেমে/CRM রেকর্ডে were checker workarounds; EN never says 'record').","আমাদের একজন নতুন কাস্টমার {new_status_natural_language} স্ট্যাটাসে চলে গেছে। CRM-এ {current_customer_name}-এর স্ট্যাটাস {new_status_natural_language}-এ আপডেট করে দিতে পারবে?"
"T21.v3","minor","C-consistency","[minor] Owner decision (cycle 2): 'in/to the crm' standardised to CRM-এ (CRM সিস্টেমে/CRM রেকর্ডে were checker workarounds; EN never says 'record').","{current_customer_name}-এর স্ট্যাটাস এখন {new_status_natural_language}। CRM-এ এটা আপডেট করে দিতে পারবে?"
"T22.v2","minor","C-consistency","[minor] Owner decision (cycle 2): 'in/to the crm' standardised to CRM-এ (CRM সিস্টেমে/CRM রেকর্ডে were checker workarounds; EN never says 'record').","{current_customer_name}-কে আর CRM-এ রাখার দরকার নেই। ডিলিট করে দিতে পারবে?"
"T23.v1","minor","C-consistency","[minor] Owner decision (cycle 2): 'in/to the crm' standardised to CRM-এ (CRM সিস্টেমে/CRM রেকর্ডে were checker workarounds; EN never says 'record').","{new_customer_name}-কে নতুন lead হিসেবে CRM-এ যোগ করো এবং {assigned_to_first_name}-এর নামে অ্যাসাইন করো"
"T23.v2","minor","C-consistency","[minor] Owner decision (cycle 2): 'in/to the crm' standardised to CRM-এ (CRM সিস্টেমে/CRM রেকর্ডে were checker workarounds; EN never says 'record').","{new_customer_name} নামে একজন নতুন lead এসেছে। তাকে CRM-এ যোগ করে {assigned_to_first_name}-এর নামে অ্যাসাইন করে দিতে পারবে?"
"T23.v3","minor","C-consistency","[minor] Owner decision (cycle 2): 'in/to the crm' standardised to CRM-এ (CRM সিস্টেমে/CRM রেকর্ডে were checker workarounds; EN never says 'record').","{new_customer_name}-কে কি CRM-এ যোগ করে দিতে পারবে? সে নতুন lead, তাকে {assigned_to_first_name}-এর নামে অ্যাসাইন করতে হবে"
"T24.v1","minor","C-consistency","[minor] Owner decision (cycle 2): 'in/to the crm' standardised to CRM-এ (CRM সিস্টেমে/CRM রেকর্ডে were checker workarounds; EN never says 'record').","CRM-এ {current_customer_name}-কে {assigned_to_first_name}-এর নামে রিঅ্যাসাইন করো"
"T24.v2","minor","C-consistency","[minor] Owner decision (cycle 2): 'in/to the crm' standardised to CRM-এ (CRM সিস্টেমে/CRM রেকর্ডে were checker workarounds; EN never says 'record').","{current_customer_name}-এর দায়িত্ব আমরা {assigned_to_first_name}-কে দিচ্ছি। CRM-এ এই পরিবর্তনটা করে দিতে পারবে?"
"T24.v3","minor","C-consistency","[minor] Owner decision (cycle 2): 'in/to the crm' standardised to CRM-এ (CRM সিস্টেমে/CRM রেকর্ডে were checker workarounds; EN never says 'record').","{current_customer_name}-এর দায়িত্ব নিচ্ছে {assigned_to_first_name}। CRM-এ রিঅ্যাসাইন করে দিতে পারবে?"
"T25.v1","minor","C-consistency","[minor] Owner decision (cycle 2): 'in/to the crm' standardised to CRM-এ (CRM সিস্টেমে/CRM রেকর্ডে were checker workarounds; EN never says 'record').","CRM-এ {assigned_to_first_name}-এর যেসব lead {natural_language_product_interest}-এ আগ্রহী, সবগুলো {new_assigned_to_first_name}-এর নামে রিঅ্যাসাইন করো।"
"T25.v2","minor","C-consistency","[minor] Owner decision (cycle 2): 'in/to the crm' standardised to CRM-এ (CRM সিস্টেমে/CRM রেকর্ডে were checker workarounds; EN never says 'record').","{assigned_to_first_name}-এর যেসব lead {natural_language_product_interest}-এ আগ্রহী, সবগুলোর দায়িত্ব আমরা {new_assigned_to_first_name}-কে দিচ্ছি। CRM-এ এই পরিবর্তনটা করে দিতে পারবে?"
"T25.v3","minor","C-consistency","[minor] Owner decision (cycle 2): 'in/to the crm' standardised to CRM-এ (CRM সিস্টেমে/CRM রেকর্ডে were checker workarounds; EN never says 'record').","{assigned_to_first_name}-এর যেসব lead {natural_language_product_interest}-এ আগ্রহী, সবগুলোর দায়িত্ব নিচ্ছে {new_assigned_to_first_name}। CRM-এ ওগুলো রিঅ্যাসাইন করে দিতে পারবে?"
"T26.v1","minor","C-consistency","[minor] Owner decision (cycle 2): 'in/to the crm' standardised to CRM-এ (CRM সিস্টেমে/CRM রেকর্ডে were checker workarounds; EN never says 'record').","CRM-এ {assigned_to_first_name}-এর যেসব কাস্টমার {natural_language_product_interest}-এ আগ্রহী এবং qualified বা proposal পর্যায়ে আছে, তাদের সবাইকে {new_assigned_to_first_name}-এর হাতে দিয়ে দাও"
"T26.v2","minor","C-consistency","[minor] Owner decision (cycle 2): 'in/to the crm' standardised to CRM-এ (CRM সিস্টেমে/CRM রেকর্ডে were checker workarounds; EN never says 'record').","{assigned_to_first_name}-এর যেসব কাস্টমার {natural_language_product_interest}-এ আগ্রহী এবং qualified বা proposal পর্যায়ে আছে, তাদের সবাইকে {new_assigned_to_first_name}-এর কাছে সরাতে হবে। CRM-এ এই পরিবর্তনটা করে দিতে পারবে?"
"T26.v3","minor","C-consistency","[minor] Owner decision (cycle 2): 'in/to the crm' standardised to CRM-এ (CRM সিস্টেমে/CRM রেকর্ডে were checker workarounds; EN never says 'record').","{assigned_to_first_name}-এর যেসব কাস্টমার {natural_language_product_interest}-এ আগ্রহী এবং qualified বা proposal পর্যায়ে আছে, তাদের সবার দায়িত্ব নিচ্ছে {new_assigned_to_first_name}। CRM-এ তাদের রিঅ্যাসাইন করে দিতে পারবে?"
"T28.v1","minor","C-consistency","[minor] Owner decision (cycle 2): 'in/to the crm' standardised to CRM-এ (CRM সিস্টেমে/CRM রেকর্ডে were checker workarounds; EN never says 'record').","{natural_language_product_interest} প্রোডাক্টের প্রপোজালে যেসব কাস্টমার {weeks} সপ্তাহ ধরে কোনো সাড়া দেয়নি, CRM-এ তাদের সবাইকে lost-এ সরিয়ে দাও"
"T28.v2","minor","C-consistency","[minor] Owner decision (cycle 2): 'in/to the crm' standardised to CRM-এ (CRM সিস্টেমে/CRM রেকর্ডে were checker workarounds; EN never says 'record').","মনে হচ্ছে কয়েকজন কাস্টমার {weeks} সপ্তাহ ধরে {natural_language_product_interest} প্রোডাক্টের প্রপোজালে কোনো সাড়া দেয়নি। CRM-এ তাদের lost-এ সরিয়ে দিতে পারবে?"
"T60.v1","major","B-enum","[major] Owner decision (cycle 2): board reference is a DB enum value; keep Latin in EN surface form, unquoted (front-end বোর্ড / front end টাস্ক / front-end backlog) instead of transliterated ফ্রন্ট-এন্ড.","{natural_language_date} থেকে এখন পর্যন্ত কোনো সময় যদি {natural_language_metric} {threshold}-এর চেয়ে {more_or_less} হয়ে থাকে, তাহলে front-end বোর্ডে {name}-এর জন্য 'Improve {natural_language_metric!en}' নামে একটা backlog টাস্ক বানাও, ডেডলাইন আগামী শুক্রবার"
"T60.v2","major","B-enum","[major] Owner decision (cycle 2): board reference is a DB enum value; keep Latin in EN surface form, unquoted (front-end বোর্ড / front end টাস্ক / front-end backlog) instead of transliterated ফ্রন্ট-এন্ড.","{natural_language_date} থেকে এখন পর্যন্ত কোনো সময় কি {natural_language_metric} {threshold}-এর চেয়ে {more_or_less} হয়েছিল? হয়ে থাকলে front-end বোর্ডে 'Improve {natural_language_metric!en}' নামে একটা backlog টাস্ক বানিয়ে {name}-কে অ্যাসাইন করে দাও, আর ডেডলাইন রেখো আগামী শুক্রবার"
"T60.v3","major","B-enum","[major] Owner decision (cycle 2): board reference is a DB enum value; keep Latin in EN surface form, unquoted (front-end বোর্ড / front end টাস্ক / front-end backlog) instead of transliterated ফ্রন্ট-এন্ড.","{natural_language_date} থেকে এখন পর্যন্ত কোনো সময় {natural_language_metric} {threshold}-এর চেয়ে {more_or_less} হয়েছিল কি না একটু দেখবে? হয়ে থাকলে {name}-এর জন্য front-end বোর্ডে 'Improve {natural_language_metric!en}' নামে একটা backlog টাস্ক বানাও, ডেডলাইন দিও আগামী শুক্রবার"
"T61.v1","major","B-enum","[major] Owner decision (cycle 2): board reference is a DB enum value; keep Latin in EN surface form, unquoted (front-end বোর্ড / front end টাস্ক / front-end backlog) instead of transliterated ফ্রন্ট-এন্ড.","{natural_language_date} থেকে এখন পর্যন্ত কোনো সময় যদি {natural_language_metric} {threshold}-এর চেয়ে {more_or_less} হয়ে থাকে, তাহলে যে সবচেয়ে বেশি front end টাস্ক কমপ্লিট করেছে, তার জন্য front-end বোর্ডে 'Improve {natural_language_metric!en}' নামে একটা backlog টাস্ক বানাও, ডেডলাইন আগামী শুক্রবার"
"T61.v2","major","B-enum","[major] Owner decision (cycle 2): board reference is a DB enum value; keep Latin in EN surface form, unquoted (front-end বোর্ড / front end টাস্ক / front-end backlog) instead of transliterated ফ্রন্ট-এন্ড.","{natural_language_date} থেকে এখন পর্যন্ত কোনো সময় কি {natural_language_metric} {threshold}-এর চেয়ে {more_or_less} হয়েছিল? হয়ে থাকলে আগামী শুক্রবারের মধ্যে এটা ঠিক করতে হবে - front-end বোর্ডে 'Improve {natural_language_metric!en}' নামে একটা backlog টাস্ক বানাও আর যে সবচেয়ে বেশি front end টাস্ক কমপ্লিট করেছে তাকে অ্যাসাইন করো"
"T61.v3","major","B-enum","[major] Owner decision (cycle 2): board reference is a DB enum value; keep Latin in EN surface form, unquoted (front-end বোর্ড / front end টাস্ক / front-end backlog) instead of transliterated ফ্রন্ট-এন্ড.","{natural_language_date} থেকে এখন পর্যন্ত কোনো সময় {natural_language_metric} {threshold}-এর চেয়ে {more_or_less} হয়েছিল কি না একটু দেখবে? হয়ে থাকলে front-end বোর্ডে আগামী শুক্রবার ডেডলাইন দিয়ে 'Improve {natural_language_metric!en}' নামে একটা backlog টাস্ক বানাও, আর যে সবচেয়ে বেশি front end টাস্ক কমপ্লিট করেছে তাকে অ্যাসাইন করো"
"T62.v1","major","B-enum","[major] Owner decision (cycle 2): board reference is a DB enum value; keep Latin in EN surface form, unquoted (front-end বোর্ড / front end টাস্ক / front-end backlog) instead of transliterated ফ্রন্ট-এন্ড.","{day_of_week} থেকে {natural_language_metric} শতকরা কত বেড়েছে দেখো, আর সেটা যদি {natural_language_metric_2}ের চেয়ে বেশি হয়, তাহলে front-end বোর্ডে {name}-এর জন্য 'Improve {natural_language_metric_2!en}' নামে একটা backlog টাস্ক বানাও, ডেডলাইন আগামী শুক্রবার"
"T62.v2","major","B-enum","[major] Owner decision (cycle 2): board reference is a DB enum value; keep Latin in EN surface form, unquoted (front-end বোর্ড / front end টাস্ক / front-end backlog) instead of transliterated ফ্রন্ট-এন্ড.","{day_of_week} থেকে {natural_language_metric} শতকরা কত বেড়েছে সেটা আমার দেখা দরকার। যদি তা {natural_language_metric_2}ের চেয়ে বেশি বেড়ে থাকে, তাহলে {name}-এর জন্য front-end বোর্ডে 'Improve {natural_language_metric_2!en}' নামে একটা backlog টাস্ক বানাও, ডেডলাইন আগামী শুক্রবার"
"T62.v3","major","B-enum","[major] Owner decision (cycle 2): board reference is a DB enum value; keep Latin in EN surface form, unquoted (front-end বোর্ড / front end টাস্ক / front-end backlog) instead of transliterated ফ্রন্ট-এন্ড.","{day_of_week} থেকে {natural_language_metric} শতকরা কত বেড়েছে একটু দেখবে? যদি {natural_language_metric_2}ের চেয়ে বেশি বেড়ে থাকে, তাহলে front-end backlog-এ {name}-এর জন্য 'Improve {natural_language_metric_2!en}' নামে একটা টাস্ক বানাও, যার ডেডলাইন আগামী শুক্রবার"
"T65.v1","major","B-enum","[major] Owner decision (cycle 2): board reference is a DB enum value; keep Latin in EN surface form, unquoted (front-end বোর্ড / front end টাস্ক / front-end backlog) instead of transliterated ফ্রন্ট-এন্ড.","{natural_language_date} থেকে এখন পর্যন্ত কোনো সময় যদি {natural_language_metric} {threshold}-এর চেয়ে {more_or_less} হয়ে থাকে, তাহলে front-end বোর্ডে {name}-এর জন্য 'Improve {natural_language_metric!en}' backlog টাস্ক বানাও, ডেডলাইন আগামী শুক্রবার; না হলে তাকে 'Recent {natural_language_metric!en}' সাবজেক্ট দিয়ে একটা ইমেইল পাঠাও, যেখানে লেখা থাকবে 'I noticed {natural_language_metric!en} has been stable, nice work!'"
"T65.v2","major","B-enum","[major] Owner decision (cycle 2): board reference is a DB enum value; keep Latin in EN surface form, unquoted (front-end বোর্ড / front end টাস্ক / front-end backlog) instead of transliterated ফ্রন্ট-এন্ড.","{natural_language_date} থেকে এখন পর্যন্ত কোনো সময় কি {natural_language_metric} {threshold}-এর চেয়ে {more_or_less} হয়েছিল? হয়ে থাকলে {name}-এর জন্য front-end বোর্ডে 'Improve {natural_language_metric!en}' নামে একটা backlog টাস্ক বানাও, ডেডলাইন আগামী শুক্রবার; না হলে তাকে 'Recent {natural_language_metric!en}' সাবজেক্টে একটা ইমেইল পাঠাও, তাতে লেখো 'I noticed {natural_language_metric!en} has been stable, nice work!'"
"T65.v3","major","B-enum","[major] Owner decision (cycle 2): board reference is a DB enum value; keep Latin in EN surface form, unquoted (front-end বোর্ড / front end টাস্ক / front-end backlog) instead of transliterated ফ্রন্ট-এন্ড.","{natural_language_date} থেকে এখন পর্যন্ত কোনো সময় {natural_language_metric} {threshold}-এর চেয়ে {more_or_less} হয়েছিল কি না একটু দেখবে? হয়ে থাকলে front-end backlog-এ {name}-এর জন্য 'Improve {natural_language_metric!en}' টাস্ক বানাও, ডেডলাইন আগামী শুক্রবার; না হলে তাকে 'Recent {natural_language_metric!en}' সাবজেক্টে একটা ইমেইল পাঠাও, লেখো 'I noticed {natural_language_metric!en} has been stable, nice work!'"
"T66.v1","major","B-enum","[major] Owner decision (cycle 2): board reference is a DB enum value; keep Latin in EN surface form, unquoted (front-end বোর্ড / front end টাস্ক / front-end backlog) instead of transliterated ফ্রন্ট-এন্ড.","{day_of_week} থেকে {natural_language_metric} শতকরা কত বেড়েছে দেখো, আর সেটা যদি {natural_language_metric_2}ের চেয়ে বেশি হয়, তাহলে front-end বোর্ডে {name}-এর জন্য 'Improve {natural_language_metric_2!en}' নামে একটা backlog টাস্ক বানাও, ডেডলাইন আগামী শুক্রবার। এছাড়া আগামীকাল আমি প্রথম যখন পারব তখন তার সাথে 'Discuss {natural_language_metric!en}' নামে আধা ঘণ্টার একটা মিটিংও শিডিউল করো"
"T66.v2","major","B-enum","[major] Owner decision (cycle 2): board reference is a DB enum value; keep Latin in EN surface form, unquoted (front-end বোর্ড / front end টাস্ক / front-end backlog) instead of transliterated ফ্রন্ট-এন্ড.","{day_of_week} থেকে {natural_language_metric} শতকরা কত বেড়েছে একটু দেখবে? যদি {natural_language_metric_2}ের চেয়ে বেশি বেড়ে থাকে, তাহলে {name}-এর জন্য front-end বোর্ডে 'Improve {natural_language_metric_2!en}' নামে একটা backlog টাস্ক বানাও, ডেডলাইন আগামী শুক্রবার, আর আগামীকাল আমি প্রথম যখন পারব তখন আমাদের জন্য 'Discuss {natural_language_metric!en}' নামে আধা ঘণ্টার একটা মিটিং শিডিউল করো"
"T66.v3","major","B-enum","[major] Owner decision (cycle 2): board reference is a DB enum value; keep Latin in EN surface form, unquoted (front-end বোর্ড / front end টাস্ক / front-end backlog) instead of transliterated ফ্রন্ট-এন্ড.","{day_of_week} থেকে {natural_language_metric} শতকরা কত বেড়েছে, প্লিজ একটু দেখো। যদি {natural_language_metric_2}ের চেয়ে বেশি বেড়ে থাকে, তাহলে {name}-এর জন্য 'Improve {natural_language_metric_2!en}' নামে একটা front-end backlog টাস্ক বানাও, যার ডেডলাইন আগামী শুক্রবার, আর আগামীকাল আমার সবচেয়ে আগের ফাঁকা স্লটে আমাদের জন্য 'Discuss {natural_language_metric!en}' নামে 30 মিনিটের একটা মিটিং শিডিউল করো"
"T68.v1","major","B-enum","[major] Owner decision (cycle 2): board reference is a DB enum value; keep Latin in EN surface form, unquoted (front-end বোর্ড / front end টাস্ক / front-end backlog) instead of transliterated ফ্রন্ট-এন্ড.","{natural_language_date} থেকে এখন পর্যন্ত কোনো সময় যদি {natural_language_metric} {threshold}-এর চেয়ে {more_or_less} হয়ে থাকে, তাহলে front-end বোর্ডে {name}-এর জন্য 'Improve {natural_language_metric!en}' backlog টাস্ক বানাও, ডেডলাইন আগামী শুক্রবার, আর আগামীকাল আমি প্রথম যখন পারব তখন আমাদের জন্য 'Discuss {natural_language_metric!en}' নামে আধা ঘণ্টার একটা মিটিং শিডিউল করো; না হলে তাকে 'Recent {natural_language_metric!en}' সাবজেক্ট দিয়ে একটা ইমেইল পাঠাও, যেখানে লেখা থাকবে 'I noticed {natural_language_metric!en} has been stable, nice work!'"
"T68.v2","major","B-enum","[major] Owner decision (cycle 2): board reference is a DB enum value; keep Latin in EN surface form, unquoted (front-end বোর্ড / front end টাস্ক / front-end backlog) instead of transliterated ফ্রন্ট-এন্ড.","{natural_language_date} থেকে এখন পর্যন্ত কোনো সময় কি {natural_language_metric} {threshold}-এর চেয়ে {more_or_less} হয়েছিল? হয়ে থাকলে front-end বোর্ডের backlog-এ {name}-এর জন্য 'Improve {natural_language_metric!en}' নামে একটা টাস্ক যোগ করো, ডেডলাইন আগামী শুক্রবার, আর আগামীকাল আমি সবচেয়ে আগে যখন ফ্রি থাকব তখন আমাদের জন্য 'Discuss {natural_language_metric!en}' নামে আধা ঘণ্টার একটা মিটিং শিডিউল করো; না হলে তাকে 'Recent {natural_language_metric!en}' সাবজেক্টে একটা ইমেইল পাঠাও, তাতে লেখো 'I noticed {natural_language_metric!en} has been stable, nice work!'"
"T68.v3","major","B-enum","[major] Owner decision (cycle 2): board reference is a DB enum value; keep Latin in EN surface form, unquoted (front-end বোর্ড / front end টাস্ক / front-end backlog) instead of transliterated ফ্রন্ট-এন্ড.","{natural_language_date} থেকে এখন পর্যন্ত কোনো সময় {natural_language_metric} {threshold}-এর চেয়ে {more_or_less} হয়েছিল কি না একটু দেখবে? হয়ে থাকলে front-end backlog-এ {name}-এর জন্য 'Improve {natural_language_metric!en}' টাস্ক বানাও, যার ডেডলাইন আগামী শুক্রবার, আর আগামীকাল আমি প্রথম যখন পারব তখন আমাদের জন্য 'Discuss {natural_language_metric!en}' নামে আধা ঘণ্টার একটা মিটিং শিডিউল করো; না হলে তাকে 'Recent {natural_language_metric!en}' সাবজেক্টে একটা ইমেইল পাঠাও, লেখো 'I noticed {natural_language_metric!en} has been stable, nice work!'"
"T69.v1","major","B-enum","[major] Owner decision (cycle 2): board reference is a DB enum value; keep Latin in EN surface form, unquoted (front-end বোর্ড / front end টাস্ক / front-end backlog) instead of transliterated ফ্রন্ট-এন্ড.","{natural_language_date} থেকে এখন পর্যন্ত কোনো সময় যদি {natural_language_metric} {threshold}-এর চেয়ে {more_or_less} হয়ে থাকে, তাহলে front-end বোর্ডে {name}-এর জন্য 'Improve {natural_language_metric!en}' নামে একটা backlog টাস্ক বানাও, ডেডলাইন আগামী শুক্রবার, আর আগামীকাল আমার সবচেয়ে আগের ফাঁকা সময়ে আমাদের জন্য 'Discuss {natural_language_metric!en}' নামে আধা ঘণ্টার একটা মিটিং বুক করো। না হলে তাকে 'New leads for you' সাবজেক্ট দিয়ে একটা ইমেইল পাঠাও, লেখো '{natural_language_metric!en} looks good, so there are new leads for you', তারপর CRM-এ {assigned_to_first_name}-এর সব lead তাকে দিয়ে দাও"
"T69.v2","major","B-enum","[major] Owner decision (cycle 2): board reference is a DB enum value; keep Latin in EN surface form, unquoted (front-end বোর্ড / front end টাস্ক / front-end backlog) instead of transliterated ফ্রন্ট-এন্ড.","{natural_language_date} থেকে এখন পর্যন্ত কোনো সময় কি {natural_language_metric} {threshold}-এর চেয়ে {more_or_less} হয়েছিল? হয়ে থাকলে {name}-এর জন্য front-end বোর্ডে 'Improve {natural_language_metric!en}' নামে একটা backlog টাস্ক বানাও, ডেডলাইন আগামী শুক্রবার, আর আগামীকাল আমি সবচেয়ে আগে যখন ফ্রি থাকব তখন আমাদের জন্য 'Discuss {natural_language_metric!en}' নামে 30 মিনিটের একটা মিটিং বুক করো। না হলে তাকে একটা ইমেইল পাঠাও, সাবজেক্ট দাও 'New leads for you', তাতে লেখো '{natural_language_metric!en} looks good, so there are new leads for you', তারপর CRM-এ {assigned_to_first_name}-এর সব lead তাকে দিয়ে দাও"
"T69.v3","major","B-enum","[major] Owner decision (cycle 2): board reference is a DB enum value; keep Latin in EN surface form, unquoted (front-end বোর্ড / front end টাস্ক / front-end backlog) instead of transliterated ফ্রন্ট-এন্ড.","{natural_language_date} থেকে এখন পর্যন্ত কোনো সময় {natural_language_metric} {threshold}-এর চেয়ে {more_or_less} হয়েছিল কি না একটু দেখবে? হয়ে থাকলে front-end বোর্ডের backlog-এ {name}-এর জন্য 'Improve {natural_language_metric!en}' নামে একটা টাস্ক বানাও, যার ডেডলাইন আগামী শুক্রবার, আর আগামীকাল আমি প্রথম যখন পারব তখন আমাদের জন্য 'Discuss {natural_language_metric!en}' নামে আধা ঘণ্টার একটা মিটিং বুক করো। না হলে তাকে 'New leads for you' সাবজেক্টে একটা ইমেইল পাঠাও, লেখো '{natural_language_metric!en} looks good, so there are new leads for you', তারপর CRM-এ {assigned_to_first_name}-এর সব lead তাকে দিয়ে দাও"
