"variant_id","template_id","source_file","template_en","template_bn","notes"
"T01.v1","T01","email","Delete my last email from {name}","{name}-এর পাঠানো আমার শেষ ইমেইলটা ডিলিট করো","'last email' = most recent; rendered শেষ (same ambiguity as EN)"
"T01.v2","T01","email","I need to delete my last email from {name}. Can you do that?","{name}-এর কাছ থেকে আসা আমার শেষ ইমেইলটা ডিলিট করতে হবে। তুমি কি এটা করে দিতে পারবে?",""
"T01.v3","T01","email","{name} just sent me an email that I need to delete. Can you get rid of of the most recent email they sent me?","{name} এইমাত্র আমাকে একটা ইমেইল পাঠিয়েছে, ওটা ডিলিট করতে হবে। ও আমাকে সবচেয়ে সাম্প্রতিক যে ইমেইলটা পাঠিয়েছে, সেটা সরিয়ে ফেলতে পারবে?","EN typo 'of of' dropped; gender-neutral 'they' -> ও"
"T02.v1","T02","email","Delete all my emails from {name} from the last {days} days","গত {days} দিনে {name}-এর কাছ থেকে আসা আমার সব ইমেইল ডিলিট করো",""
"T02.v2","T02","email","All my emails from {name} from the last {days} days need to be deleted. Can you do that?","গত {days} দিনে {name}-এর পাঠানো আমার সব ইমেইল ডিলিট করা দরকার। তুমি কি এটা করে দিতে পারবে?",""
"T02.v3","T02","email","I need to get rid of all my emails from {name} from the last {days} days. Can you do delete them?","গত {days} দিনে {name}-এর কাছ থেকে আসা আমার সব ইমেইল সরিয়ে ফেলতে হবে। ওগুলো ডিলিট করে দিতে পারবে?","EN typo 'do delete' dropped"
"T03.v1","T03","email","Send an email to {name} saying '{body}' and title it '{subject}'","{name}-কে একটা ইমেইল পাঠাও, তাতে লেখা থাকবে '{body!en}', আর সাবজেক্ট দিও '{subject!en}'","'title it' -> সাবজেক্ট (office usage; not in §4 list); body/subject kept English via !en"
"T03.v2","T03","email","I need to send an email to {name} saying '{body}' and title it '{subject}'. Can you do that?","{name}-কে একটা ইমেইল পাঠানো দরকার, যেখানে লেখা থাকবে '{body!en}' আর সাবজেক্ট হবে '{subject!en}'। তুমি কি এটা করে দিতে পারবে?",""
"T03.v3","T03","email","please send an email to {name} saying '{body}' and title it '{subject}'","প্লিজ {name}-কে একটা ইমেইল পাঠিয়ে দাও, তাতে লিখবে '{body!en}' আর সাবজেক্ট রাখবে '{subject!en}'","lowercase casual 'please' -> দয়া করে"
"T04.v1","T04","email","Reply to {name}'s last email about '{subject}' with 'Thanks for the update - I will get back to you tomorrow.'","'{subject!en}' নিয়ে {name}-এর শেষ ইমেইলটায় 'Thanks for the update - I will get back to you tomorrow.' লিখে রিপ্লাই দাও","reply body literal kept English (GT body)"
"T04.v2","T04","email","I need to get back to {name}'s last email about '{subject}' with 'Thanks for the update - I will get back to you tomorrow. Can you send the reply for me?","'{subject!en}' নিয়ে {name}-এর শেষ ইমেইলটার জবাবে 'Thanks for the update - I will get back to you tomorrow.' লিখে পাঠাতে হবে। রিপ্লাইটা আমার হয়ে পাঠিয়ে দিতে পারবে?","EN has an unclosed quote; closed after 'tomorrow.' to match GT body exactly"
"T05.v1","T05","email","Forward all the emails from {name} last week about '{subject}' to {recipient_name}","গত সপ্তাহে '{subject!en}' নিয়ে {name}-এর পাঠানো সব ইমেইল {recipient_name}-কে ফরোয়ার্ড করো",""
"T05.v2","T05","email","can you forward all the emails from {name} last week about '{subject}' to {recipient_name}","গত সপ্তাহে {name} '{subject!en}' নিয়ে যে ইমেইলগুলো পাঠিয়েছিল, সবগুলো {recipient_name}-কে ফরোয়ার্ড করে দিতে পারবে","no '?' mirrors casual lowercase EN without '?'"
"T05.v3","T05","email","{recipient_name} needs all the emails from {name} last week about '{subject}'. Can you forward them?","গত সপ্তাহে '{subject!en}' নিয়ে {name} যত ইমেইল পাঠিয়েছে, সবগুলো {recipient_name}-এর লাগবে। ওগুলো ফরোয়ার্ড করে দিতে পারবে?",""
"T06.v1","T06","email","Forward the latest email about '{subject}' to {recipient_name}","'{subject!en}' নিয়ে সর্বশেষ ইমেইলটা {recipient_name}-কে ফরোয়ার্ড করো",""
"T06.v2","T06","email","can you forward the latest email about '{subject}' to {recipient_name}","'{subject!en}' বিষয়ের সর্বশেষ ইমেইলটা {recipient_name}-কে ফরোয়ার্ড করে দিতে পারবে","no '?' mirrors EN"
"T06.v3","T06","email","{recipient_name} needs the latest email about '{subject}'. Can you forward it?","'{subject!en}' নিয়ে সর্বশেষ ইমেইলটা {recipient_name}-এর লাগবে। ওটা ফরোয়ার্ড করে দিতে পারবে?",""
"T07.v1","T07","email","Forward my most recent email from {sender_name} to {recipient_name}","{sender_name}-এর কাছ থেকে আসা আমার সবচেয়ে সাম্প্রতিক ইমেইলটা {recipient_name}-কে ফরোয়ার্ড করো",""
"T07.v2","T07","email","can you forward my most recent email from {sender_name} to {recipient_name}","{sender_name}-এর পাঠানো আমার সবচেয়ে সাম্প্রতিক ইমেইলটা {recipient_name}-কে ফরোয়ার্ড করে দিতে পারবে","no '?' mirrors EN"
"T07.v3","T07","email","{recipient_name} needs my most recent email from {sender_name}. Can you forward it?","{sender_name}-এর কাছ থেকে আসা আমার সবচেয়ে সাম্প্রতিক ইমেইলটা {recipient_name}-এর লাগবে। ওটা ফরোয়ার্ড করে দিতে পারবে?",""
"T08.v1","T08","email","Forward the last email about '{subject}' to {recipient_name1} and {recipient_name2}","'{subject!en}' নিয়ে শেষ ইমেইলটা {recipient_name1} আর {recipient_name2}-কে ফরোয়ার্ড করো","case marker only on last coordinated name (standard Bangla)"
"T08.v2","T08","email","can you forward the last email about '{subject}' to {recipient_name1} and {recipient_name2}","'{subject!en}' বিষয়ের শেষ ইমেইলটা {recipient_name1} আর {recipient_name2}-কে ফরোয়ার্ড করে দিতে পারবে","no '?' mirrors EN"
"T08.v3","T08","email","{recipient_name1} and {recipient_name2} need the last email about '{subject}'. Can you forward it?","'{subject!en}' নিয়ে শেষ ইমেইলটা {recipient_name1} আর {recipient_name2}-এর লাগবে। ওটা ফরোয়ার্ড করে দিতে পারবে?","subject placed first to avoid reading 'X and Y's last email'"
"T09.v1","T09","email","Reply to the latest email from {sender_name} with 'Got it, thank you!'","{sender_name}-এর কাছ থেকে আসা সর্বশেষ ইমেইলটায় 'Got it, thank you!' লিখে রিপ্লাই দাও",""
"T09.v2","T09","email","I need to reply to the latest email from {sender_name} with 'Got it, thank you!'. Can you do that?","{sender_name}-এর কাছ থেকে আসা সর্বশেষ ইমেইলটার রিপ্লাইয়ে 'Got it, thank you!' লিখতে হবে। তুমি কি এটা করে দিতে পারবে?",""
"T09.v3","T09","email","can you reply to the latest email from {sender_name} with 'Got it, thank you!'","{sender_name}-এর সর্বশেষ ইমেইলটায় 'Got it, thank you!' লিখে রিপ্লাই দিতে পারবে","no '?' mirrors EN"
"T10.v1","T10","calendar","Cancel my first meeting on {natural_language_date}","{natural_language_date} তারিখে আমার প্রথম মিটিংটা বাতিল করো","'তারিখে' after date avoids attaching a case suffix to the rendered month"
"T10.v2","T10","calendar","Delete my first meeting on {natural_language_date}","{natural_language_date} তারিখের আমার প্রথম মিটিংটা ডিলিট করো","Delete -> ডিলিট (vs Cancel -> বাতিল in v1/v3)"
"T10.v3","T10","calendar","can you cancel my first meeting on {natural_language_date}","{natural_language_date} তারিখে আমার প্রথম মিটিংটা বাতিল করে দিতে পারবে","no '?' mirrors EN"
"T11.v1","T11","calendar","Change the name of the last event on {natural_language_date} to {event_name}","{natural_language_date} তারিখের শেষ ইভেন্টটার নাম বদলে {event_name} করো","event_name unquoted in EN; renders raw (no glossary entry)"
"T11.v2","T11","calendar","Can you change the name of the last event on {natural_language_date} to {event_name}","{natural_language_date} তারিখের শেষ ইভেন্টটার নাম বদলে {event_name} করে দিতে পারবে","no '?' mirrors EN"
"T11.v3","T11","calendar","Rename the last event on {natural_language_date} to {event_name}","{natural_language_date} তারিখের শেষ ইভেন্টটার নাম পাল্টে {event_name} রাখো","Rename -> নাম পাল্টে ... রাখো"
"T12.v1","T12","calendar","Push back my first meeting with {name} on {natural_language_date} by {duration}s","{natural_language_date} তারিখে {name}-এর সাথে আমার প্রথম মিটিংটা {duration} পিছিয়ে দাও","'{duration}s' plural s dropped; glossary gives '1.5 ঘণ্টা'/'30 মিনিট'"
"T12.v2","T12","calendar","Delay my first meeting with {name} on {natural_language_date} by {duration}s","{natural_language_date} তারিখে {name}-এর সাথে আমার প্রথম মিটিংটা {duration} পিছাও","Delay -> পিছাও (distinct from v1 পিছিয়ে দাও)"
"T12.v3","T12","calendar","please move my first meeting with {name} on {natural_language_date} by {duration}s","প্লিজ {natural_language_date} তারিখে {name}-এর সাথে আমার প্রথম মিটিংটা {duration} সরিয়ে দাও","'move ... by' keeps EN's unspecified direction (সরিয়ে দাও, not পিছিয়ে)"
"T13.v1","T13","calendar","Cancel the next {event_name} meeting","পরের {event_name} মিটিংটা বাতিল করো",""
"T13.v2","T13","calendar","Can you cancel the next {event_name} meeting","পরের {event_name} মিটিংটা বাতিল করে দিতে পারবে","no '?' mirrors EN"
"T13.v3","T13","calendar","Delete the next {event_name} meeting","পরের {event_name} মিটিংটা ডিলিট করো",""
"T14.v1","T14","calendar","Rename the next {event_name} meeting to {new_event_name}","পরের {event_name} মিটিংটার নাম পাল্টে {new_event_name} রাখো",""
"T14.v2","T14","calendar","Change the name of the next {event_name} meeting to {new_event_name}","পরের {event_name} মিটিংটার নাম বদলে {new_event_name} করো",""
"T14.v3","T14","calendar","can you rename the next {event_name} meeting to {new_event_name}","পরের {event_name} মিটিংটার নাম পাল্টে {new_event_name} রেখে দিতে পারবে","no '?' mirrors EN"
"T15.v1","T15","calendar","Cancel my next meeting with {name}","{name}-এর সাথে আমার পরের মিটিংটা বাতিল করো","cancel→বাতিল করো; delete→ডিলিট করো kept distinct. Register: তুমি-form commands throughout."
"T15.v2","T15","calendar","I need to cancel my next meeting with {name}. Can you do that for me please?","{name}-এর সাথে আমার পরের মিটিংটা বাতিল করতে হবে। তুমি কি এটা করে দিতে পারবে, প্লিজ?",""
"T15.v3","T15","calendar","{name} is off sick. Can you cancel my next meeting with them?","{name} অসুস্থতার জন্য ছুটিতে আছে। ওর সাথে আমার পরের মিটিংটা বাতিল করে দিতে পারবে?","'them'→ওর (gender-neutral)."
"T16.v1","T16","calendar","If I haven't met with {name} in the last {duration} days, schedule a 30-minute meeting called 'catch-up' for my first free slot from tomorrow","গত {duration} দিনে যদি {name}-এর সাথে আমার দেখা না হয়ে থাকে, তাহলে আগামীকাল থেকে আমার প্রথম ফাঁকা স্লটে 'catch-up' নামে একটা 30 মিনিটের মিটিং শিডিউল করো","'catch-up' is a GT event_name literal, kept English in quotes; 'met with'→দেখা হওয়া (not মিটিং) to stay as implicit as EN."
"T16.v2","T16","calendar","I think I might need to catch up with {name}. Can you check if I've met with them in the last {duration} days? If not, schedule a 30-minute meeting for my first free slot from tomorrow","মনে হচ্ছে {name}-এর সাথে একবার কথা বলা দরকার। একটু দেখো তো, গত {duration} দিনে ওর সাথে আমার দেখা হয়েছে কি না? না হয়ে থাকলে আগামীকাল থেকে আমার প্রথম ফাঁকা স্লটে একটা 30 মিনিটের মিটিং শিডিউল করো","No event name in EN, none added."
"T16.v3","T16","calendar","have I met with {name} in the last {duration} days? If not, schedule a 30-minute meeting called 'catch-up' for my first free slot from tomorrow","গত {duration} দিনে কি {name}-এর সাথে আমার দেখা হয়েছে? না হলে আগামীকাল থেকে আমার প্রথম ফাঁকা স্লটে 'catch-up' নামে 30 মিনিটের একটা মিটিং শিডিউল করো",""
"T17.v1","T17","calendar","Cancel my meetings on {next_day} {before_or_after} {natural_language_time}","{next_day} {natural_language_time}টার {before_or_after} আমার মিটিংগুলো বাতিল করো","Time kept bare + টার (no am/pm added), per policy §7.5."
"T17.v2","T17","calendar","Delete my meetings on {next_day} {before_or_after} {natural_language_time}","{next_day} {natural_language_time}টার {before_or_after} আমার যে মিটিংগুলো আছে, সেগুলো ডিলিট করো",""
"T17.v3","T17","calendar","something came up. Can you cancel my meetings on {next_day} {before_or_after} {natural_language_time}?","হঠাৎ একটা কাজ পড়ে গেছে। {next_day} {natural_language_time}টার {before_or_after} আমার মিটিংগুলো বাতিল করে দিতে পারবে?","'something came up'→হঠাৎ একটা কাজ পড়ে গেছে."
"T18.v1","T18","calendar","Cancel all future meetings with {name}","{name}-এর সাথে ভবিষ্যতের সব মিটিং বাতিল করো",""
"T18.v2","T18","calendar","I need to cancel all future meetings with {name}. Can you do that for me please?","{name}-এর সাথে সামনে যত মিটিং আছে, সবগুলো বাতিল করতে হবে। তুমি কি এটা করে দিতে পারবে, প্লিজ?","'future meetings'→সামনে যত মিটিং আছে (upcoming)."
"T18.v3","T18","calendar","{name} is leaving the company. Can you cancel all future meetings with them?","{name} কোম্পানি ছেড়ে চলে যাচ্ছে। ওর সাথে ভবিষ্যতের সব মিটিং বাতিল করে দিতে পারবে?",""
"T19.v1","T19","calendar","Cancel future {event_name} meetings","ভবিষ্যতের {event_name} মিটিংগুলো বাতিল করো","Event names stay raw Latin (not quoted, as in EN)."
"T19.v2","T19","calendar","Delete all the future {event_name} meetings","ভবিষ্যতের সব {event_name} মিটিং ডিলিট করো",""
"T19.v3","T19","calendar","We've decided we don't need any any more {event_name} meetings. Can you cancel all future ones?","আমরা ঠিক করেছি, {event_name} মিটিং আর লাগবে না। সামনে যতগুলো আছে, সব বাতিল করে দিতে পারবে?","EN typo 'any any' not reproduced."
"T20.v1","T20","calendar","Create a {duration} event called {event_name} on {natural_language_date} at {natural_language_time} with {name}","{natural_language_date} {natural_language_time}টায় {name}-এর সাথে {event_name} নামে একটা ইভেন্ট তৈরি করো, সময়কাল {duration}","Duration rendered '1.5 ঘণ্টা'/'30 মিনিট' cannot take genitive -র/-এর cleanly, so phrased as 'সময়কাল {duration}' / '{duration} সময়ের' / '{duration} ধরে চলবে'. Event name unquoted raw (GT literal survives)."
"T20.v2","T20","calendar","I haven't met with {name} in a while. Can you schedule a {duration} event called {event_name} on {natural_language_date} at {natural_language_time}?","অনেকদিন {name}-এর সাথে দেখা হয়নি। {natural_language_date} {natural_language_time}টায় {event_name} নামে {duration} সময়ের একটা ইভেন্ট শিডিউল করে দিতে পারবে?",""
"T20.v3","T20","calendar","I need to catch up with {name}. can you schedule a {duration} event called {event_name} on {natural_language_date} at {natural_language_time}?","{name}-এর সাথে একটু বসা দরকার। {natural_language_date} {natural_language_time}টায় {event_name} নামে একটা ইভেন্ট শিডিউল করে দিতে পারবে? ইভেন্টটা {duration} ধরে চলবে।","'catch up'→একটু বসা (have a sit-down chat). Question split in two sentences to keep duration natural."
"T21.v1","T21","customer_relationship_manager","Update the status of {current_customer_name} to {new_status_natural_language} in the crm","CRM-এ {current_customer_name}-এর স্ট্যাটাস {new_status_natural_language}-এ আপডেট করো","'CRM-এ' is rejected by the checker regex (hyphen joins 'CRM-' as stray Latin), so locative uses 'CRM সিস্টেমে'/'CRM রেকর্ডে' or postposition 'CRM থেকে'. Status enum via slot stays Latin. 'status' is also a GT literal (field=""status"") present in the EN task, so the checker requires it verbatim: kept as quoted field name instead of স্ট্যাটাস (overrides §4 loanword here; owner may want the checker to skip argument-name literals)."
"T21.v2","T21","customer_relationship_manager","We've got a new customer that's moved to {new_status_natural_language} status. Can you update {current_customer_name} to {new_status_natural_language} in the crm?","আমাদের একজন নতুন কাস্টমার {new_status_natural_language} স্ট্যাটাসে চলে গেছে। CRM-এ {current_customer_name}-এর স্ট্যাটাস {new_status_natural_language}-এ আপডেট করে দিতে পারবে?","'status' quoted: GT literal (see T21.v1)."
"T21.v3","T21","customer_relationship_manager","{current_customer_name} has moved to {new_status_natural_language} status. Can you update that in the crm?","{current_customer_name}-এর স্ট্যাটাস এখন {new_status_natural_language}। CRM-এ এটা আপডেট করে দিতে পারবে?","'status' quoted: GT literal (see T21.v1)."
"T22.v1","T22","customer_relationship_manager","Delete {current_customer_name} from the crm","CRM থেকে {current_customer_name}-কে ডিলিট করো",""
"T22.v2","T22","customer_relationship_manager","We no longer need to keep {current_customer_name} in the crm. Can you delete them?","{current_customer_name}-কে আর CRM-এ রাখার দরকার নেই। ডিলিট করে দিতে পারবে?",""
"T22.v3","T22","customer_relationship_manager","{current_customer_name} is no longer a customer. Can you delete them from the crm?","{current_customer_name} আর আমাদের কাস্টমার নেই। CRM থেকে তাকে ডিলিট করে দিতে পারবে?",""
"T23.v1","T23","customer_relationship_manager","Add {new_customer_name} as a new lead in the crm and assign them to {assigned_to_first_name}","{new_customer_name}-কে নতুন lead হিসেবে CRM-এ যোগ করো এবং {assigned_to_first_name}-এর নামে অ্যাসাইন করো","Literal enum word 'lead' (not a slot) kept Latin per §4; quoted because the checker flags bare Latin. 'assign to X'→X-এর নামে অ্যাসাইন (X-কে অ্যাসাইন would be ambiguous)."
"T23.v2","T23","customer_relationship_manager","We've got a new lead called {new_customer_name}. Can you add them to the crm and assign them to {assigned_to_first_name}?","{new_customer_name} নামে একজন নতুন lead এসেছে। তাকে CRM-এ যোগ করে {assigned_to_first_name}-এর নামে অ্যাসাইন করে দিতে পারবে?",""
"T23.v3","T23","customer_relationship_manager","can you add {new_customer_name} to the crm? They're a new lead and need to be assigned to {assigned_to_first_name}","{new_customer_name}-কে কি CRM-এ যোগ করে দিতে পারবে? সে নতুন lead, তাকে {assigned_to_first_name}-এর নামে অ্যাসাইন করতে হবে",""
"T24.v1","T24","customer_relationship_manager","Reassign {current_customer_name} to {assigned_to_first_name} in the crm","CRM-এ {current_customer_name}-কে {assigned_to_first_name}-এর নামে রিঅ্যাসাইন করো",""
"T24.v2","T24","customer_relationship_manager","We're moving {current_customer_name} to {assigned_to_first_name}. Can you make that change in the crm?","{current_customer_name}-এর দায়িত্ব আমরা {assigned_to_first_name}-কে দিচ্ছি। CRM-এ এই পরিবর্তনটা করে দিতে পারবে?","'moving X to Y'→X-এর দায়িত্ব Y-কে দিচ্ছি."
"T24.v3","T24","customer_relationship_manager","{assigned_to_first_name} is taking over {current_customer_name}. Can you reassign them in the crm?","{current_customer_name}-এর দায়িত্ব নিচ্ছে {assigned_to_first_name}। CRM-এ রিঅ্যাসাইন করে দিতে পারবে?","Reordered (new owner last) so two Latin names are not adjacent."
"T25.v1","T25","customer_relationship_manager","Reassign all of {assigned_to_first_name}'s leads that are interested in {natural_language_product_interest} to {new_assigned_to_first_name} in the crm.","CRM-এ {assigned_to_first_name}-এর যেসব lead {natural_language_product_interest}-এ আগ্রহী, সবগুলো {new_assigned_to_first_name}-এর নামে রিঅ্যাসাইন করো।","'leads' = status Lead in GT logic, so kept as quoted enum 'lead'."
"T25.v2","T25","customer_relationship_manager","We're moving all of {assigned_to_first_name}'s leads that are interested in {natural_language_product_interest} to {new_assigned_to_first_name}. Can you make that change in the crm?","{assigned_to_first_name}-এর যেসব lead {natural_language_product_interest}-এ আগ্রহী, সবগুলোর দায়িত্ব আমরা {new_assigned_to_first_name}-কে দিচ্ছি। CRM-এ এই পরিবর্তনটা করে দিতে পারবে?",""
"T25.v3","T25","customer_relationship_manager","{new_assigned_to_first_name} is taking over all of {assigned_to_first_name}'s leads that are interested in {natural_language_product_interest}. Can you reassign them in the crm?","{assigned_to_first_name}-এর যেসব lead {natural_language_product_interest}-এ আগ্রহী, সবগুলোর দায়িত্ব নিচ্ছে {new_assigned_to_first_name}। CRM-এ ওগুলো রিঅ্যাসাইন করে দিতে পারবে?",""
"T26.v1","T26","customer_relationship_manager","Give {new_assigned_to_first_name} all of {assigned_to_first_name}'s customers that are interested in {natural_language_product_interest} and are either qualified or in proposal in the crm","CRM-এ {assigned_to_first_name}-এর যেসব কাস্টমার {natural_language_product_interest}-এ আগ্রহী এবং qualified বা proposal পর্যায়ে আছে, তাদের সবাইকে {new_assigned_to_first_name}-এর হাতে দিয়ে দাও","Literal enums 'qualified'/'proposal' kept Latin, quoted (checker). 'in proposal'→পর্যায়ে আছে."
"T26.v2","T26","customer_relationship_manager","I need to move all of {assigned_to_first_name}'s customers that are interested in {natural_language_product_interest} and are either qualified or in proposal to {new_assigned_to_first_name}. Can you make that change in the crm?","{assigned_to_first_name}-এর যেসব কাস্টমার {natural_language_product_interest}-এ আগ্রহী এবং qualified বা proposal পর্যায়ে আছে, তাদের সবাইকে {new_assigned_to_first_name}-এর কাছে সরাতে হবে। CRM-এ এই পরিবর্তনটা করে দিতে পারবে?",""
"T26.v3","T26","customer_relationship_manager","{new_assigned_to_first_name} is taking over all of {assigned_to_first_name}'s customers that are interested in {natural_language_product_interest} and are either qualified or in proposal. Can you reassign them in the crm?","{assigned_to_first_name}-এর যেসব কাস্টমার {natural_language_product_interest}-এ আগ্রহী এবং qualified বা proposal পর্যায়ে আছে, তাদের সবার দায়িত্ব নিচ্ছে {new_assigned_to_first_name}। CRM-এ তাদের রিঅ্যাসাইন করে দিতে পারবে?",""
"T27.v1","T27","customer_relationship_manager","I need to remove all of {assigned_to_first_name}'s customers that are in the {new_status_natural_language} stage and interested in {natural_language_product_interest} from the crm. Can you make that change?","{assigned_to_first_name}-এর যেসব কাস্টমার {new_status_natural_language} স্টেজে আছে এবং {natural_language_product_interest}-এ আগ্রহী, তাদের সবাইকে CRM থেকে সরিয়ে ফেলতে হবে। এই পরিবর্তনটা করে দিতে পারবে?",""
"T27.v2","T27","customer_relationship_manager","We no longer need to keep all of {assigned_to_first_name}'s customers that are in the {new_status_natural_language} stage and interested in {natural_language_product_interest}. Can you delete them from the crm?","{assigned_to_first_name}-এর যেসব কাস্টমার {new_status_natural_language} স্টেজে আছে এবং {natural_language_product_interest}-এ আগ্রহী, তাদের কাউকেই আর রাখার দরকার নেই। CRM থেকে তাদের ডিলিট করে দিতে পারবে?",""
"T28.v1","T28","customer_relationship_manager","Move all customers that haven't responded to a proposal for the {natural_language_product_interest} product in {weeks} weeks to lost in the crm","{natural_language_product_interest} প্রোডাক্টের প্রপোজালে যেসব কাস্টমার {weeks} সপ্তাহ ধরে কোনো সাড়া দেয়নি, CRM-এ তাদের সবাইকে lost-এ সরিয়ে দাও","Literal enum 'lost' kept Latin, quoted (checker). 'a proposal' is a generic noun here→প্রপোজাল (Bangla script loanword). 'in N weeks'→N সপ্তাহ ধরে."
"T28.v2","T28","customer_relationship_manager","I think there's a few customers that haven't responded to a proposal for the {natural_language_product_interest} product in {weeks} weeks. Can you move them to lost in the crm?","মনে হচ্ছে কয়েকজন কাস্টমার {weeks} সপ্তাহ ধরে {natural_language_product_interest} প্রোডাক্টের প্রপোজালে কোনো সাড়া দেয়নি। CRM-এ তাদের lost-এ সরিয়ে দিতে পারবে?",""
"T28.v3","T28","customer_relationship_manager","We need to move all customers that haven't responded to a proposal for the {natural_language_product_interest} product in {weeks} weeks to lost. Can you update the CRM?","{natural_language_product_interest} প্রোডাক্টের প্রপোজালে {weeks} সপ্তাহ ধরে সাড়া দেয়নি এমন সব কাস্টমারকে lost-এ সরাতে হবে। CRM আপডেট করে দিতে পারবে?",""
"T29.v1","T29","analytics","Can you make a {plot_type} chart of {natural_language_metric} since {natural_language_date}?","{natural_language_date} থেকে {natural_language_metric} দেখিয়ে একটা {plot_type} চার্ট বানাতে পারবে?","Register: তুমি-form imperatives. plot_type canonical Latin via slot; 'since' -> থেকে."
"T29.v2","T29","analytics","Create a {plot_type} chart of {natural_language_metric} since {natural_language_date}","{natural_language_date} থেকে {natural_language_metric}ের একটা {plot_type} চার্ট বানাও","Metric genitive glued as {slot}ের (metrics render মোট ভিজিট/এনগেজড ইউজার/গড় সেশনের সময়কাল, all consonant-final -> ভিজিটের etc.)."
"T29.v3","T29","analytics","Plot {natural_language_metric} since {natural_language_date} as a {plot_type} chart","{natural_language_date} থেকে {natural_language_metric} {plot_type} চার্ট আকারে দেখাও","'Plot X as a Y chart' -> 'Y চার্ট আকারে দেখাও'."
"T30.v1","T30","analytics","Plot the distribution of {natural_language_metric} on {natural_language_date}","{natural_language_date} তারিখের {natural_language_metric}ের ডিস্ট্রিবিউশন চার্টে দেখাও","distribution -> ডিস্ট্রিবিউশন (loanword); histogram not named, as in EN. Metric genitive glued as {slot}ের (metrics render মোট ভিজিট/এনগেজড ইউজার/গড় সেশনের সময়কাল, all consonant-final -> ভিজিটের etc.)."
"T30.v2","T30","analytics","Can you make a histogram of {natural_language_metric} on {natural_language_date}?","{natural_language_date} তারিখের {natural_language_metric} নিয়ে একটা histogram বানাতে পারবে?","Chart-type literal kept in Latin inside quotes ('line'/'bar'/'histogram') because it is a GT plot_type literal present in the EN task and Latin must be quoted."
"T30.v3","T30","analytics","please plot the distribution of the {natural_language_metric} metric on {natural_language_date}","প্লিজ {natural_language_date} তারিখের {natural_language_metric} মেট্রিকটার ডিস্ট্রিবিউশন চার্টে দেখাও","please -> প্লিজ (common in Dhaka office chat); metric -> মেট্রিক."
"T31.v1","T31","analytics","Can you plot the distribution of both {natural_language_metric} and {natural_language_metric_2} between {natural_language_date} and {natural_language_date_max}??","{natural_language_date} থেকে {natural_language_date_max} পর্যন্ত {natural_language_metric} আর {natural_language_metric_2} দুটোরই ডিস্ট্রিবিউশন চার্টে দেখাতে পারবে??","'between A and B' -> 'A থেকে B পর্যন্ত'; double '??' kept as in EN."
"T31.v2","T31","analytics","I need a histogram of {natural_language_metric} and {natural_language_metric_2} between {natural_language_date} and {natural_language_date_max}","{natural_language_date} আর {natural_language_date_max}ের মধ্যে {natural_language_metric} আর {natural_language_metric_2}ের একটা histogram লাগবে","Date genitive glued ({slot}ের -> 13 নভেম্বরের; all months end in র). Singular 'a histogram' kept (একটা). Chart-type literal kept in Latin inside quotes ('line'/'bar'/'histogram') because it is a GT plot_type literal present in the EN task and Latin must be quoted."
"T31.v3","T31","analytics","Please plot for me the distribution of {natural_language_metric} and {natural_language_metric_2} between {natural_language_date} and {natural_language_date_max}","প্লিজ {natural_language_date} থেকে {natural_language_date_max} সময়ের মধ্যে {natural_language_metric} ও {natural_language_metric_2}ের ডিস্ট্রিবিউশন আমাকে চার্টে দেখিয়ে দাও","'for me' -> আমাকে ... দেখিয়ে দাও."
"T32.v1","T32","analytics","If {natural_language_metric} was {more_or_less} than {threshold} at any time since {natural_language_date}, make a line plot of it since then","{natural_language_date} থেকে কোনো এক সময় যদি {natural_language_metric} {threshold}-এর চেয়ে {more_or_less} হয়ে থাকে, তাহলে তখন থেকে এটার একটা line চার্ট বানাও","'since then' -> তখন থেকে (keeps EN ambiguity: the date vs. the moment it crossed). Chart-type literal kept in Latin inside quotes ('line'/'bar'/'histogram') because it is a GT plot_type literal present in the EN task and Latin must be quoted."
"T32.v2","T32","analytics","Can you make a line chart of {natural_language_metric} since {natural_language_date} if it was {more_or_less} than {threshold} since at any time {natural_language_date}?","{natural_language_date} থেকে {natural_language_metric}ের একটা line চার্ট বানাতে পারবে, যদি {natural_language_date} থেকে কোনো সময় এটা {threshold}-এর চেয়ে {more_or_less} হয়ে থাকে?","EN word order 'since at any time {date}' is garbled; rendered with the evident meaning. Chart-type literal kept in Latin inside quotes ('line'/'bar'/'histogram') because it is a GT plot_type literal present in the EN task and Latin must be quoted."
"T32.v3","T32","analytics","was {natural_language_metric} {more_or_less} than {threshold} at any time since {natural_language_date}? If so, please plot it as a line chart","{natural_language_date} থেকে কোনো সময় কি {natural_language_metric} {threshold}-এর চেয়ে {more_or_less} ছিল? যদি তাই হয়, প্লিজ এটা line চার্ট আকারে দেখাও","'If so' -> যদি তাই হয়. Chart-type literal kept in Latin inside quotes ('line'/'bar'/'histogram') because it is a GT plot_type literal present in the EN task and Latin must be quoted."
"T33.v1","T33","analytics","Make bar charts showing {natural_language_metric} and {natural_language_metric_2} since {date_min}","{date_min} থেকে {natural_language_metric} আর {natural_language_metric_2} দেখিয়ে bar চার্ট বানাও","ISO date kept as-is (GT literal). Plural 'charts' left unmarked as is natural in Bangla. Chart-type literal kept in Latin inside quotes ('line'/'bar'/'histogram') because it is a GT plot_type literal present in the EN task and Latin must be quoted."
"T33.v2","T33","analytics","I need bar charts of {natural_language_metric} and {natural_language_metric_2} since {date_min}","{date_min} থেকে {natural_language_metric} আর {natural_language_metric_2}ের bar চার্ট লাগবে","'I need' -> লাগবে. Chart-type literal kept in Latin inside quotes ('line'/'bar'/'histogram') because it is a GT plot_type literal present in the EN task and Latin must be quoted."
"T33.v3","T33","analytics","can you make bar charts of {natural_language_metric} and {natural_language_metric_2} since {date_min}?","{date_min} থেকে {natural_language_metric} ও {natural_language_metric_2}ের bar চার্ট বানিয়ে দিতে পারবে?","Chart-type literal kept in Latin inside quotes ('line'/'bar'/'histogram') because it is a GT plot_type literal present in the EN task and Latin must be quoted."
"T34.v1","T34","analytics","If {natural_language_metric} was {more_or_less} than {threshold} any time in the last {past_n_weeks} weeks, make a line plot of it since then","গত {past_n_weeks} সপ্তাহে কোনো এক সময় যদি {natural_language_metric} {threshold}-এর চেয়ে {more_or_less} হয়ে থাকে, তাহলে তখন থেকে এটার একটা line চার্ট বানাও","'since then' -> তখন থেকে (ambiguity kept). Chart-type literal kept in Latin inside quotes ('line'/'bar'/'histogram') because it is a GT plot_type literal present in the EN task and Latin must be quoted."
"T34.v2","T34","analytics","Can you make a line chart of {natural_language_metric} since the last {past_n_weeks} weeks if it was {more_or_less} than {threshold} at any time in the last {past_n_weeks} weeks?","গত {past_n_weeks} সপ্তাহ ধরে {natural_language_metric}ের একটা line চার্ট বানাতে পারবে, যদি গত {past_n_weeks} সপ্তাহে কখনো এটা {threshold}-এর চেয়ে {more_or_less} হয়ে থাকে?","EN 'since the last N weeks' -> 'গত N সপ্তাহ ধরে'. Chart-type literal kept in Latin inside quotes ('line'/'bar'/'histogram') because it is a GT plot_type literal present in the EN task and Latin must be quoted."
"T34.v3","T34","analytics","Was {natural_language_metric} {more_or_less} than {threshold} at any time in the last {past_n_weeks} weeks? If so, please plot it as a line chart","গত {past_n_weeks} সপ্তাহে কোনো সময় কি {natural_language_metric} {threshold}-এর চেয়ে {more_or_less} ছিল? যদি তাই হয়, প্লিজ এটার একটা line চার্ট বানাও","Chart-type literal kept in Latin inside quotes ('line'/'bar'/'histogram') because it is a GT plot_type literal present in the EN task and Latin must be quoted."
"T35.v1","T35","analytics","If {natural_language_metric} is more than {natural_language_growth_threshold} {higher_or_lower} than {natural_language_date}, make a line plot of it since then","যদি {natural_language_metric} {natural_language_date} তারিখের তুলনায় {higher_or_lower} হয় এবং পার্থক্যটা {natural_language_growth_threshold}-এর বেশি হয়, তাহলে তখন থেকে এটার একটা line চার্ট বানাও","'more than G higher/lower' split into '{higher_or_lower} হয় এবং পার্থক্য G-এর বেশি' to avoid 'বেশি বেশি'/'বেশি কম'. Chart-type literal kept in Latin inside quotes ('line'/'bar'/'histogram') because it is a GT plot_type literal present in the EN task and Latin must be quoted."
"T35.v2","T35","analytics","Can you make a line chart of {natural_language_metric} since {natural_language_date} if it was more than {natural_language_growth_threshold} {higher_or_lower} than {natural_language_date}?","{natural_language_date} থেকে {natural_language_metric}ের একটা line চার্ট বানাতে পারবে, যদি এটা {natural_language_date} তারিখের তুলনায় {higher_or_lower} হয়ে থাকে আর ব্যবধানটা {natural_language_growth_threshold}-এর বেশি হয়?","Comparator split as in T35.v1. Chart-type literal kept in Latin inside quotes ('line'/'bar'/'histogram') because it is a GT plot_type literal present in the EN task and Latin must be quoted."
"T35.v3","T35","analytics","Is {natural_language_metric} more than {natural_language_growth_threshold} {higher_or_lower} than {natural_language_date}? If so, please plot it as a line chart","{natural_language_metric} কি {natural_language_date} তারিখের তুলনায় {higher_or_lower}, তাও {natural_language_growth_threshold}-এর বেশি ব্যবধানে? যদি তাই হয়, প্লিজ এটা line চার্ট আকারে দেখাও","'more than G higher' -> '{higher_or_lower}, তাও G-এর বেশি ব্যবধানে' (avoids 'বেশি ব্যবধানে বেশি'). No 'since then' (as in EN). Chart-type literal kept in Latin inside quotes ('line'/'bar'/'histogram') because it is a GT plot_type literal present in the EN task and Latin must be quoted."
"T36.v1","T36","analytics","If {natural_language_metric} is more than {natural_language_growth_threshold} {higher_or_lower} than it was on {day_of_week}, make a line plot of it since then","{day_of_week} যা ছিল তার চেয়ে {natural_language_metric} যদি {higher_or_lower} হয় আর পার্থক্যটা {natural_language_growth_threshold}-এর বেশি হয়, তাহলে তখন থেকে এটার একটা line চার্ট বানাও","'than it was on {dow}' -> '{dow} যা ছিল তার চেয়ে'. Chart-type literal kept in Latin inside quotes ('line'/'bar'/'histogram') because it is a GT plot_type literal present in the EN task and Latin must be quoted."
"T36.v2","T36","analytics","Can you make a line chart of {natural_language_metric} since {day_of_week} if it is more than {natural_language_growth_threshold} {higher_or_lower} than {day_of_week}?","{day_of_week} থেকে {natural_language_metric}ের একটা line চার্ট বানাতে পারবে, যদি এটা {day_of_week}ের তুলনায় {higher_or_lower} হয় আর ব্যবধান {natural_language_growth_threshold} ছাড়িয়ে যায়?","'more than G' -> 'ব্যবধান G ছাড়িয়ে যায়' (exceeds). Weekday genitive glued ({day_of_week}ের -> রবিবারের). Chart-type literal kept in Latin inside quotes ('line'/'bar'/'histogram') because it is a GT plot_type literal present in the EN task and Latin must be quoted."
"T36.v3","T36","analytics","Is {natural_language_metric} more than {natural_language_growth_threshold} {higher_or_lower} than it was on {day_of_week}? If so, please plot it as a line chart since then","{natural_language_metric} কি {day_of_week} যা ছিল তার চেয়ে {higher_or_lower}, আর ফারাকটা কি {natural_language_growth_threshold}-এর বেশি? যদি তাই হয়, প্লিজ তখন থেকে এটা line চার্ট আকারে দেখাও","Chart-type literal kept in Latin inside quotes ('line'/'bar'/'histogram') because it is a GT plot_type literal present in the EN task and Latin must be quoted."
"T37.v1","T37","analytics","If {natural_language_metric} on {day_of_week} was more than {natural_language_growth_threshold} {higher_or_lower} than it was the previous {day_of_week}, make a line plot of it over that period.","{day_of_week}ের {natural_language_metric} যদি তার আগের {day_of_week}ের চেয়ে {higher_or_lower} হয়ে থাকে এবং পার্থক্যটা {natural_language_growth_threshold}-এর বেশি হয়, তাহলে ওই সময়টুকুর জন্য এটার একটা line চার্ট বানাও।","'the previous {dow}' -> 'তার আগের {dow}'; 'over that period' -> ওই সময়টুকুর জন্য. Chart-type literal kept in Latin inside quotes ('line'/'bar'/'histogram') because it is a GT plot_type literal present in the EN task and Latin must be quoted."
"T37.v2","T37","analytics","Was {natural_language_metric} on {day_of_week} more than {natural_language_growth_threshold} {higher_or_lower} than it was the previous {day_of_week}? If so, please plot it as a line chart","{day_of_week}ের {natural_language_metric} কি আগের {day_of_week}ের তুলনায় {higher_or_lower} ছিল, তাও {natural_language_growth_threshold}-এর বেশি ব্যবধানে? যদি তাই হয়, প্লিজ এটা line চার্ট আকারে দেখাও","Chart-type literal kept in Latin inside quotes ('line'/'bar'/'histogram') because it is a GT plot_type literal present in the EN task and Latin must be quoted."
"T37.v3","T37","analytics","make a line chart of {natural_language_metric} over the period from {day_of_week} to the previous {day_of_week} if it was more than {natural_language_growth_threshold} {higher_or_lower} on {day_of_week} than it was the previous {day_of_week}","{day_of_week} থেকে তার আগের {day_of_week} পর্যন্ত সময়ের {natural_language_metric}ের একটা line চার্ট বানাও, যদি {day_of_week}ের মান তার আগের {day_of_week}ের চেয়ে {higher_or_lower} হয়ে থাকে আর ব্যবধানটা {natural_language_growth_threshold}-এর বেশি হয়","EN's odd 'from {dow} to the previous {dow}' order kept. 'on {dow}' -> '{dow}ের মান' (value). Chart-type literal kept in Latin inside quotes ('line'/'bar'/'histogram') because it is a GT plot_type literal present in the EN task and Latin must be quoted."
"T38.v1","T38","analytics","Can you check the percent growth of {natural_language_metric} since {day_of_week}? If it grew by more than {natural_language_metric_2}, plot both lines since then","{day_of_week} থেকে {natural_language_metric} শতকরা কত বেড়েছে, একটু চেক করে দেখতে পারবে? যদি এটা {natural_language_metric_2}ের চেয়ে বেশি বেড়ে থাকে, তাহলে তখন থেকে দুটোরই line চার্ট দেখাও","'plot both lines' -> 'দুটোর লাইনই চার্টে দেখাও' (লাইন transliterated; no GT plot_type literal in these rows)."
"T38.v2","T38","analytics","Check the percent growth of {natural_language_metric} since {day_of_week}. If it grew by more than {natural_language_metric_2}, plot both lines since then","{day_of_week} থেকে {natural_language_metric}ের পার্সেন্ট গ্রোথ চেক করো। এটা যদি {natural_language_metric_2}ের চেয়ে বেশি বেড়ে থাকে, তাহলে তখন থেকে দুটোরই line চার্টে দেখাও","'percent growth' -> পার্সেন্ট গ্রোথ (office jargon) to differ from v1's শতকরা কত বেড়েছে."
"T38.v3","T38","analytics","if {natural_language_metric} grew by more than {natural_language_metric_2} since {day_of_week}, make a line plot of both since then","{day_of_week} থেকে {natural_language_metric} যদি {natural_language_metric_2}ের চেয়ে বেশি বেড়ে থাকে, তাহলে তখন থেকে দুটোরই line চার্ট বানাও","Chart-type literal kept in Latin inside quotes ('line'/'bar'/'histogram') because it is a GT plot_type literal present in the EN task and Latin must be quoted."
"T39.v1","T39","analytics","Can you make a line plot of the {most_or_least} popular traffic source since {natural_language_date}?","{natural_language_date} থেকে {most_or_least} জনপ্রিয় ট্রাফিক সোর্সের একটা line চার্ট বানাতে পারবে?","traffic source -> ট্রাফিক সোর্স; {most_or_least} renders সবচেয়ে বেশি জনপ্রিয়. Chart-type literal kept in Latin inside quotes ('line'/'bar'/'histogram') because it is a GT plot_type literal present in the EN task and Latin must be quoted."
"T39.v2","T39","analytics","Make a line plot of the {most_or_least} popular traffic source since {natural_language_date}","{natural_language_date} থেকে যে ট্রাফিক সোর্সটা {most_or_least} জনপ্রিয়, সেটার একটা line চার্ট বানাও","Chart-type literal kept in Latin inside quotes ('line'/'bar'/'histogram') because it is a GT plot_type literal present in the EN task and Latin must be quoted."
"T39.v3","T39","analytics","plot the {most_or_least} popular traffic source since {natural_language_date}","{natural_language_date} থেকে {most_or_least} জনপ্রিয় ট্রাফিক সোর্সটা চার্টে দেখাও","EN names no chart type here, so none added."
"T40.v1","T40","analytics","If we got more traffic from {traffic_source_1} than {traffic_source_2} during the last {n_weeks} weeks, make bar charts of both over that period","গত {n_weeks} সপ্তাহে যদি {traffic_source_1} থেকে {traffic_source_2}-এর চেয়ে বেশি ট্রাফিক এসে থাকে, তাহলে ওই সময়ের জন্য দুটোরই bar চার্ট বানাও","Traffic sources are canonical Latin enums with hyphenated case markers. Chart-type literal kept in Latin inside quotes ('line'/'bar'/'histogram') because it is a GT plot_type literal present in the EN task and Latin must be quoted."
"T40.v2","T40","analytics","Make bar charts of {traffic_source_1} and {traffic_source_2} over the last {n_weeks} weeks if we got more traffic from {traffic_source_1} than {traffic_source_2}","গত {n_weeks} সপ্তাহের {traffic_source_1} আর {traffic_source_2}-এর bar চার্ট বানাও, যদি {traffic_source_1} থেকে {traffic_source_2}-এর চেয়ে বেশি ট্রাফিক এসে থাকে","Chart-type literal kept in Latin inside quotes ('line'/'bar'/'histogram') because it is a GT plot_type literal present in the EN task and Latin must be quoted."
"T40.v3","T40","analytics","did we get more traffic from {traffic_source_1} than {traffic_source_2} during the last {n_weeks} weeks? If so, make bar charts of both over that period","গত {n_weeks} সপ্তাহে কি আমাদের {traffic_source_1} থেকে {traffic_source_2}-এর চেয়ে বেশি ট্রাফিক এসেছে? এসে থাকলে, ওই সময়ের জন্য দুটোরই bar চার্ট বানাও","'If so' -> এসে থাকলে. Chart-type literal kept in Latin inside quotes ('line'/'bar'/'histogram') because it is a GT plot_type literal present in the EN task and Latin must be quoted."
"T41.v1","T41","project_management","Move all of {name}'s tasks that are in progress to in review","{name}-এর যেসব টাস্ক in progress-এ আছে, সবগুলো in review-এ সরিয়ে দাও","List/status names kept Latin in quotes (DB list_name enums, §4 spirit; Latin must be quoted). Harmonise with other batches' list-name choice."
"T41.v2","T41","project_management","can you move all of {name}'s tasks that are in progress to in review?","{name}-এর in progress-এ থাকা সব টাস্ক in review-এ সরিয়ে দিতে পারবে?","Same list-name treatment as T41.v1."
"T42.v1","T42","project_management","Add a new task to the {board} backlog called {task_name} and assign it to {name}. It's due on {natural_language_due_date}.","{board}-এর backlog-এ {task_name} নামে একটা নতুন টাস্ক যোগ করো, আর এটা {name}-কে অ্যাসাইন করো। এর ডেডলাইন {natural_language_due_date}।","backlog -> ব্যাকলগ (loanword; EN uses it generically, lowercase, so not a GT literal); assign -> অ্যাসাইন; task_name left unquoted as in EN."
"T42.v2","T42","project_management","I need to add a new task to the {board} backlog called {task_name} and assign it to {name}. It's due on {natural_language_due_date}. Can you do that?","{board}-এর backlog-এ {task_name} নামে একটা নতুন টাস্ক যোগ করে {name}-কে অ্যাসাইন করতে হবে। ডেডলাইন {natural_language_due_date}। এটা করে দিতে পারবে?","'I need to ...' -> '... করতে হবে'."
"T42.v3","T42","project_management","can you add a new task called {task_name} to the {board} backlog and assign it to {name}? It's due on {natural_language_due_date}.","{task_name} নামে একটা নতুন টাস্ক {board}-এর backlog-এ যোগ করে {name}-কে অ্যাসাইন করে দিতে পারবে? এটার ডেডলাইন {natural_language_due_date}।","EN order (task name first) kept."
"T43.v1","T43","project_management","Move all of {name}'s overdue tasks in the backlog to in progress","backlog-এ {name}-এর যত টাস্কের ডেডলাইন পেরিয়ে গেছে, সবগুলো in progress-এ সরিয়ে দাও","List names (backlog/in progress/in review/completed) transliterated into Bengali script (ব্যাকলগ, ইন প্রোগ্রেস, ইন রিভিউ, কমপ্লিটেড) because the checker forbids Latin outside quotes/slots; agent must map to list enum. overdue -> 'ডেডলাইন পেরিয়ে যাওয়া/গেছে' throughout."
"T43.v2","T43","project_management","can you move all of {name}'s overdue tasks in the backlog to in progress?","{name}-এর যেসব টাস্ক backlog-এ পড়ে আছে আর ডেডলাইন পেরিয়ে গেছে, সবগুলো in progress-এ সরিয়ে দিতে পারবে?","Question form for 'can you'."
"T43.v3","T43","project_management","{name} has a bunch of overdue tasks in the backlog. Can you move them to in progress?","backlog-এ {name}-এর বেশ কিছু টাস্কের ডেডলাইন পেরিয়ে গেছে। ওগুলো in progress-এ সরিয়ে দিতে পারবে?","'a bunch of' -> 'বেশ কিছু'."
"T44.v1","T44","project_management","Move any of {name}'s tasks that are in review to completed","{name}-এর যেসব টাস্ক in review-এ আছে, সেগুলো completed-এ সরিয়ে দাও","'any of' -> 'যেসব ... সেগুলো' (all matching, as EN intends)."
"T44.v2","T44","project_management","I've finished reviewing all of {name}'s tasks. Can you move all the ones that are in review to completed?","আমি {name}-এর সব টাস্ক রিভিউ করে ফেলেছি। যেগুলো এখনো in review-এ আছে, সবগুলো completed-এ সরিয়ে দিতে পারবে?","Speaker as reviewer implied ('রিভিউ করা শেষ'); 'এখনো' added for naturalness only."
"T44.v3","T44","project_management","can you move any of {name}'s tasks that are in review to completed?","{name}-এর যে টাস্কগুলো in review-এ আছে, সেগুলো completed-এ মুভ করে দিতে পারবে?","'মুভ করে দাও' used for variety vs v1 'সরিয়ে দাও'."
"T45.v1","T45","project_management","{name_1} is sick so reassign their in progress tasks to {name_2}.","{name_1} অসুস্থ, তাই তার in progress-এ থাকা টাস্কগুলো {name_2}-কে রিঅ্যাসাইন করে দাও।","reassign -> 'রিঅ্যাসাইন করা' (office loanword); 'their' -> gender-neutral 'তার'."
"T45.v2","T45","project_management","I need to reassign all of {name_1}'s in progress tasks to {name_2}. Can you do that?","{name_1}-এর in progress-এ থাকা সব টাস্ক {name_2}-কে রিঅ্যাসাইন করতে হবে। করে দিতে পারবে?",""
"T45.v3","T45","project_management","can you reassign all of {name_1}'s in progress tasks to {name_2}?","{name_1}-এর in progress-এর সব টাস্ক {name_2}-এর নামে রিঅ্যাসাইন করে দিতে পারবে?","'-এর নামে' variant of assignee marking."
"T46.v1","T46","project_management","{name_1} is on vacation now so move all the tasks they are currently working on to the backlog.","{name_1} এখন ছুটিতে আছে, তাই সে এই মুহূর্তে যেসব টাস্কে কাজ করছে সবগুলো backlog-এ সরিয়ে দাও।","'currently working on' kept as descriptive (not naming the In Progress list), same ambiguity as EN."
"T46.v2","T46","project_management","can you move all the tasks {name_1} is currently working on to the backlog?","{name_1} এখন যেসব টাস্কে কাজ করছে, সবগুলো backlog-এ সরিয়ে দিতে পারবে?",""
"T46.v3","T46","project_management","{name_1} needs a break - move everything they are actively working on to the backlog","{name_1}-এর একটু বিরতি দরকার - সে এখন যা যা নিয়ে কাজ করছে, সব backlog-এ সরিয়ে দাও","'actively working on' -> 'এখন যা যা নিয়ে কাজ করছে'."
"T47.v1","T47","project_management","Give all the overdue tasks that {name_1} hasn't started to {name_2}.","{name_1} যেসব টাস্ক এখনো শুরু করেনি আর যেগুলোর ডেডলাইন পেরিয়ে গেছে, সেগুলো সব {name_2}-কে দিয়ে দাও।","'give' -> 'দিয়ে দাও' (plain, as EN does not say reassign)."
"T47.v2","T47","project_management","can you give all of {name_1}'s overdue tasks that they haven't started to {name_2}?","{name_1}-এর ডেডলাইন পেরিয়ে যাওয়া যে টাস্কগুলো সে এখনো শুরু করেনি, সবগুলো {name_2}-কে দিয়ে দিতে পারবে?",""
"T47.v3","T47","project_management","{name_2} has some free time so can you give them all of {name_1}'s overdue tasks that they haven't started?","{name_2}-এর হাতে এখন কিছুটা সময় আছে, তাই ওকে {name_1}-এর ডেডলাইন পেরিয়ে যাওয়া যে টাস্কগুলো এখনো শুরু হয়নি, সবগুলো দিয়ে দিতে পারবে?","'them' -> 'ওকে' placed before name_1 so it binds to name_2; 'they haven't started' -> passive 'শুরু হয়নি'."
"T48.v1","T48","project_management","Take {name_1}'s most urgent task and reassign it to {name_2}.","{name_1}-এর সবচেয়ে জরুরি টাস্কটা নিয়ে {name_2}-কে রিঅ্যাসাইন করে দাও।","most urgent -> 'সবচেয়ে জরুরি' (left vague as in EN)."
"T48.v2","T48","project_management","I need to take {name_1}'s most urgent task and reassign it to {name_2}. Can you do that?","{name_1}-এর সবচেয়ে জরুরি টাস্কটা {name_2}-কে রিঅ্যাসাইন করতে হবে। করে দিতে পারবে?",""
"T48.v3","T48","project_management","can you take {name_1}'s most urgent task and reassign it to {name_2}?","{name_1}-এর সবচেয়ে জরুরি টাস্কটা নিয়ে {name_2}-কে রিঅ্যাসাইন করে দিতে পারবে?",""
"T49.v1","T49","multi_domain","If we haven't spoke to {current_customer_name} in the past fortnight book a 30-minute meeting with whoever is assigned to them called 'Update on {current_customer_name}' at the first time I'm free tomorrow","গত দুই সপ্তাহে যদি {current_customer_name}-এর সাথে আমাদের কথা না হয়ে থাকে, তাহলে যাকে ওই কাস্টমারের দায়িত্ব দেওয়া আছে, তার সাথে আগামীকাল আমার প্রথম ফাঁকা সময়ে 'Update on {current_customer_name!en}' নামে একটা 30 মিনিটের মিটিং বুক করো","Quoted event name kept English with {current_customer_name!en}. 'fortnight' -> 'দুই সপ্তাহ' (word, no digit). 'them' for customer -> respectful 'তাদের'."
"T49.v2","T49","multi_domain","I haven't spoken to {current_customer_name} in a while. Can you check if it's been over 14 days? If so, book a 30-minute meeting with whoever is assigned to them called 'Update on {current_customer_name}' at the first time I'm free tomorrow","{current_customer_name}-এর সাথে অনেকদিন কথা হয়নি। একটু দেখবে, 14 দিনের বেশি হয়ে গেছে কিনা? হয়ে থাকলে, ওই কাস্টমার যার নামে অ্যাসাইন করা আছে তার সাথে আগামীকাল আমি প্রথম যখন ফাঁকা থাকব, তখন 'Update on {current_customer_name!en}' নামে একটা 30 মিনিটের মিটিং বুক করো",""
"T49.v3","T49","multi_domain","If we haven't spoken to {current_customer_name} in the past 2 weeks, book a half hour meeting with whoeveris assigned to them called 'Update on {current_customer_name}' at the first time I'm free tomorrow","গত 2 সপ্তাহে যদি {current_customer_name}-এর সাথে আমাদের কথা না হয়ে থাকে, তাহলে ওই কাস্টমারের দায়িত্বে যে আছে তার সাথে আগামীকাল আমার প্রথম ফাঁকা সময়ে 'Update on {current_customer_name!en}' নামে একটা আধা ঘণ্টার মিটিং বুক করো","'half hour' -> 'আধা ঘণ্টা'; EN typo 'whoeveris' not reproduced."
"T50.v1","T50","multi_domain"," Add {new_customer_name} as a new lead in the crm and assign them to the person with the fewest tasks assigned to them","CRM-এ {new_customer_name}-কে নতুন lead হিসেবে যোগ করো, আর যার নামে সবচেয়ে কম টাস্ক অ্যাসাইন করা আছে, তাকেই এই lead-টা অ্যাসাইন করে দাও","'lead' literal text -> 'লিড' (checker forbids Latin outside quotes; conflicts with policy §4 'lead (enum)', which applies to slot values). 'CRM এ' without hyphen because checker regex flags 'CRM-' (suggest allowlisting). Leading space of EN not reproduced."
"T50.v2","T50","multi_domain","Can you find the person with the fewest tasks assigned to them and assign {new_customer_name} to them as a new lead in the crm?","কার নামে সবচেয়ে কম টাস্ক অ্যাসাইন করা আছে খুঁজে বের করে, CRM-এ {new_customer_name}-কে নতুন lead হিসেবে তার নামে অ্যাসাইন করে দিতে পারবে?",""
"T50.v3","T50","multi_domain","I need to add {new_customer_name} as a new lead in the crm. Can you assign them to the person with the fewest tasks assigned to them?","CRM-এ {new_customer_name}-কে নতুন lead হিসেবে যোগ করতে হবে। যার নামে সবচেয়ে কম টাস্ক অ্যাসাইন করা আছে, তার নামে অ্যাসাইন করে দিতে পারবে?",""
"T51.v1","T51","multi_domain","Find the email from {natural_language_email_date} about {subject} and schedule a {natural_language_duration} meeting called '{subject}' at {natural_language_time} with the sender for {natural_language_event_date}.","{natural_language_email_date} তারিখে {subject} নিয়ে আসা ইমেইলটা খুঁজে বের করো, তারপর যে পাঠিয়েছে তার সাথে {natural_language_event_date} {natural_language_time}টায় '{subject!en}' নামে একটা {natural_language_duration}ব্যাপী মিটিং শিডিউল করো।","Subject unquoted (as EN) but raw English via {subject!en}. 'X তারিখের' avoids hyphen on Bangla month. Duration suffix 'ব্যাপী' works for both ঘণ্টা/মিনিট. Time -> '{t}টায়' (policy §7.5)."
"T51.v2","T51","multi_domain","Can you find the email from {natural_language_email_date} about '{subject}' and schedule a {natural_language_duration} meeting called '{subject}' at {natural_language_time} with the sender for {natural_language_event_date}?","{natural_language_email_date} তারিখের '{subject!en}' বিষয়ের ইমেইলটা খুঁজে বের করে, যে পাঠিয়েছে তার সাথে {natural_language_event_date} {natural_language_time}টায় '{subject!en}' নামে একটা {natural_language_duration}ব্যাপী মিটিং শিডিউল করে দিতে পারবে?",""
"T51.v3","T51","multi_domain","I need to schedule a {natural_language_duration} meeting called '{subject}' at {natural_language_time} for {natural_language_event_date}. It's with the sender of the email from {natural_language_email_date} about '{subject}'. Can you do that?","{natural_language_event_date} {natural_language_time}টায় '{subject!en}' নামে একটা {natural_language_duration}ব্যাপী মিটিং শিডিউল করতে হবে। মিটিংটা হবে {natural_language_email_date} তারিখের '{subject!en}' বিষয়ের ইমেইলটা যে পাঠিয়েছে তার সাথে। করে দিতে পারবে?",""
"T52.v1","T52","multi_domain","Send an email to attendees of the first event on {natural_language_event_date}. Title it with the event name and tell them 'Remember to attend this event.'","{natural_language_event_date} তারিখের প্রথম ইভেন্টের অংশগ্রহণকারীদের একটা ইমেইল পাঠাও। সাবজেক্ট হিসেবে ইভেন্টের নামটা দাও, আর ইমেইলে তাদের লিখে দাও 'Remember to attend this event.'","attendees -> 'অংশগ্রহণকারী'; title -> 'টাইটেল' (EN says title, not subject). Body literal kept English."
"T52.v2","T52","multi_domain","Can you send an email to attendees of the first event on {natural_language_event_date}? Title it with the event name and tell them 'Remember to attend this event.'","{natural_language_event_date} তারিখের প্রথম ইভেন্টের অংশগ্রহণকারীদের একটা ইমেইল পাঠাতে পারবে? সাবজেক্টে ইভেন্টের নামটা দিও, আর তাদের বলে দাও 'Remember to attend this event.'",""
"T52.v3","T52","multi_domain","I need to make sure everyone remembers to attend the first event on {natural_language_event_date}. Can you send an email to the attendees with the event name as the title and 'Remember to attend this event.' in the email?","{natural_language_event_date} তারিখের প্রথম ইভেন্টে সবাই যেন আসার কথা মনে রাখে, সেটা নিশ্চিত করতে চাই। অংশগ্রহণকারীদের একটা ইমেইল পাঠাতে পারবে? সাবজেক্ট হবে ইভেন্টের নাম, আর ইমেইলে লেখা থাকবে 'Remember to attend this event.'","EN single question split into two sentences for natural Bangla."
"T53.v1","T53","multi_domain","If {sender_name} hasn't sent me any emails in the past {days} days, schedule a 30 minute meeting with them for {day_of_week} at {natural_language_time} called 'Catch up with {sender_name}'","গত {days} দিনে যদি {sender_name} আমাকে কোনো ইমেইল না পাঠিয়ে থাকে, তাহলে {day_of_week} {natural_language_time}টায় তার সাথে 'Catch up with {sender_name!en}' নামে একটা 30 মিনিটের মিটিং শিডিউল করো","Event name quoted English with {sender_name!en}; weekday from glossary; time bare + 'টায়' (no am/pm added)."
"T53.v2","T53","multi_domain","I can't remember the last time I heard from {sender_name}. Can you check if they've sent me any emails in the past {days} days? If not, schedule a 30 minute meeting with them for {day_of_week} at {natural_language_time} called 'Catch up with {sender_name}'","শেষ কবে {sender_name}-এর কোনো খবর পেয়েছি, মনে পড়ছে না। একটু দেখবে, গত {days} দিনে সে আমাকে কোনো ইমেইল পাঠিয়েছে কিনা? না পাঠালে, {day_of_week} {natural_language_time}টায় তার সাথে 'Catch up with {sender_name!en}' নামে একটা 30 মিনিটের মিটিং শিডিউল করো",""
"T53.v3","T53","multi_domain","if {sender_name} hasn't sent me any emails in the past {days} days, schedule a half hour meeting with them for {day_of_week} at {natural_language_time} and call it 'Catch up with {sender_name}'","গত {days} দিনে {sender_name} যদি আমাকে কোনো ইমেইল না পাঠিয়ে থাকে, তাহলে {day_of_week} {natural_language_time}টায় তার সাথে একটা আধা ঘণ্টার মিটিং শিডিউল করো, আর নাম দাও 'Catch up with {sender_name!en}'",""
"T54.v1","T54","multi_domain","If I haven't met with {name} in the past {days} days, send them an email titled 'Catch up soon?' saying 'We haven't caught up in a while - can you send some availability over next week?'","গত {days} দিনে যদি {name}-এর সাথে আমার কোনো মিটিং না হয়ে থাকে, তাহলে তাকে “Catch up soon?” সাবজেক্ট দিয়ে একটা ইমেইল পাঠাও, তাতে লেখো “We haven't caught up in a while - can you send some availability over next week?”","Curly double quotes used in T54 because the body contains an apostrophe (haven't) that breaks the checker's '...' quote matching; literal text unchanged."
"T54.v2","T54","multi_domain","I haven't met with {name} in a while. if it's been longer than {days} days can you send them an email titled 'Catch up soon?' saying 'We haven't caught up in a while - can you send some availability over next week?'","{name}-এর সাথে অনেকদিন মিটিং হয়নি। যদি {days} দিনের বেশি হয়ে থাকে, তাহলে তাকে একটা ইমেইল পাঠাতে পারবে? সাবজেক্ট হবে “Catch up soon?”, আর লেখা থাকবে “We haven't caught up in a while - can you send some availability over next week?”","Curly quotes (see v1)."
"T54.v3","T54","multi_domain","can't remember the last time I met with {name}. Can you check if it's been over {days} days? If so, send them an email titled 'Catch up soon?' saying 'We haven't caught up in a while - can you send some availability over next week?'","শেষ কবে {name}-এর সাথে মিটিং করেছি, মনে পড়ছে না। একটু দেখবে, {days} দিনের বেশি হয়ে গেছে কিনা? হয়ে থাকলে তাকে “Catch up soon?” সাবজেক্ট দিয়ে একটা ইমেইল পাঠাও, তাতে লেখো “We haven't caught up in a while - can you send some availability over next week?”","Curly quotes (see v1)."
"T55.v1","T55","multi_domain","If I don't have any meetings scheduled with {name} in the next {days} days, send them an email titled 'Catch up soon?' saying 'We have not caught up in a while - can you send some availability over next week?'","আগামী {days} দিনে যদি {name}-এর সাথে আমার কোনো মিটিং শিডিউল করা না থাকে, তাহলে তাকে 'Catch up soon?' সাবজেক্ট দিয়ে একটা ইমেইল পাঠাও, তাতে লেখো 'We have not caught up in a while - can you send some availability over next week?'","তুমি-form imperative register."
"T55.v2","T55","multi_domain","Did I already schedule a meeting with {name} in the next {days} days? If not, send them an email titled 'Catch up soon?' saying 'We have not caught up in a while - can you send some availability over next week?'","আগামী {days} দিনের মধ্যে {name}-এর সাথে আমি কি আগেই কোনো মিটিং শিডিউল করে রেখেছি? না করে থাকলে, তাকে 'Catch up soon?' সাবজেক্ট দিয়ে একটা ইমেইল পাঠাও, তাতে লেখো 'We have not caught up in a while - can you send some availability over next week?'",""
"T55.v3","T55","multi_domain","I need to check if I have any meetings scheduled with {name} in the next {days} days. If not, send them an email titled 'Catch up soon?' saying 'We have not caught up in a while - can you send some availability over next week?'","আগামী {days} দিনে {name}-এর সাথে আমার কোনো মিটিং শিডিউল করা আছে কিনা, দেখতে হবে। না থাকলে, তাকে 'Catch up soon?' সাবজেক্ট দিয়ে একটা ইমেইল পাঠাও, যেখানে লেখা থাকবে 'We have not caught up in a while - can you send some availability over next week?'",""
"T56.v1","T56","multi_domain","If {name} has any overdue tasks, send them an email titled 'Overdue tasks' saying 'You have a few overdue tasks - can you update me on them?'. Otherwise email them with 'Nice work keeping on top of your tasks this sprint!' titled 'Good work this sprint'","{name}-এর যদি ডেডলাইন পেরিয়ে যাওয়া কোনো টাস্ক থাকে, তাহলে তাকে 'Overdue tasks' সাবজেক্ট দিয়ে একটা ইমেইল পাঠাও, তাতে লেখো 'You have a few overdue tasks - can you update me on them?'। না থাকলে তাকে 'Good work this sprint' সাবজেক্ট দিয়ে ইমেইল করো, লেখো 'Nice work keeping on top of your tasks this sprint!'","Title/body order of the 'otherwise' email swapped for Bangla flow; all 4 literals kept English."
"T56.v2","T56","multi_domain","I think {name} might have some overdue tasks. Can you check and if so, send them an email titled 'Overdue tasks' saying 'You have a few overdue tasks - can you update me on them?'. Otherwise email them with 'Nice work keeping on top of your tasks this sprint!' titled 'Good work this sprint'","মনে হচ্ছে {name}-এর কিছু টাস্কের ডেডলাইন পেরিয়ে গেছে। একটু চেক করে দেখবে? সত্যিই তাই হলে, তাকে 'Overdue tasks' সাবজেক্ট দিয়ে একটা ইমেইল পাঠাও, তাতে লেখো 'You have a few overdue tasks - can you update me on them?'। নাহলে তাকে 'Good work this sprint' সাবজেক্ট দিয়ে ইমেইল করো, লেখো 'Nice work keeping on top of your tasks this sprint!'","'might' hedge -> 'মনে হচ্ছে'."
"T56.v3","T56","multi_domain","can you check if {name} has any overdue tasks? If so, send them an email titled 'Overdue tasks' saying 'You have a few overdue tasks - can you update me on them?'. Otherwise email them with 'Nice work keeping on top of your tasks this sprint!' titled 'Good work this sprint'","{name}-এর ডেডলাইন পেরিয়ে যাওয়া কোনো টাস্ক আছে কিনা দেখে দিতে পারবে? থাকলে, তাকে 'Overdue tasks' সাবজেক্ট দিয়ে একটা ইমেইল পাঠাও, তাতে লেখো 'You have a few overdue tasks - can you update me on them?'। না থাকলে তাকে 'Good work this sprint' সাবজেক্ট দিয়ে ইমেইল করো, লেখো 'Nice work keeping on top of your tasks this sprint!'",""
"T57.v1","T57","multi_domain","Book a half-hour meeting with {name} called 'Catch up on overdue tasks' at the earliest time I'm free tomorrowif they have any overdue tasks","আগামীকাল আমার সবচেয়ে আগের ফাঁকা সময়ে {name}-এর সাথে 'Catch up on overdue tasks' নামে আধা ঘণ্টার একটা মিটিং বুক করো, যদি তার ডেডলাইন পেরিয়ে যাওয়া কোনো টাস্ক থাকে","Condition kept at the end as in EN. overdue -> ওভারডিউ (office loanword). EN typo 'tomorrowif' not reproduced."
"T57.v2","T57","multi_domain","I think {name} might have some overdue tasks. Can you check and if so, book a half hour meeting with them called 'Catch up on overdue tasks' at the earliest time I'm free tomorrow","আমার মনে হয় {name}-এর কিছু টাস্কের ডেডলাইন পেরিয়ে গিয়ে থাকতে পারে। একটু চেক করে দেখো, থাকলে আগামীকাল আমি সবচেয়ে আগে যখন ফ্রি থাকব তখন তার সাথে 'Catch up on overdue tasks' নামে আধা ঘণ্টার একটা মিটিং বুক করো","they/them -> gender-neutral তার."
"T57.v3","T57","multi_domain","can you check if {name} has any overdue tasks? If so, book a 30 minute meeting with them called 'Catch up on overdue tasks' at the earliest time I'm free tomorrow","{name}-এর ডেডলাইন পেরিয়ে যাওয়া কোনো টাস্ক আছে কি না একটু দেখবে? থাকলে আগামীকাল আমার সবচেয়ে আগের ফাঁকা সময়ে তার সাথে 'Catch up on overdue tasks' নামে 30 মিনিটের একটা মিটিং বুক করো","'can you check' -> 'একটু দেখবে?' (তুমি-form request). '30 minute' keeps ASCII 30 (GT duration literal)."
"T58.v1","T58","multi_domain","If {natural_language_metric} was {more_or_less} than {threshold} at any time since {natural_language_date} send an email to {sender} titled 'Update on {natural_language_metric}' saying 'I noticed {natural_language_metric} was {more_or_less} than {threshold} - can you update me?'","{natural_language_date} থেকে এখন পর্যন্ত কোনো সময় যদি {natural_language_metric} {threshold}-এর চেয়ে {more_or_less} হয়ে থাকে, তাহলে {sender} ঠিকানায় 'Update on {natural_language_metric!en}' সাবজেক্ট দিয়ে একটা ইমেইল পাঠাও, যেখানে লেখা থাকবে 'I noticed {natural_language_metric!en} was {more_or_less!en} than {threshold} - can you update me?'","তুমি-form imperative. 'at any time since D' -> 'D থেকে এখন পর্যন্ত কোনো সময়'; 'next Friday' -> 'আগামী শুক্রবার' (as ambiguous as EN; GT = Friday of next week). Subject/body stay English with {slot!en}. Email address + ঠিকানায় avoids a case marker on the address."
"T58.v2","T58","multi_domain","I think {natural_language_metric} might have been {more_or_less} than {threshold}. If it has been at any time since {natural_language_date}, can yousend an email to {sender} titled 'Update on {natural_language_metric}' saying 'I noticed {natural_language_metric} was {more_or_less} than {threshold} - can you update me?'","আমার মনে হয় {natural_language_metric} {threshold}-এর চেয়ে {more_or_less} হয়ে থাকতে পারে। {natural_language_date} থেকে এখন পর্যন্ত কোনো সময় যদি সেটা হয়ে থাকে, তাহলে {sender} ঠিকানায় একটা ইমেইল পাঠাতে পারবে? সাবজেক্ট হবে 'Update on {natural_language_metric!en}' আর ইমেইলে লেখা থাকবে 'I noticed {natural_language_metric!en} was {more_or_less!en} than {threshold} - can you update me?'","Two-sentence structure of EN kept; 'can you send' -> 'পাঠাতে পারবে?'."
"T58.v3","T58","multi_domain","can you check if {natural_language_metric} was {more_or_less} than {threshold} at any time since {natural_language_date}? If so, send an email to {sender} titled 'Update on {natural_language_metric}' saying 'I noticed {natural_language_metric} was {more_or_less} than {threshold} - can you update me?'","{natural_language_date} থেকে এখন পর্যন্ত কোনো সময় {natural_language_metric} {threshold}-এর চেয়ে {more_or_less} হয়েছিল কি না একটু দেখবে? হয়ে থাকলে {sender} ঠিকানায় 'Update on {natural_language_metric!en}' সাবজেক্টে একটা ইমেইল পাঠাও, তাতে লেখো 'I noticed {natural_language_metric!en} was {more_or_less!en} than {threshold} - can you update me?'","titled -> সাবজেক্টে (variant of সাবজেক্ট দিয়ে)."
"T59.v1","T59","multi_domain","If {natural_language_metric} was {more_or_less} than {threshold} at any time since {natural_language_date} schedule a half-hour meeting called 'Discuss {natural_language_metric}' with {sender_name} at the earliest time I'm free tomorrow","{natural_language_date} থেকে এখন পর্যন্ত কোনো সময় যদি {natural_language_metric} {threshold}-এর চেয়ে {more_or_less} হয়ে থাকে, তাহলে আগামীকাল আমার সবচেয়ে আগের ফাঁকা সময়ে {sender_name}-এর সাথে 'Discuss {natural_language_metric!en}' নামে আধা ঘণ্টার একটা মিটিং শিডিউল করো","তুমি-form imperative. 'at any time since D' -> 'D থেকে এখন পর্যন্ত কোনো সময়'; 'next Friday' -> 'আগামী শুক্রবার' (as ambiguous as EN; GT = Friday of next week). schedule -> শিডিউল করো (book -> বুক করো elsewhere)."
"T59.v2","T59","multi_domain","I think {natural_language_metric} might have been {more_or_less} than {threshold} at any time since {natural_language_date}. Can you check and if so, schedule a half-hour meeting called 'Discuss {natural_language_metric}' with {sender_name} at the earliest time I'm free tomorrow","আমার মনে হয় {natural_language_date} থেকে এখন পর্যন্ত কোনো এক সময় {natural_language_metric} {threshold}-এর চেয়ে {more_or_less} হয়ে থাকতে পারে। একটু চেক করে দেখো, হয়ে থাকলে আগামীকাল আমি সবচেয়ে আগে যখন ফ্রি থাকব তখন {sender_name}-এর সাথে 'Discuss {natural_language_metric!en}' নামে আধা ঘণ্টার একটা মিটিং শিডিউল করো","'I think ... might have been' -> 'আমার মনে হয় ... হয়ে থাকতে পারে'."
"T59.v3","T59","multi_domain","can you check if {natural_language_metric} was {more_or_less} than {threshold} at any time since {natural_language_date}? If so, schedule a 30 minute meeting called 'Discuss {natural_language_metric}' with {sender_name} at the earliest time I'm free tomorrow","{natural_language_date} থেকে এখন পর্যন্ত কোনো সময় {natural_language_metric} {threshold}-এর চেয়ে {more_or_less} হয়েছিল কি না একটু দেখবে? হয়ে থাকলে আগামীকাল আমার সবচেয়ে আগের ফাঁকা সময়ে {sender_name}-এর সাথে 'Discuss {natural_language_metric!en}' নামে 30 মিনিটের একটা মিটিং শিডিউল করো","ASCII 30 kept (GT duration literal)."
"T60.v1","T60","multi_domain","If {natural_language_metric} was {more_or_less} than {threshold} at any time since {natural_language_date} make a backlog task called 'Improve {natural_language_metric}' for {name} on the front-end board with a deadline of next Friday","{natural_language_date} থেকে এখন পর্যন্ত কোনো সময় যদি {natural_language_metric} {threshold}-এর চেয়ে {more_or_less} হয়ে থাকে, তাহলে front-end বোর্ডে {name}-এর জন্য 'Improve {natural_language_metric!en}' নামে একটা backlog টাস্ক বানাও, ডেডলাইন আগামী শুক্রবার","তুমি-form imperative. 'at any time since D' -> 'D থেকে এখন পর্যন্ত কোনো সময়'; 'next Friday' -> 'আগামী শুক্রবার' (as ambiguous as EN; GT = Friday of next week). backlog -> 'backlog' (policy §4 enum: Latin, unquoted, EN case), front-end board -> ফ্রন্ট-এন্ড বোর্ড."
"T60.v2","T60","multi_domain","Was {natural_language_metric} {more_or_less} than {threshold} at any time since {natural_language_date}? If so, make a backlog task called 'Improve {natural_language_metric}' on the front-end board and assign it to for {name} with next Friday as the deadline","{natural_language_date} থেকে এখন পর্যন্ত কোনো সময় কি {natural_language_metric} {threshold}-এর চেয়ে {more_or_less} হয়েছিল? হয়ে থাকলে front-end বোর্ডে 'Improve {natural_language_metric!en}' নামে একটা backlog টাস্ক বানিয়ে {name}-কে অ্যাসাইন করে দাও, আর ডেডলাইন রেখো আগামী শুক্রবার","EN typo 'assign it to for' rendered as plain assign. Yes/no question form kept."
"T60.v3","T60","multi_domain","can you check if {natural_language_metric} was {more_or_less} than {threshold} at any time since {natural_language_date}? If so, make a backlog task called 'Improve {natural_language_metric}' for {name} on the front-end board with a deadline of next Friday","{natural_language_date} থেকে এখন পর্যন্ত কোনো সময় {natural_language_metric} {threshold}-এর চেয়ে {more_or_less} হয়েছিল কি না একটু দেখবে? হয়ে থাকলে {name}-এর জন্য front-end বোর্ডে 'Improve {natural_language_metric!en}' নামে একটা backlog টাস্ক বানাও, ডেডলাইন দিও আগামী শুক্রবার",""
"T61.v1","T61","multi_domain","If {natural_language_metric} was {more_or_less} than {threshold} at any time since {natural_language_date} make a backlog task called 'Improve {natural_language_metric}' on the front-end board with a deadline of next Friday for the person with the most completed front end tasks","{natural_language_date} থেকে এখন পর্যন্ত কোনো সময় যদি {natural_language_metric} {threshold}-এর চেয়ে {more_or_less} হয়ে থাকে, তাহলে যে সবচেয়ে বেশি front end টাস্ক কমপ্লিট করেছে, তার জন্য front-end বোর্ডে 'Improve {natural_language_metric!en}' নামে একটা backlog টাস্ক বানাও, ডেডলাইন আগামী শুক্রবার","তুমি-form imperative. 'at any time since D' -> 'D থেকে এখন পর্যন্ত কোনো সময়'; 'next Friday' -> 'আগামী শুক্রবার' (as ambiguous as EN; GT = Friday of next week). 'person with the most completed front end tasks' -> relative clause 'যে সবচেয়ে বেশি ফ্রন্ট-এন্ড টাস্ক কমপ্লিট করেছে'."
"T61.v2","T61","multi_domain","Was {natural_language_metric} {more_or_less} than {threshold} at any time since {natural_language_date}? We need to fix this by next Friday if so - make a backlog task called 'Improve {natural_language_metric}' on the front-end board and assign it to the person with the most completed front end tasks","{natural_language_date} থেকে এখন পর্যন্ত কোনো সময় কি {natural_language_metric} {threshold}-এর চেয়ে {more_or_less} হয়েছিল? হয়ে থাকলে আগামী শুক্রবারের মধ্যে এটা ঠিক করতে হবে - front-end বোর্ডে 'Improve {natural_language_metric!en}' নামে একটা backlog টাস্ক বানাও আর যে সবচেয়ে বেশি front end টাস্ক কমপ্লিট করেছে তাকে অ্যাসাইন করো","'We need to fix this by next Friday' kept as a separate clause (deadline is implied, as in EN)."
"T61.v3","T61","multi_domain","can you check if {natural_language_metric} was {more_or_less} than {threshold} at any time since {natural_language_date}? If so, make a backlog task called 'Improve {natural_language_metric}' due next Friday on the front-end board and assign it to the person with the most completed front end tasks","{natural_language_date} থেকে এখন পর্যন্ত কোনো সময় {natural_language_metric} {threshold}-এর চেয়ে {more_or_less} হয়েছিল কি না একটু দেখবে? হয়ে থাকলে front-end বোর্ডে আগামী শুক্রবার ডেডলাইন দিয়ে 'Improve {natural_language_metric!en}' নামে একটা backlog টাস্ক বানাও, আর যে সবচেয়ে বেশি front end টাস্ক কমপ্লিট করেছে তাকে অ্যাসাইন করো","'due next Friday' -> 'আগামী শুক্রবার ডেডলাইন দিয়ে'."
"T62.v1","T62","multi_domain","Check the percent growth of {natural_language_metric} since {day_of_week} and if was more than {natural_language_metric_2} make a backlog task called 'Improve {natural_language_metric_2}' for {name} on the front-end board with a deadline of next Friday","{day_of_week} থেকে {natural_language_metric} শতকরা কত বেড়েছে দেখো, আর সেটা যদি {natural_language_metric_2}ের চেয়ে বেশি হয়, তাহলে front-end বোর্ডে {name}-এর জন্য 'Improve {natural_language_metric_2!en}' নামে একটা backlog টাস্ক বানাও, ডেডলাইন আগামী শুক্রবার","তুমি-form imperative. 'at any time since D' -> 'D থেকে এখন পর্যন্ত কোনো সময়'; 'next Friday' -> 'আগামী শুক্রবার' (as ambiguous as EN; GT = Friday of next week). 'percent growth of X' -> 'X শতকরা কত বেড়েছে' (avoids a case marker on the Bangla metric). Comparison against metric_2 kept as odd/ambiguous as EN; '{natural_language_metric_2}ের চেয়ে' attaches the suffix directly (policy §4)."
"T62.v2","T62","multi_domain","I need to check the percent growth of {natural_language_metric} since {day_of_week}. If it grew by more than {natural_language_metric_2} make a backlog task called 'Improve {natural_language_metric_2}' for {name} on the front-end board with a deadline of next Friday","{day_of_week} থেকে {natural_language_metric} শতকরা কত বেড়েছে সেটা আমার দেখা দরকার। যদি তা {natural_language_metric_2}ের চেয়ে বেশি বেড়ে থাকে, তাহলে {name}-এর জন্য front-end বোর্ডে 'Improve {natural_language_metric_2!en}' নামে একটা backlog টাস্ক বানাও, ডেডলাইন আগামী শুক্রবার","'I need to check' -> 'আমার দেখা দরকার'; 'grew by more than' -> 'থেকে বেশি বেড়ে থাকে'."
"T62.v3","T62","multi_domain","can you check the percent growth of {natural_language_metric} since {day_of_week}? If it grew by more than {natural_language_metric_2} make a task called 'Improve {natural_language_metric_2}' on the front-end backlog for {name} that's due next Friday","{day_of_week} থেকে {natural_language_metric} শতকরা কত বেড়েছে একটু দেখবে? যদি {natural_language_metric_2}ের চেয়ে বেশি বেড়ে থাকে, তাহলে front-end backlog-এ {name}-এর জন্য 'Improve {natural_language_metric_2!en}' নামে একটা টাস্ক বানাও, যার ডেডলাইন আগামী শুক্রবার","'front-end backlog' -> 'ফ্রন্ট-এন্ড backlog' (EN says backlog, not board)."
"T63.v1","T63","multi_domain","If {natural_language_metric} was {more_or_less} than {threshold} at any time since {natural_language_date} delete all {assigned_to_first_name}'s leads in the CRM","{natural_language_date} থেকে এখন পর্যন্ত কোনো সময় যদি {natural_language_metric} {threshold}-এর চেয়ে {more_or_less} হয়ে থাকে, তাহলে CRM থেকে {assigned_to_first_name}-এর সব lead ডিলিট করো","তুমি-form imperative. 'at any time since D' -> 'D থেকে এখন পর্যন্ত কোনো সময়'; 'next Friday' -> 'আগামী শুক্রবার' (as ambiguous as EN; GT = Friday of next week). leads -> 'lead' (CRM status enum, Latin, unquoted per policy §4; no English plural -s). 'in the CRM' + delete -> 'CRM থেকে ... ডিলিট' (as in T22)."
"T63.v2","T63","multi_domain","I think {natural_language_metric} might have been {more_or_less} than {threshold} at any time since {natural_language_date}. Can you check and if so, delete all {assigned_to_first_name}'s leads in the CRM","আমার মনে হয় {natural_language_date} থেকে এখন পর্যন্ত কোনো এক সময় {natural_language_metric} {threshold}-এর চেয়ে {more_or_less} হয়ে থাকতে পারে। একটু চেক করে দেখো, হয়ে থাকলে CRM থেকে {assigned_to_first_name}-এর সব lead ডিলিট করে দাও",""
"T63.v3","T63","multi_domain","can you check if {natural_language_metric} was {more_or_less} than {threshold} at any time since {natural_language_date}? If so, delete all the leads assigned to {assigned_to_first_name} in the CRM","{natural_language_date} থেকে এখন পর্যন্ত কোনো সময় {natural_language_metric} {threshold}-এর চেয়ে {more_or_less} হয়েছিল কি না একটু দেখবে? হয়ে থাকলে CRM থেকে {assigned_to_first_name}-কে অ্যাসাইন করা সব lead ডিলিট করো","'leads assigned to X' -> 'X-কে অ্যাসাইন করা সব lead'."
"T64.v1","T64","multi_domain","If {name} has any overdue tasks, book a half hour meeting with them called 'Catch up on overdue tasks' at the earliest time I'm free tomorrow and send them an email titled 'Discuss overdue tasks' saying 'I noticed you have a few overdue tasks - let's catch up tomorrow.' Otherwise email them with 'Nice work keeping on top of your tasks this sprint!' titled 'Good work this sprint'","{name}-এর যদি ডেডলাইন পেরিয়ে যাওয়া কোনো টাস্ক থাকে, তাহলে আগামীকাল আমার সবচেয়ে আগের ফাঁকা সময়ে তার সাথে ‘Catch up on overdue tasks’ নামে আধা ঘণ্টার একটা মিটিং বুক করো, আর তাকে ‘Discuss overdue tasks’ সাবজেক্ট দিয়ে একটা ইমেইল পাঠাও, যেখানে লেখা থাকবে ‘I noticed you have a few overdue tasks - let's catch up tomorrow.’ না থাকলে তাকে ‘Nice work keeping on top of your tasks this sprint!’ লিখে ‘Good work this sprint’ সাবজেক্টে ইমেইল করো","Uses ‘…’ quotes for all literals in this template because the body contains an ASCII apostrophe (let's), which breaks the checker's '…' pairing; literal text unchanged. Otherwise -> 'না থাকলে'."
"T64.v2","T64","multi_domain","I think {name} might have some overdue tasks. Can you check and if so, book a half hour meeting with them called 'Catch up on overdue tasks' at the earliest time I'm free tomorrow and send them an email titled 'Discuss overdue tasks' saying 'I noticed you have a few overdue tasks - let's catch up tomorrow.' Otherwise email them with 'Nice work keeping on top of your tasks this sprint!' titled 'Good work this sprint'","আমার মনে হয় {name}-এর কিছু টাস্কের ডেডলাইন পেরিয়ে গিয়ে থাকতে পারে। একটু চেক করে দেখো, থাকলে আগামীকাল আমি সবচেয়ে আগে যখন ফ্রি থাকব তখন তার সাথে ‘Catch up on overdue tasks’ নামে আধা ঘণ্টার একটা মিটিং বুক করো আর তাকে ‘Discuss overdue tasks’ সাবজেক্টে একটা ইমেইল পাঠাও, তাতে লিখবে ‘I noticed you have a few overdue tasks - let's catch up tomorrow.’ না থাকলে ‘Nice work keeping on top of your tasks this sprint!’ লিখে তাকে ‘Good work this sprint’ সাবজেক্টে একটা ইমেইল করো","Uses ‘…’ quotes for all literals in this template because the body contains an ASCII apostrophe (let's), which breaks the checker's '…' pairing; literal text unchanged."
"T64.v3","T64","multi_domain","can you check if {name} has any overdue tasks? If so, book a 30 minute meeting with them called 'Catch up on overdue tasks' at the earliest time I'm free tomorrow and send them an email titled 'Discuss overdue tasks' saying 'I noticed you have a few overdue tasks - let's catch up tomorrow.' Otherwise send them an email saying 'Nice work keeping on top of your tasks this sprint!' titled 'Good work this sprint'","{name}-এর ডেডলাইন পেরিয়ে যাওয়া কোনো টাস্ক আছে কি না একটু দেখবে? থাকলে আগামীকাল আমার সবচেয়ে আগের ফাঁকা সময়ে তার সাথে ‘Catch up on overdue tasks’ নামে 30 মিনিটের একটা মিটিং বুক করো, আর ‘Discuss overdue tasks’ সাবজেক্ট দিয়ে তাকে একটা ইমেইল পাঠাও, লেখো ‘I noticed you have a few overdue tasks - let's catch up tomorrow.’ না থাকলে তাকে একটা ইমেইল পাঠাও, তাতে লেখা থাকবে ‘Nice work keeping on top of your tasks this sprint!’ আর সাবজেক্ট হবে ‘Good work this sprint’","Uses ‘…’ quotes for all literals in this template because the body contains an ASCII apostrophe (let's), which breaks the checker's '…' pairing; literal text unchanged. Body-then-subject order of EN v3 kept."
"T65.v1","T65","multi_domain","If {natural_language_metric} was {more_or_less} than {threshold} at any time since {natural_language_date} make a backlog task 'Improve {natural_language_metric}' for {name} on the front-end board with a deadline of next Friday otherwise send them an email titled 'Recent {natural_language_metric}' saying 'I noticed {natural_language_metric} has been stable, nice work!' ","{natural_language_date} থেকে এখন পর্যন্ত কোনো সময় যদি {natural_language_metric} {threshold}-এর চেয়ে {more_or_less} হয়ে থাকে, তাহলে front-end বোর্ডে {name}-এর জন্য 'Improve {natural_language_metric!en}' backlog টাস্ক বানাও, ডেডলাইন আগামী শুক্রবার; না হলে তাকে 'Recent {natural_language_metric!en}' সাবজেক্ট দিয়ে একটা ইমেইল পাঠাও, যেখানে লেখা থাকবে 'I noticed {natural_language_metric!en} has been stable, nice work!'","তুমি-form imperative. 'at any time since D' -> 'D থেকে এখন পর্যন্ত কোনো সময়'; 'next Friday' -> 'আগামী শুক্রবার' (as ambiguous as EN; GT = Friday of next week). EN has no 'called' here, so no নামে. EN trailing space dropped. otherwise -> 'না হলে'."
"T65.v2","T65","multi_domain","Was {natural_language_metric} {more_or_less} than {threshold} at any time since {natural_language_date}? If so, make a backlog task called 'Improve {natural_language_metric}' for {name} on the front-end board with a deadline of next Friday otherwise send them an email titled 'Recent {natural_language_metric}' saying 'I noticed {natural_language_metric} has been stable, nice work!'","{natural_language_date} থেকে এখন পর্যন্ত কোনো সময় কি {natural_language_metric} {threshold}-এর চেয়ে {more_or_less} হয়েছিল? হয়ে থাকলে {name}-এর জন্য front-end বোর্ডে 'Improve {natural_language_metric!en}' নামে একটা backlog টাস্ক বানাও, ডেডলাইন আগামী শুক্রবার; না হলে তাকে 'Recent {natural_language_metric!en}' সাবজেক্টে একটা ইমেইল পাঠাও, তাতে লেখো 'I noticed {natural_language_metric!en} has been stable, nice work!'",""
"T65.v3","T65","multi_domain","can you check if {natural_language_metric} was {more_or_less} than {threshold} at any time since {natural_language_date}? If so, make a task 'Improve {natural_language_metric}' for {name} on the front-end backlog with a deadline of next Friday otherwise send them an email titled 'Recent {natural_language_metric}' saying 'I noticed {natural_language_metric} has been stable, nice work!'","{natural_language_date} থেকে এখন পর্যন্ত কোনো সময় {natural_language_metric} {threshold}-এর চেয়ে {more_or_less} হয়েছিল কি না একটু দেখবে? হয়ে থাকলে front-end backlog-এ {name}-এর জন্য 'Improve {natural_language_metric!en}' টাস্ক বানাও, ডেডলাইন আগামী শুক্রবার; না হলে তাকে 'Recent {natural_language_metric!en}' সাবজেক্টে একটা ইমেইল পাঠাও, লেখো 'I noticed {natural_language_metric!en} has been stable, nice work!'",""
"T66.v1","T66","multi_domain","Check the percent growth of {natural_language_metric} since {day_of_week} and if was more than {natural_language_metric_2} make a backlog task called 'Improve {natural_language_metric_2}' for {name} on the front-end board with a deadline of next Friday. Also schedule a half-hour meeting called 'Discuss {natural_language_metric}' with them at the first time I can do tomorrow","{day_of_week} থেকে {natural_language_metric} শতকরা কত বেড়েছে দেখো, আর সেটা যদি {natural_language_metric_2}ের চেয়ে বেশি হয়, তাহলে front-end বোর্ডে {name}-এর জন্য 'Improve {natural_language_metric_2!en}' নামে একটা backlog টাস্ক বানাও, ডেডলাইন আগামী শুক্রবার। এছাড়া আগামীকাল আমি প্রথম যখন পারব তখন তার সাথে 'Discuss {natural_language_metric!en}' নামে আধা ঘণ্টার একটা মিটিংও শিডিউল করো","তুমি-form imperative. 'at any time since D' -> 'D থেকে এখন পর্যন্ত কোনো সময়'; 'next Friday' -> 'আগামী শুক্রবার' (as ambiguous as EN; GT = Friday of next week). 'Also ...' as a new sentence 'এছাড়া ...' keeps EN's ambiguity about whether the meeting is conditional. 'first time I can do tomorrow' -> 'কাল আমি প্রথম যখন পারব'."
"T66.v2","T66","multi_domain","can you check the percent growth of {natural_language_metric} since {day_of_week}? If it grew by more than {natural_language_metric_2} make a backlog task called 'Improve {natural_language_metric_2}' for {name} on the front-end board with a deadline of next Friday and schedule a half-hour meeting called 'Discuss {natural_language_metric}' for us at the first time I can do tomorrow","{day_of_week} থেকে {natural_language_metric} শতকরা কত বেড়েছে একটু দেখবে? যদি {natural_language_metric_2}ের চেয়ে বেশি বেড়ে থাকে, তাহলে {name}-এর জন্য front-end বোর্ডে 'Improve {natural_language_metric_2!en}' নামে একটা backlog টাস্ক বানাও, ডেডলাইন আগামী শুক্রবার, আর আগামীকাল আমি প্রথম যখন পারব তখন আমাদের জন্য 'Discuss {natural_language_metric!en}' নামে আধা ঘণ্টার একটা মিটিং শিডিউল করো","'for us' -> 'আমাদের জন্য'."
"T66.v3","T66","multi_domain","please check the percent growth of {natural_language_metric} since {day_of_week}. If it grew by more than {natural_language_metric_2} make a front-end backlog task called 'Improve {natural_language_metric_2}' for {name} that's due next Friday and schedule a 30 minute meeting called 'Discuss {natural_language_metric}' for us at the earliest slot i'm free tomorrow","{day_of_week} থেকে {natural_language_metric} শতকরা কত বেড়েছে, প্লিজ একটু দেখো। যদি {natural_language_metric_2}ের চেয়ে বেশি বেড়ে থাকে, তাহলে {name}-এর জন্য 'Improve {natural_language_metric_2!en}' নামে একটা front-end backlog টাস্ক বানাও, যার ডেডলাইন আগামী শুক্রবার, আর আগামীকাল আমার সবচেয়ে আগের ফাঁকা স্লটে আমাদের জন্য 'Discuss {natural_language_metric!en}' নামে 30 মিনিটের একটা মিটিং শিডিউল করো","'please' -> প্লিজ (common in office chat). 'earliest slot' -> 'সবচেয়ে আগের ফাঁকা স্লটে'. ASCII 30 kept (GT literal)."
"T67.v1","T67","multi_domain","If {natural_language_metric} was {more_or_less} than {threshold} at any time since {natural_language_date} delete {assigned_to_first_name}'s new leads in the CRM and send them an email titled 'Reprioritising'saying '{natural_language_metric} looks good, so we no longer need you finding new leads'.If not say in the email 'We need you to improve {natural_language_metric} - TBD.'","{natural_language_date} থেকে এখন পর্যন্ত কোনো সময় যদি {natural_language_metric} {threshold}-এর চেয়ে {more_or_less} হয়ে থাকে, তাহলে CRM থেকে {assigned_to_first_name}-এর নতুন lead-গুলো ডিলিট করো এবং তাকে 'Reprioritising' সাবজেক্ট দিয়ে একটা ইমেইল পাঠাও, তাতে লেখো '{natural_language_metric!en} looks good, so we no longer need you finding new leads'। না হলে ইমেইলে লেখো 'We need you to improve {natural_language_metric!en} - TBD.'","তুমি-form imperative. 'at any time since D' -> 'D থেকে এখন পর্যন্ত কোনো সময়'; 'next Friday' -> 'আগামী শুক্রবার' (as ambiguous as EN; GT = Friday of next week). 'new leads' -> 'নতুন lead-গুলো' (enum Latin + hyphenated plural). EN missing spaces ('Reprioritising'saying, '.If') normalised."
"T67.v2","T67","multi_domain","Was {natural_language_metric} {more_or_less} than {threshold} at any time since {natural_language_date}? If so, delete all {assigned_to_first_name}'s leads in the CRM and then send them an email titled 'Reprioritising' saying '{natural_language_metric} looks good, so we no longer need you finding new leads'. If not say in the email 'We need you to improve {natural_language_metric} - TBD.'","{natural_language_date} থেকে এখন পর্যন্ত কোনো সময় কি {natural_language_metric} {threshold}-এর চেয়ে {more_or_less} হয়েছিল? হয়ে থাকলে CRM থেকে {assigned_to_first_name}-এর সব lead ডিলিট করো, তারপর তাকে 'Reprioritising' সাবজেক্টে একটা ইমেইল পাঠাও, যেখানে লেখা থাকবে '{natural_language_metric!en} looks good, so we no longer need you finding new leads'। না হলে ইমেইলে লিখো 'We need you to improve {natural_language_metric!en} - TBD.'","'and then' -> 'তারপর' keeps step order."
"T67.v3","T67","multi_domain","can you check if {natural_language_metric} was {more_or_less} than {threshold} at any time since {natural_language_date}? If so, delete all the leads assigned to {assigned_to_first_name}'s in the CRM and send them an email titled 'Reprioritising' saying '{natural_language_metric} looks good, so we no longer need you finding new leads'. If not say 'We need you to improve {natural_language_metric} - TBD.'","{natural_language_date} থেকে এখন পর্যন্ত কোনো সময় {natural_language_metric} {threshold}-এর চেয়ে {more_or_less} হয়েছিল কি না একটু দেখবে? হয়ে থাকলে CRM থেকে {assigned_to_first_name}-কে অ্যাসাইন করা সব lead ডিলিট করো আর তাকে 'Reprioritising' সাবজেক্ট দিয়ে একটা ইমেইল পাঠাও, লেখো '{natural_language_metric!en} looks good, so we no longer need you finding new leads'। না হলে লেখো 'We need you to improve {natural_language_metric!en} - TBD.'","EN v3 'If not say ...' omits 'in the email'; kept equally underspecified ('না হলে লেখো'). EN typo 'assigned to X's' not reproduced."
"T68.v1","T68","multi_domain","If {natural_language_metric} was {more_or_less} than {threshold} at any time since {natural_language_date} make a backlog task 'Improve {natural_language_metric}' for {name} on the front-end board with a deadline of next Friday and schedule a half-hour meeting called 'Discuss {natural_language_metric}' for us at the first time I can do tomorrow otherwise send them an email titled 'Recent {natural_language_metric}' saying 'I noticed {natural_language_metric} has been stable, nice work!''","{natural_language_date} থেকে এখন পর্যন্ত কোনো সময় যদি {natural_language_metric} {threshold}-এর চেয়ে {more_or_less} হয়ে থাকে, তাহলে front-end বোর্ডে {name}-এর জন্য 'Improve {natural_language_metric!en}' backlog টাস্ক বানাও, ডেডলাইন আগামী শুক্রবার, আর আগামীকাল আমি প্রথম যখন পারব তখন আমাদের জন্য 'Discuss {natural_language_metric!en}' নামে আধা ঘণ্টার একটা মিটিং শিডিউল করো; না হলে তাকে 'Recent {natural_language_metric!en}' সাবজেক্ট দিয়ে একটা ইমেইল পাঠাও, যেখানে লেখা থাকবে 'I noticed {natural_language_metric!en} has been stable, nice work!'","তুমি-form imperative. 'at any time since D' -> 'D থেকে এখন পর্যন্ত কোনো সময়'; 'next Friday' -> 'আগামী শুক্রবার' (as ambiguous as EN; GT = Friday of next week). EN stray trailing apostrophe ('...nice work!'') dropped; body literal unchanged."
"T68.v2","T68","multi_domain","Was {natural_language_metric} {more_or_less} than {threshold} at any time since {natural_language_date}? If so, add a task to the backlog called 'Improve {natural_language_metric}' for {name} on the front-end board with a deadline of next Friday and schedule a half hour meeting called 'Discuss {natural_language_metric}' for us at the earliest time I'm free tomorrow otherwise send them an email titled 'Recent {natural_language_metric}' saying 'I noticed {natural_language_metric} has been stable, nice work!''","{natural_language_date} থেকে এখন পর্যন্ত কোনো সময় কি {natural_language_metric} {threshold}-এর চেয়ে {more_or_less} হয়েছিল? হয়ে থাকলে front-end বোর্ডের backlog-এ {name}-এর জন্য 'Improve {natural_language_metric!en}' নামে একটা টাস্ক যোগ করো, ডেডলাইন আগামী শুক্রবার, আর আগামীকাল আমি সবচেয়ে আগে যখন ফ্রি থাকব তখন আমাদের জন্য 'Discuss {natural_language_metric!en}' নামে আধা ঘণ্টার একটা মিটিং শিডিউল করো; না হলে তাকে 'Recent {natural_language_metric!en}' সাবজেক্টে একটা ইমেইল পাঠাও, তাতে লেখো 'I noticed {natural_language_metric!en} has been stable, nice work!'","'add a task to the backlog' -> 'backlog-এ ... টাস্ক যোগ করো'. Stray trailing apostrophe dropped."
"T68.v3","T68","multi_domain","can you check if {natural_language_metric} was {more_or_less} than {threshold} at any time since {natural_language_date}? If so, make a task 'Improve {natural_language_metric}' for {name} on the front-end backlog that's due next Friday and schedule a half-hour meeting called 'Discuss {natural_language_metric}' for us at the first time I can do tomorrow otherwise send them an email titled 'Recent {natural_language_metric}' saying 'I noticed {natural_language_metric} has been stable, nice work!''","{natural_language_date} থেকে এখন পর্যন্ত কোনো সময় {natural_language_metric} {threshold}-এর চেয়ে {more_or_less} হয়েছিল কি না একটু দেখবে? হয়ে থাকলে front-end backlog-এ {name}-এর জন্য 'Improve {natural_language_metric!en}' টাস্ক বানাও, যার ডেডলাইন আগামী শুক্রবার, আর আগামীকাল আমি প্রথম যখন পারব তখন আমাদের জন্য 'Discuss {natural_language_metric!en}' নামে আধা ঘণ্টার একটা মিটিং শিডিউল করো; না হলে তাকে 'Recent {natural_language_metric!en}' সাবজেক্টে একটা ইমেইল পাঠাও, লেখো 'I noticed {natural_language_metric!en} has been stable, nice work!'","Stray trailing apostrophe dropped."
"T69.v1","T69","multi_domain","If {natural_language_metric} was {more_or_less} than {threshold} at any time since {natural_language_date} make a backlog task called 'Improve {natural_language_metric}' for {name} on the front-end board with a deadline of next Friday and book a half-hour meeting for us called 'Discuss {natural_language_metric}' at the earliest time I'm free tomorrow. otherwise send them an email titled 'New leads for you' saying '{natural_language_metric} looks good, so there are new leads for you' and then give them all {assigned_to_first_name}'s leads in the CRM","{natural_language_date} থেকে এখন পর্যন্ত কোনো সময় যদি {natural_language_metric} {threshold}-এর চেয়ে {more_or_less} হয়ে থাকে, তাহলে front-end বোর্ডে {name}-এর জন্য 'Improve {natural_language_metric!en}' নামে একটা backlog টাস্ক বানাও, ডেডলাইন আগামী শুক্রবার, আর আগামীকাল আমার সবচেয়ে আগের ফাঁকা সময়ে আমাদের জন্য 'Discuss {natural_language_metric!en}' নামে আধা ঘণ্টার একটা মিটিং বুক করো। না হলে তাকে 'New leads for you' সাবজেক্ট দিয়ে একটা ইমেইল পাঠাও, লেখো '{natural_language_metric!en} looks good, so there are new leads for you', তারপর CRM-এ {assigned_to_first_name}-এর সব lead তাকে দিয়ে দাও","তুমি-form imperative. 'at any time since D' -> 'D থেকে এখন পর্যন্ত কোনো সময়'; 'next Friday' -> 'আগামী শুক্রবার' (as ambiguous as EN; GT = Friday of next week). 'give them all X's leads' -> 'X-এর সব lead তাকে দিয়ে দাও' (reassign; as vague as EN). 'X's leads in the CRM' -> 'CRM-এ X-এর সব lead'."
"T69.v2","T69","multi_domain","Was {natural_language_metric} {more_or_less} than {threshold} at any time since {natural_language_date}? If so, make a backlog task called 'Improve {natural_language_metric}' for {name} on the front-end board with a deadline of next Friday and book a 30 minute meeting for us called 'Discuss {natural_language_metric}' at the earliest time I'm free tomorrow. otherwise send them an email and title it 'New leads for you' saying '{natural_language_metric} looks good, so there are new leads for you' and then give them all {assigned_to_first_name}'s leads in the CRM","{natural_language_date} থেকে এখন পর্যন্ত কোনো সময় কি {natural_language_metric} {threshold}-এর চেয়ে {more_or_less} হয়েছিল? হয়ে থাকলে {name}-এর জন্য front-end বোর্ডে 'Improve {natural_language_metric!en}' নামে একটা backlog টাস্ক বানাও, ডেডলাইন আগামী শুক্রবার, আর আগামীকাল আমি সবচেয়ে আগে যখন ফ্রি থাকব তখন আমাদের জন্য 'Discuss {natural_language_metric!en}' নামে 30 মিনিটের একটা মিটিং বুক করো। না হলে তাকে একটা ইমেইল পাঠাও, সাবজেক্ট দাও 'New leads for you', তাতে লেখো '{natural_language_metric!en} looks good, so there are new leads for you', তারপর CRM-এ {assigned_to_first_name}-এর সব lead তাকে দিয়ে দাও","'title it' -> 'সাবজেক্ট দাও'. ASCII 30 kept (GT literal)."
"T69.v3","T69","multi_domain","can you check if {natural_language_metric} was {more_or_less} than {threshold} at any time since {natural_language_date}? If so, make a task for {name} on the backlog called 'Improve {natural_language_metric}' on the front-end board that's due next Friday and book a half-hour meeting for us called 'Discuss {natural_language_metric}' at the earliest time I can do tomorrow. otherwise send them an email titled 'New leads for you' saying '{natural_language_metric} looks good, so there are new leads for you' and then give them all {assigned_to_first_name}'s leads in the CRM","{natural_language_date} থেকে এখন পর্যন্ত কোনো সময় {natural_language_metric} {threshold}-এর চেয়ে {more_or_less} হয়েছিল কি না একটু দেখবে? হয়ে থাকলে front-end বোর্ডের backlog-এ {name}-এর জন্য 'Improve {natural_language_metric!en}' নামে একটা টাস্ক বানাও, যার ডেডলাইন আগামী শুক্রবার, আর আগামীকাল আমি প্রথম যখন পারব তখন আমাদের জন্য 'Discuss {natural_language_metric!en}' নামে আধা ঘণ্টার একটা মিটিং বুক করো। না হলে তাকে 'New leads for you' সাবজেক্টে একটা ইমেইল পাঠাও, লেখো '{natural_language_metric!en} looks good, so there are new leads for you', তারপর CRM-এ {assigned_to_first_name}-এর সব lead তাকে দিয়ে দাও","'earliest time I can do' -> 'আমি প্রথম যখন পারব'."
