benchmark,model_key,model_id,condition,scope,metric,value,n
workbench,ollama-gemma4-31b,gemma4:31b,c1,overall,completion_rate_en,0.8111,90
workbench,ollama-gemma4-31b,gemma4:31b,c1,overall,completion_rate_bn,0.8222,90
workbench,ollama-gemma4-31b,gemma4:31b,c1,overall,delta_completion,0.0111,90
workbench,ollama-gemma4-31b,gemma4:31b,c1,overall,side_effect_rate_en,0.1667,90
workbench,ollama-gemma4-31b,gemma4:31b,c1,overall,side_effect_rate_bn,0.1222,90
workbench,ollama-gemma4-31b,gemma4:31b,c1,overall,delta_side_effect,-0.0444,90
workbench,ollama-gemma4-31b,gemma4:31b,c1,overall,n_en_only,6,90
workbench,ollama-gemma4-31b,gemma4:31b,c1,overall,n_bn_only,7,90
workbench,ollama-gemma4-31b,gemma4:31b,c1,overall,mcnemar_p,1.0000,90
workbench,ollama-gemma4-31b,gemma4:31b,c1,overall,delta_completion_ci95_low,-0.0667,90
workbench,ollama-gemma4-31b,gemma4:31b,c1,overall,delta_completion_ci95_high,0.0889,90
workbench,ollama-gemma4-31b,gemma4:31b,c1,overall,delta_side_effect_ci95_low,-0.1111,90
workbench,ollama-gemma4-31b,gemma4:31b,c1,overall,delta_side_effect_ci95_high,0.0222,90
workbench,ollama-gemma4-31b,gemma4:31b,c1,overall,completion_rate_en_weighted,0.7671,90
workbench,ollama-gemma4-31b,gemma4:31b,c1,overall,completion_rate_bn_weighted,0.7729,90
workbench,ollama-gemma4-31b,gemma4:31b,c1,domain:email,completion_rate_en,1.0000,15
workbench,ollama-gemma4-31b,gemma4:31b,c1,domain:email,completion_rate_bn,0.9333,15
workbench,ollama-gemma4-31b,gemma4:31b,c1,domain:email,delta_completion,-0.0667,15
workbench,ollama-gemma4-31b,gemma4:31b,c1,domain:email,side_effect_rate_en,0.0000,15
workbench,ollama-gemma4-31b,gemma4:31b,c1,domain:email,side_effect_rate_bn,0.0000,15
workbench,ollama-gemma4-31b,gemma4:31b,c1,domain:email,delta_side_effect,0.0000,15
workbench,ollama-gemma4-31b,gemma4:31b,c1,domain:email,n_en_only,1,15
workbench,ollama-gemma4-31b,gemma4:31b,c1,domain:email,n_bn_only,0,15
workbench,ollama-gemma4-31b,gemma4:31b,c1,domain:calendar,completion_rate_en,0.8667,15
workbench,ollama-gemma4-31b,gemma4:31b,c1,domain:calendar,completion_rate_bn,0.9333,15
workbench,ollama-gemma4-31b,gemma4:31b,c1,domain:calendar,delta_completion,0.0667,15
workbench,ollama-gemma4-31b,gemma4:31b,c1,domain:calendar,side_effect_rate_en,0.1333,15
workbench,ollama-gemma4-31b,gemma4:31b,c1,domain:calendar,side_effect_rate_bn,0.0667,15
workbench,ollama-gemma4-31b,gemma4:31b,c1,domain:calendar,delta_side_effect,-0.0667,15
workbench,ollama-gemma4-31b,gemma4:31b,c1,domain:calendar,n_en_only,0,15
workbench,ollama-gemma4-31b,gemma4:31b,c1,domain:calendar,n_bn_only,1,15
workbench,ollama-gemma4-31b,gemma4:31b,c1,domain:analytics,completion_rate_en,0.8667,15
workbench,ollama-gemma4-31b,gemma4:31b,c1,domain:analytics,completion_rate_bn,0.8000,15
workbench,ollama-gemma4-31b,gemma4:31b,c1,domain:analytics,delta_completion,-0.0667,15
workbench,ollama-gemma4-31b,gemma4:31b,c1,domain:analytics,side_effect_rate_en,0.0000,15
workbench,ollama-gemma4-31b,gemma4:31b,c1,domain:analytics,side_effect_rate_bn,0.0000,15
workbench,ollama-gemma4-31b,gemma4:31b,c1,domain:analytics,delta_side_effect,0.0000,15
workbench,ollama-gemma4-31b,gemma4:31b,c1,domain:analytics,n_en_only,1,15
workbench,ollama-gemma4-31b,gemma4:31b,c1,domain:analytics,n_bn_only,0,15
workbench,ollama-gemma4-31b,gemma4:31b,c1,domain:project_management,completion_rate_en,0.8667,15
workbench,ollama-gemma4-31b,gemma4:31b,c1,domain:project_management,completion_rate_bn,0.9333,15
workbench,ollama-gemma4-31b,gemma4:31b,c1,domain:project_management,delta_completion,0.0667,15
workbench,ollama-gemma4-31b,gemma4:31b,c1,domain:project_management,side_effect_rate_en,0.1333,15
workbench,ollama-gemma4-31b,gemma4:31b,c1,domain:project_management,side_effect_rate_bn,0.0667,15
workbench,ollama-gemma4-31b,gemma4:31b,c1,domain:project_management,delta_side_effect,-0.0667,15
workbench,ollama-gemma4-31b,gemma4:31b,c1,domain:project_management,n_en_only,0,15
workbench,ollama-gemma4-31b,gemma4:31b,c1,domain:project_management,n_bn_only,1,15
workbench,ollama-gemma4-31b,gemma4:31b,c1,domain:customer_relationship_manager,completion_rate_en,0.7333,15
workbench,ollama-gemma4-31b,gemma4:31b,c1,domain:customer_relationship_manager,completion_rate_bn,0.8000,15
workbench,ollama-gemma4-31b,gemma4:31b,c1,domain:customer_relationship_manager,delta_completion,0.0667,15
workbench,ollama-gemma4-31b,gemma4:31b,c1,domain:customer_relationship_manager,side_effect_rate_en,0.2667,15
workbench,ollama-gemma4-31b,gemma4:31b,c1,domain:customer_relationship_manager,side_effect_rate_bn,0.1333,15
workbench,ollama-gemma4-31b,gemma4:31b,c1,domain:customer_relationship_manager,delta_side_effect,-0.1333,15
workbench,ollama-gemma4-31b,gemma4:31b,c1,domain:customer_relationship_manager,n_en_only,2,15
workbench,ollama-gemma4-31b,gemma4:31b,c1,domain:customer_relationship_manager,n_bn_only,3,15
workbench,ollama-gemma4-31b,gemma4:31b,c1,domain:multi_domain,completion_rate_en,0.5333,15
workbench,ollama-gemma4-31b,gemma4:31b,c1,domain:multi_domain,completion_rate_bn,0.5333,15
workbench,ollama-gemma4-31b,gemma4:31b,c1,domain:multi_domain,delta_completion,0.0000,15
workbench,ollama-gemma4-31b,gemma4:31b,c1,domain:multi_domain,side_effect_rate_en,0.4667,15
workbench,ollama-gemma4-31b,gemma4:31b,c1,domain:multi_domain,side_effect_rate_bn,0.4667,15
workbench,ollama-gemma4-31b,gemma4:31b,c1,domain:multi_domain,delta_side_effect,0.0000,15
workbench,ollama-gemma4-31b,gemma4:31b,c1,domain:multi_domain,n_en_only,2,15
workbench,ollama-gemma4-31b,gemma4:31b,c1,domain:multi_domain,n_bn_only,2,15
