"variant_id","template_id","source_file","template_en","template_bn","notes"
"T43.v1","T43","project_management","Move all of {name}'s overdue tasks in the backlog to in progress","ব্যাকলগে {name}-এর যত টাস্কের ডেডলাইন পেরিয়ে গেছে, সবগুলো ইন প্রোগ্রেসে সরিয়ে দাও","List names (backlog/in progress/in review/completed) transliterated into Bengali script (ব্যাকলগ, ইন প্রোগ্রেস, ইন রিভিউ, কমপ্লিটেড) because the checker forbids Latin outside quotes/slots; agent must map to list enum. overdue -> 'ডেডলাইন পেরিয়ে যাওয়া/গেছে' throughout."
"T43.v2","T43","project_management","can you move all of {name}'s overdue tasks in the backlog to in progress?","{name}-এর যেসব টাস্ক ব্যাকলগে পড়ে আছে আর ডেডলাইন পেরিয়ে গেছে, সবগুলো ইন প্রোগ্রেসে সরিয়ে দিতে পারবে?","Question form for 'can you'."
"T43.v3","T43","project_management","{name} has a bunch of overdue tasks in the backlog. Can you move them to in progress?","ব্যাকলগে {name}-এর বেশ কিছু টাস্কের ডেডলাইন পেরিয়ে গেছে। ওগুলো ইন প্রোগ্রেসে সরিয়ে দিতে পারবে?","'a bunch of' -> 'বেশ কিছু'."
"T44.v1","T44","project_management","Move any of {name}'s tasks that are in review to completed","{name}-এর যেসব টাস্ক ইন রিভিউতে আছে, সেগুলো কমপ্লিটেডে সরিয়ে দাও","'any of' -> 'যেসব ... সেগুলো' (all matching, as EN intends)."
"T44.v2","T44","project_management","I've finished reviewing all of {name}'s tasks. Can you move all the ones that are in review to completed?","আমি {name}-এর সব টাস্ক রিভিউ করে ফেলেছি। যেগুলো এখনো ইন রিভিউতে আছে, সবগুলো কমপ্লিটেডে সরিয়ে দিতে পারবে?","Speaker as reviewer implied ('রিভিউ করা শেষ'); 'এখনো' added for naturalness only."
"T44.v3","T44","project_management","can you move any of {name}'s tasks that are in review to completed?","{name}-এর যে টাস্কগুলো ইন রিভিউতে আছে, সেগুলো কমপ্লিটেডে মুভ করে দিতে পারবে?","'মুভ করে দাও' used for variety vs v1 'সরিয়ে দাও'."
"T45.v1","T45","project_management","{name_1} is sick so reassign their in progress tasks to {name_2}.","{name_1} অসুস্থ, তাই তার ইন প্রোগ্রেসে থাকা টাস্কগুলো {name_2}-কে রিঅ্যাসাইন করে দাও।","reassign -> 'রিঅ্যাসাইন করা' (office loanword); 'their' -> gender-neutral 'তার'."
"T45.v2","T45","project_management","I need to reassign all of {name_1}'s in progress tasks to {name_2}. Can you do that?","{name_1}-এর ইন প্রোগ্রেসে থাকা সব টাস্ক {name_2}-কে রিঅ্যাসাইন করতে হবে। করে দিতে পারবে?",""
"T45.v3","T45","project_management","can you reassign all of {name_1}'s in progress tasks to {name_2}?","{name_1}-এর ইন প্রোগ্রেসের সব টাস্ক {name_2}-এর নামে রিঅ্যাসাইন করে দিতে পারবে?","'-এর নামে' variant of assignee marking."
"T46.v1","T46","project_management","{name_1} is on vacation now so move all the tasks they are currently working on to the backlog.","{name_1} এখন ছুটিতে আছে, তাই সে এই মুহূর্তে যেসব টাস্কে কাজ করছে সবগুলো ব্যাকলগে সরিয়ে দাও।","'currently working on' kept as descriptive (not naming the In Progress list), same ambiguity as EN."
"T46.v2","T46","project_management","can you move all the tasks {name_1} is currently working on to the backlog?","{name_1} এখন যেসব টাস্কে কাজ করছে, সবগুলো ব্যাকলগে সরিয়ে দিতে পারবে?",""
"T46.v3","T46","project_management","{name_1} needs a break - move everything they are actively working on to the backlog","{name_1}-এর একটু বিরতি দরকার - সে এখন যা যা নিয়ে কাজ করছে, সব ব্যাকলগে সরিয়ে দাও","'actively working on' -> 'এখন যা যা নিয়ে কাজ করছে'."
"T47.v1","T47","project_management","Give all the overdue tasks that {name_1} hasn't started to {name_2}.","{name_1} যেসব টাস্ক এখনো শুরু করেনি আর যেগুলোর ডেডলাইন পেরিয়ে গেছে, সেগুলো সব {name_2}-কে দিয়ে দাও।","'give' -> 'দিয়ে দাও' (plain, as EN does not say reassign)."
"T47.v2","T47","project_management","can you give all of {name_1}'s overdue tasks that they haven't started to {name_2}?","{name_1}-এর ডেডলাইন পেরিয়ে যাওয়া যে টাস্কগুলো সে এখনো শুরু করেনি, সবগুলো {name_2}-কে দিয়ে দিতে পারবে?",""
"T47.v3","T47","project_management","{name_2} has some free time so can you give them all of {name_1}'s overdue tasks that they haven't started?","{name_2}-এর হাতে এখন কিছুটা সময় আছে, তাই ওকে {name_1}-এর ডেডলাইন পেরিয়ে যাওয়া যে টাস্কগুলো এখনো শুরু হয়নি, সবগুলো দিয়ে দিতে পারবে?","'them' -> 'ওকে' placed before name_1 so it binds to name_2; 'they haven't started' -> passive 'শুরু হয়নি'."
"T48.v1","T48","project_management","Take {name_1}'s most urgent task and reassign it to {name_2}.","{name_1}-এর সবচেয়ে জরুরি টাস্কটা নিয়ে {name_2}-কে রিঅ্যাসাইন করে দাও।","most urgent -> 'সবচেয়ে জরুরি' (left vague as in EN)."
"T48.v2","T48","project_management","I need to take {name_1}'s most urgent task and reassign it to {name_2}. Can you do that?","{name_1}-এর সবচেয়ে জরুরি টাস্কটা {name_2}-কে রিঅ্যাসাইন করতে হবে। করে দিতে পারবে?",""
"T48.v3","T48","project_management","can you take {name_1}'s most urgent task and reassign it to {name_2}?","{name_1}-এর সবচেয়ে জরুরি টাস্কটা নিয়ে {name_2}-কে রিঅ্যাসাইন করে দিতে পারবে?",""
"T49.v1","T49","multi_domain","If we haven't spoke to {current_customer_name} in the past fortnight book a 30-minute meeting with whoever is assigned to them called 'Update on {current_customer_name}' at the first time I'm free tomorrow","গত দুই সপ্তাহে যদি {current_customer_name}-এর সাথে আমাদের কথা না হয়ে থাকে, তাহলে যাকে তাদের দায়িত্ব দেওয়া আছে, তার সাথে আগামীকাল আমার প্রথম ফাঁকা সময়ে 'Update on {current_customer_name!en}' নামে একটা 30 মিনিটের মিটিং বুক করো","Quoted event name kept English with {current_customer_name!en}. 'fortnight' -> 'দুই সপ্তাহ' (word, no digit). 'them' for customer -> respectful 'তাদের'."
"T49.v2","T49","multi_domain","I haven't spoken to {current_customer_name} in a while. Can you check if it's been over 14 days? If so, book a 30-minute meeting with whoever is assigned to them called 'Update on {current_customer_name}' at the first time I'm free tomorrow","{current_customer_name}-এর সাথে অনেকদিন কথা হয়নি। একটু দেখবে, 14 দিনের বেশি হয়ে গেছে কিনা? হয়ে থাকলে, তারা যার নামে অ্যাসাইন করা আছে তার সাথে আগামীকাল আমি প্রথম যখন ফাঁকা থাকব, তখন 'Update on {current_customer_name!en}' নামে একটা 30 মিনিটের মিটিং বুক করো",""
"T49.v3","T49","multi_domain","If we haven't spoken to {current_customer_name} in the past 2 weeks, book a half hour meeting with whoeveris assigned to them called 'Update on {current_customer_name}' at the first time I'm free tomorrow","গত 2 সপ্তাহে যদি {current_customer_name}-এর সাথে আমাদের কথা না হয়ে থাকে, তাহলে তাদের দায়িত্বে যে আছে তার সাথে আগামীকাল আমার প্রথম ফাঁকা সময়ে 'Update on {current_customer_name!en}' নামে একটা আধা ঘণ্টার মিটিং বুক করো","'half hour' -> 'আধা ঘণ্টা'; EN typo 'whoeveris' not reproduced."
"T50.v1","T50","multi_domain"," Add {new_customer_name} as a new lead in the crm and assign them to the person with the fewest tasks assigned to them","CRM এ {new_customer_name}-কে নতুন লিড হিসেবে যোগ করো, আর যার নামে সবচেয়ে কম টাস্ক অ্যাসাইন করা আছে, তাকেই এই লিডটা অ্যাসাইন করে দাও","'lead' literal text -> 'লিড' (checker forbids Latin outside quotes; conflicts with policy §4 'lead (enum)', which applies to slot values). 'CRM এ' without hyphen because checker regex flags 'CRM-' (suggest allowlisting). Leading space of EN not reproduced."
"T50.v2","T50","multi_domain","Can you find the person with the fewest tasks assigned to them and assign {new_customer_name} to them as a new lead in the crm?","কার নামে সবচেয়ে কম টাস্ক অ্যাসাইন করা আছে খুঁজে বের করে, CRM এ {new_customer_name}-কে নতুন লিড হিসেবে তার নামে অ্যাসাইন করে দিতে পারবে?",""
"T50.v3","T50","multi_domain","I need to add {new_customer_name} as a new lead in the crm. Can you assign them to the person with the fewest tasks assigned to them?","CRM এ {new_customer_name}-কে নতুন লিড হিসেবে যোগ করতে হবে। যার নামে সবচেয়ে কম টাস্ক অ্যাসাইন করা আছে, তার নামে অ্যাসাইন করে দিতে পারবে?",""
"T51.v1","T51","multi_domain","Find the email from {natural_language_email_date} about {subject} and schedule a {natural_language_duration} meeting called '{subject}' at {natural_language_time} with the sender for {natural_language_event_date}.","{natural_language_email_date} তারিখে {subject!en} নিয়ে আসা ইমেইলটা খুঁজে বের করো, তারপর যে পাঠিয়েছে তার সাথে {natural_language_event_date} {natural_language_time}টায় '{subject!en}' নামে একটা {natural_language_duration}ব্যাপী মিটিং শিডিউল করো।","Subject unquoted (as EN) but raw English via {subject!en}. 'X তারিখের' avoids hyphen on Bangla month. Duration suffix 'ব্যাপী' works for both ঘণ্টা/মিনিট. Time -> '{t}টায়' (policy §7.5)."
"T51.v2","T51","multi_domain","Can you find the email from {natural_language_email_date} about '{subject}' and schedule a {natural_language_duration} meeting called '{subject}' at {natural_language_time} with the sender for {natural_language_event_date}?","{natural_language_email_date} তারিখের '{subject!en}' বিষয়ের ইমেইলটা খুঁজে বের করে, যে পাঠিয়েছে তার সাথে {natural_language_event_date} {natural_language_time}টায় '{subject!en}' নামে একটা {natural_language_duration}ব্যাপী মিটিং শিডিউল করে দিতে পারবে?",""
"T51.v3","T51","multi_domain","I need to schedule a {natural_language_duration} meeting called '{subject}' at {natural_language_time} for {natural_language_event_date}. It's with the sender of the email from {natural_language_email_date} about '{subject}'. Can you do that?","{natural_language_event_date} {natural_language_time}টায় '{subject!en}' নামে একটা {natural_language_duration}ব্যাপী মিটিং শিডিউল করতে হবে। মিটিংটা হবে {natural_language_email_date} তারিখের '{subject!en}' বিষয়ের ইমেইলটা যে পাঠিয়েছে তার সাথে। করে দিতে পারবে?",""
"T52.v1","T52","multi_domain","Send an email to attendees of the first event on {natural_language_event_date}. Title it with the event name and tell them 'Remember to attend this event.'","{natural_language_event_date} তারিখের প্রথম ইভেন্টের অংশগ্রহণকারীদের একটা ইমেইল পাঠাও। টাইটেল হিসেবে ইভেন্টের নামটা দাও, আর ইমেইলে তাদের লিখে দাও 'Remember to attend this event.'","attendees -> 'অংশগ্রহণকারী'; title -> 'টাইটেল' (EN says title, not subject). Body literal kept English."
"T52.v2","T52","multi_domain","Can you send an email to attendees of the first event on {natural_language_event_date}? Title it with the event name and tell them 'Remember to attend this event.'","{natural_language_event_date} তারিখের প্রথম ইভেন্টের অংশগ্রহণকারীদের একটা ইমেইল পাঠাতে পারবে? টাইটেলে ইভেন্টের নামটা দিও, আর তাদের বলে দাও 'Remember to attend this event.'",""
"T52.v3","T52","multi_domain","I need to make sure everyone remembers to attend the first event on {natural_language_event_date}. Can you send an email to the attendees with the event name as the title and 'Remember to attend this event.' in the email?","{natural_language_event_date} তারিখের প্রথম ইভেন্টে সবাই যেন আসার কথা মনে রাখে, সেটা নিশ্চিত করতে চাই। অংশগ্রহণকারীদের একটা ইমেইল পাঠাতে পারবে? টাইটেল হবে ইভেন্টের নাম, আর ইমেইলে লেখা থাকবে 'Remember to attend this event.'","EN single question split into two sentences for natural Bangla."
"T53.v1","T53","multi_domain","If {sender_name} hasn't sent me any emails in the past {days} days, schedule a 30 minute meeting with them for {day_of_week} at {natural_language_time} called 'Catch up with {sender_name}'","গত {days} দিনে যদি {sender_name} আমাকে কোনো ইমেইল না পাঠিয়ে থাকে, তাহলে {day_of_week} {natural_language_time}টায় তার সাথে 'Catch up with {sender_name!en}' নামে একটা 30 মিনিটের মিটিং শিডিউল করো","Event name quoted English with {sender_name!en}; weekday from glossary; time bare + 'টায়' (no am/pm added)."
"T53.v2","T53","multi_domain","I can't remember the last time I heard from {sender_name}. Can you check if they've sent me any emails in the past {days} days? If not, schedule a 30 minute meeting with them for {day_of_week} at {natural_language_time} called 'Catch up with {sender_name}'","শেষ কবে {sender_name}-এর কোনো খবর পেয়েছি, মনে পড়ছে না। একটু দেখবে, গত {days} দিনে সে আমাকে কোনো ইমেইল পাঠিয়েছে কিনা? না পাঠালে, {day_of_week} {natural_language_time}টায় তার সাথে 'Catch up with {sender_name!en}' নামে একটা 30 মিনিটের মিটিং শিডিউল করো",""
"T53.v3","T53","multi_domain","if {sender_name} hasn't sent me any emails in the past {days} days, schedule a half hour meeting with them for {day_of_week} at {natural_language_time} and call it 'Catch up with {sender_name}'","গত {days} দিনে {sender_name} যদি আমাকে কোনো ইমেইল না পাঠিয়ে থাকে, তাহলে {day_of_week} {natural_language_time}টায় তার সাথে একটা আধা ঘণ্টার মিটিং শিডিউল করো, আর নাম দাও 'Catch up with {sender_name!en}'",""
"T54.v1","T54","multi_domain","If I haven't met with {name} in the past {days} days, send them an email titled 'Catch up soon?' saying 'We haven't caught up in a while - can you send some availability over next week?'","গত {days} দিনে যদি {name}-এর সাথে আমার কোনো মিটিং না হয়ে থাকে, তাহলে তাকে “Catch up soon?” টাইটেল দিয়ে একটা ইমেইল পাঠাও, তাতে লেখো “We haven't caught up in a while - can you send some availability over next week?”","Curly double quotes used in T54 because the body contains an apostrophe (haven't) that breaks the checker's '...' quote matching; literal text unchanged."
"T54.v2","T54","multi_domain","I haven't met with {name} in a while. if it's been longer than {days} days can you send them an email titled 'Catch up soon?' saying 'We haven't caught up in a while - can you send some availability over next week?'","{name}-এর সাথে অনেকদিন মিটিং হয়নি। যদি {days} দিনের বেশি হয়ে থাকে, তাহলে তাকে একটা ইমেইল পাঠাতে পারবে? টাইটেল হবে “Catch up soon?”, আর লেখা থাকবে “We haven't caught up in a while - can you send some availability over next week?”","Curly quotes (see v1)."
"T54.v3","T54","multi_domain","can't remember the last time I met with {name}. Can you check if it's been over {days} days? If so, send them an email titled 'Catch up soon?' saying 'We haven't caught up in a while - can you send some availability over next week?'","শেষ কবে {name}-এর সাথে মিটিং করেছি, মনে পড়ছে না। একটু দেখবে, {days} দিনের বেশি হয়ে গেছে কিনা? হয়ে থাকলে তাকে “Catch up soon?” টাইটেল দিয়ে একটা ইমেইল পাঠাও, তাতে লেখো “We haven't caught up in a while - can you send some availability over next week?”","Curly quotes (see v1)."
"T55.v1","T55","multi_domain","If I don't have any meetings scheduled with {name} in the next {days} days, send them an email titled 'Catch up soon?' saying 'We have not caught up in a while - can you send some availability over next week?'","আগামী {days} দিনে যদি {name}-এর সাথে আমার কোনো মিটিং শিডিউল করা না থাকে, তাহলে তাকে 'Catch up soon?' টাইটেল দিয়ে একটা ইমেইল পাঠাও, তাতে লেখো 'We have not caught up in a while - can you send some availability over next week?'","তুমি-form imperative register."
"T55.v2","T55","multi_domain","Did I already schedule a meeting with {name} in the next {days} days? If not, send them an email titled 'Catch up soon?' saying 'We have not caught up in a while - can you send some availability over next week?'","আগামী {days} দিনের মধ্যে {name}-এর সাথে আমি কি আগেই কোনো মিটিং শিডিউল করে রেখেছি? না করে থাকলে, তাকে 'Catch up soon?' টাইটেল দিয়ে একটা ইমেইল পাঠাও, তাতে লেখো 'We have not caught up in a while - can you send some availability over next week?'",""
"T55.v3","T55","multi_domain","I need to check if I have any meetings scheduled with {name} in the next {days} days. If not, send them an email titled 'Catch up soon?' saying 'We have not caught up in a while - can you send some availability over next week?'","আগামী {days} দিনে {name}-এর সাথে আমার কোনো মিটিং শিডিউল করা আছে কিনা, দেখতে হবে। না থাকলে, তাকে 'Catch up soon?' টাইটেল দিয়ে একটা ইমেইল পাঠাও, যেখানে লেখা থাকবে 'We have not caught up in a while - can you send some availability over next week?'",""
"T56.v1","T56","multi_domain","If {name} has any overdue tasks, send them an email titled 'Overdue tasks' saying 'You have a few overdue tasks - can you update me on them?'. Otherwise email them with 'Nice work keeping on top of your tasks this sprint!' titled 'Good work this sprint'","{name}-এর যদি ডেডলাইন পেরিয়ে যাওয়া কোনো টাস্ক থাকে, তাহলে তাকে 'Overdue tasks' টাইটেল দিয়ে একটা ইমেইল পাঠাও, তাতে লেখো 'You have a few overdue tasks - can you update me on them?'। না থাকলে তাকে 'Good work this sprint' টাইটেল দিয়ে ইমেইল করো, লেখো 'Nice work keeping on top of your tasks this sprint!'","Title/body order of the 'otherwise' email swapped for Bangla flow; all 4 literals kept English."
"T56.v2","T56","multi_domain","I think {name} might have some overdue tasks. Can you check and if so, send them an email titled 'Overdue tasks' saying 'You have a few overdue tasks - can you update me on them?'. Otherwise email them with 'Nice work keeping on top of your tasks this sprint!' titled 'Good work this sprint'","মনে হচ্ছে {name}-এর কিছু টাস্কের ডেডলাইন পেরিয়ে গেছে। একটু চেক করে দেখবে? সত্যিই তাই হলে, তাকে 'Overdue tasks' টাইটেল দিয়ে একটা ইমেইল পাঠাও, তাতে লেখো 'You have a few overdue tasks - can you update me on them?'। নাহলে তাকে 'Good work this sprint' টাইটেল দিয়ে ইমেইল করো, লেখো 'Nice work keeping on top of your tasks this sprint!'","'might' hedge -> 'মনে হচ্ছে'."
"T56.v3","T56","multi_domain","can you check if {name} has any overdue tasks? If so, send them an email titled 'Overdue tasks' saying 'You have a few overdue tasks - can you update me on them?'. Otherwise email them with 'Nice work keeping on top of your tasks this sprint!' titled 'Good work this sprint'","{name}-এর ডেডলাইন পেরিয়ে যাওয়া কোনো টাস্ক আছে কিনা দেখে দিতে পারবে? থাকলে, তাকে 'Overdue tasks' টাইটেল দিয়ে একটা ইমেইল পাঠাও, তাতে লেখো 'You have a few overdue tasks - can you update me on them?'। না থাকলে তাকে 'Good work this sprint' টাইটেল দিয়ে ইমেইল করো, লেখো 'Nice work keeping on top of your tasks this sprint!'",""
