benchmark,model_key,model_id,ref_condition,condition,scope,metric,value,n
workbench,ollama-gemma4-31b,gemma4:31b,c0,c6,overall,completion_rate_ref,0.8111,90
workbench,ollama-gemma4-31b,gemma4:31b,c0,c6,overall,completion_rate_treat,0.8222,90
workbench,ollama-gemma4-31b,gemma4:31b,c0,c6,overall,delta_completion,0.0111,90
workbench,ollama-gemma4-31b,gemma4:31b,c0,c6,overall,side_effect_rate_ref,0.1667,90
workbench,ollama-gemma4-31b,gemma4:31b,c0,c6,overall,side_effect_rate_treat,0.0889,90
workbench,ollama-gemma4-31b,gemma4:31b,c0,c6,overall,delta_side_effect,-0.0778,90
workbench,ollama-gemma4-31b,gemma4:31b,c0,c6,overall,n_ref_only,7,90
workbench,ollama-gemma4-31b,gemma4:31b,c0,c6,overall,n_treat_only,8,90
workbench,ollama-gemma4-31b,gemma4:31b,c0,c6,overall,mcnemar_p,1.0000,90
workbench,ollama-gemma4-31b,gemma4:31b,c0,c6,overall,delta_completion_ci95_low,-0.0778,90
workbench,ollama-gemma4-31b,gemma4:31b,c0,c6,overall,delta_completion_ci95_high,0.1000,90
workbench,ollama-gemma4-31b,gemma4:31b,c0,c6,overall,delta_side_effect_ci95_low,-0.1556,90
workbench,ollama-gemma4-31b,gemma4:31b,c0,c6,overall,delta_side_effect_ci95_high,0.0000,90
workbench,ollama-gemma4-31b,gemma4:31b,c0,c6,overall,completion_rate_ref_weighted,0.7671,90
workbench,ollama-gemma4-31b,gemma4:31b,c0,c6,overall,completion_rate_treat_weighted,0.7778,90
workbench,ollama-gemma4-31b,gemma4:31b,c0,c6,domain:email,completion_rate_ref,1.0000,15
workbench,ollama-gemma4-31b,gemma4:31b,c0,c6,domain:email,completion_rate_treat,0.9333,15
workbench,ollama-gemma4-31b,gemma4:31b,c0,c6,domain:email,delta_completion,-0.0667,15
workbench,ollama-gemma4-31b,gemma4:31b,c0,c6,domain:email,side_effect_rate_ref,0.0000,15
workbench,ollama-gemma4-31b,gemma4:31b,c0,c6,domain:email,side_effect_rate_treat,0.0000,15
workbench,ollama-gemma4-31b,gemma4:31b,c0,c6,domain:email,delta_side_effect,0.0000,15
workbench,ollama-gemma4-31b,gemma4:31b,c0,c6,domain:email,n_ref_only,1,15
workbench,ollama-gemma4-31b,gemma4:31b,c0,c6,domain:email,n_treat_only,0,15
workbench,ollama-gemma4-31b,gemma4:31b,c0,c6,domain:calendar,completion_rate_ref,0.8667,15
workbench,ollama-gemma4-31b,gemma4:31b,c0,c6,domain:calendar,completion_rate_treat,0.9333,15
workbench,ollama-gemma4-31b,gemma4:31b,c0,c6,domain:calendar,delta_completion,0.0667,15
workbench,ollama-gemma4-31b,gemma4:31b,c0,c6,domain:calendar,side_effect_rate_ref,0.1333,15
workbench,ollama-gemma4-31b,gemma4:31b,c0,c6,domain:calendar,side_effect_rate_treat,0.0667,15
workbench,ollama-gemma4-31b,gemma4:31b,c0,c6,domain:calendar,delta_side_effect,-0.0667,15
workbench,ollama-gemma4-31b,gemma4:31b,c0,c6,domain:calendar,n_ref_only,0,15
workbench,ollama-gemma4-31b,gemma4:31b,c0,c6,domain:calendar,n_treat_only,1,15
workbench,ollama-gemma4-31b,gemma4:31b,c0,c6,domain:analytics,completion_rate_ref,0.8667,15
workbench,ollama-gemma4-31b,gemma4:31b,c0,c6,domain:analytics,completion_rate_treat,0.6667,15
workbench,ollama-gemma4-31b,gemma4:31b,c0,c6,domain:analytics,delta_completion,-0.2000,15
workbench,ollama-gemma4-31b,gemma4:31b,c0,c6,domain:analytics,side_effect_rate_ref,0.0000,15
workbench,ollama-gemma4-31b,gemma4:31b,c0,c6,domain:analytics,side_effect_rate_treat,0.0000,15
workbench,ollama-gemma4-31b,gemma4:31b,c0,c6,domain:analytics,delta_side_effect,0.0000,15
workbench,ollama-gemma4-31b,gemma4:31b,c0,c6,domain:analytics,n_ref_only,3,15
workbench,ollama-gemma4-31b,gemma4:31b,c0,c6,domain:analytics,n_treat_only,0,15
workbench,ollama-gemma4-31b,gemma4:31b,c0,c6,domain:project_management,completion_rate_ref,0.8667,15
workbench,ollama-gemma4-31b,gemma4:31b,c0,c6,domain:project_management,completion_rate_treat,0.9333,15
workbench,ollama-gemma4-31b,gemma4:31b,c0,c6,domain:project_management,delta_completion,0.0667,15
workbench,ollama-gemma4-31b,gemma4:31b,c0,c6,domain:project_management,side_effect_rate_ref,0.1333,15
workbench,ollama-gemma4-31b,gemma4:31b,c0,c6,domain:project_management,side_effect_rate_treat,0.0667,15
workbench,ollama-gemma4-31b,gemma4:31b,c0,c6,domain:project_management,delta_side_effect,-0.0667,15
workbench,ollama-gemma4-31b,gemma4:31b,c0,c6,domain:project_management,n_ref_only,0,15
workbench,ollama-gemma4-31b,gemma4:31b,c0,c6,domain:project_management,n_treat_only,1,15
workbench,ollama-gemma4-31b,gemma4:31b,c0,c6,domain:customer_relationship_manager,completion_rate_ref,0.7333,15
workbench,ollama-gemma4-31b,gemma4:31b,c0,c6,domain:customer_relationship_manager,completion_rate_treat,0.8667,15
workbench,ollama-gemma4-31b,gemma4:31b,c0,c6,domain:customer_relationship_manager,delta_completion,0.1333,15
workbench,ollama-gemma4-31b,gemma4:31b,c0,c6,domain:customer_relationship_manager,side_effect_rate_ref,0.2667,15
workbench,ollama-gemma4-31b,gemma4:31b,c0,c6,domain:customer_relationship_manager,side_effect_rate_treat,0.0667,15
workbench,ollama-gemma4-31b,gemma4:31b,c0,c6,domain:customer_relationship_manager,delta_side_effect,-0.2000,15
workbench,ollama-gemma4-31b,gemma4:31b,c0,c6,domain:customer_relationship_manager,n_ref_only,1,15
workbench,ollama-gemma4-31b,gemma4:31b,c0,c6,domain:customer_relationship_manager,n_treat_only,3,15
workbench,ollama-gemma4-31b,gemma4:31b,c0,c6,domain:multi_domain,completion_rate_ref,0.5333,15
workbench,ollama-gemma4-31b,gemma4:31b,c0,c6,domain:multi_domain,completion_rate_treat,0.6000,15
workbench,ollama-gemma4-31b,gemma4:31b,c0,c6,domain:multi_domain,delta_completion,0.0667,15
workbench,ollama-gemma4-31b,gemma4:31b,c0,c6,domain:multi_domain,side_effect_rate_ref,0.4667,15
workbench,ollama-gemma4-31b,gemma4:31b,c0,c6,domain:multi_domain,side_effect_rate_treat,0.3333,15
workbench,ollama-gemma4-31b,gemma4:31b,c0,c6,domain:multi_domain,delta_side_effect,-0.1333,15
workbench,ollama-gemma4-31b,gemma4:31b,c0,c6,domain:multi_domain,n_ref_only,2,15
workbench,ollama-gemma4-31b,gemma4:31b,c0,c6,domain:multi_domain,n_treat_only,3,15
