task_uid,domain,template_id,correct_ref,correct_treat,side_effect_ref,side_effect_treat,pair_class
workbench:email:5,email,T01,1,1,0,0,both_correct
workbench:email:6,email,T01,1,1,0,0,both_correct
workbench:email:16,email,T02,1,1,0,0,both_correct
workbench:email:20,email,T03,1,1,0,0,both_correct
workbench:email:21,email,T03,1,1,0,0,both_correct
workbench:email:35,email,T04,1,1,0,0,both_correct
workbench:email:36,email,T04,1,1,0,0,both_correct
workbench:email:41,email,T05,1,0,0,0,ref_only
workbench:email:50,email,T06,1,1,0,0,both_correct
workbench:email:51,email,T06,1,1,0,0,both_correct
workbench:email:66,email,T07,1,1,0,0,both_correct
workbench:email:69,email,T07,1,1,0,0,both_correct
workbench:email:74,email,T08,1,1,0,0,both_correct
workbench:email:75,email,T08,1,1,0,0,both_correct
workbench:email:88,email,T09,1,1,0,0,both_correct
workbench:calendar:7,calendar,T10,1,1,0,0,both_correct
workbench:calendar:13,calendar,T11,1,1,0,0,both_correct
workbench:calendar:20,calendar,T12,1,1,0,0,both_correct
workbench:calendar:38,calendar,T13,1,1,0,0,both_correct
workbench:calendar:48,calendar,T14,1,1,0,0,both_correct
workbench:calendar:54,calendar,T15,1,1,0,0,both_correct
workbench:calendar:63,calendar,T16,0,1,1,0,treat_only
workbench:calendar:65,calendar,T16,1,1,0,0,both_correct
workbench:calendar:79,calendar,T17,0,0,1,1,both_wrong
workbench:calendar:84,calendar,T18,1,1,0,0,both_correct
workbench:calendar:88,calendar,T18,1,1,0,0,both_correct
workbench:calendar:90,calendar,T19,1,1,0,0,both_correct
workbench:calendar:95,calendar,T19,1,1,0,0,both_correct
workbench:calendar:104,calendar,T20,1,1,0,0,both_correct
workbench:calendar:105,calendar,T20,1,1,0,0,both_correct
workbench:analytics:0,analytics,T29,1,1,0,0,both_correct
workbench:analytics:15,analytics,T30,1,1,0,0,both_correct
workbench:analytics:20,analytics,T31,1,0,0,0,ref_only
workbench:analytics:21,analytics,T31,1,1,0,0,both_correct
workbench:analytics:32,analytics,T32,1,1,0,0,both_correct
workbench:analytics:42,analytics,T33,1,1,0,0,both_correct
workbench:analytics:43,analytics,T33,1,1,0,0,both_correct
workbench:analytics:51,analytics,T34,1,1,0,0,both_correct
workbench:analytics:54,analytics,T34,1,1,0,0,both_correct
workbench:analytics:69,analytics,T35,0,0,0,0,both_wrong
workbench:analytics:76,analytics,T36,0,0,0,0,both_wrong
workbench:analytics:84,analytics,T37,1,1,0,0,both_correct
workbench:analytics:98,analytics,T38,1,0,0,0,ref_only
workbench:analytics:105,analytics,T39,1,1,0,0,both_correct
workbench:analytics:119,analytics,T40,1,0,0,0,ref_only
workbench:project_management:2,project_management,T41,1,1,0,0,both_correct
workbench:project_management:5,project_management,T41,1,1,0,0,both_correct
workbench:project_management:17,project_management,T42,1,1,0,0,both_correct
workbench:project_management:18,project_management,T42,1,1,0,0,both_correct
workbench:project_management:20,project_management,T43,1,1,0,0,both_correct
workbench:project_management:28,project_management,T43,0,1,1,0,treat_only
workbench:project_management:30,project_management,T44,1,1,0,0,both_correct
workbench:project_management:35,project_management,T44,1,1,0,0,both_correct
workbench:project_management:42,project_management,T45,1,1,0,0,both_correct
workbench:project_management:49,project_management,T45,1,1,0,0,both_correct
workbench:project_management:57,project_management,T46,1,1,0,0,both_correct
workbench:project_management:60,project_management,T47,1,1,0,0,both_correct
workbench:project_management:64,project_management,T47,0,0,1,1,both_wrong
workbench:project_management:72,project_management,T48,1,1,0,0,both_correct
workbench:project_management:78,project_management,T48,1,1,0,0,both_correct
workbench:customer_relationship_manager:2,customer_relationship_manager,T21,1,1,0,0,both_correct
workbench:customer_relationship_manager:13,customer_relationship_manager,T22,1,1,0,0,both_correct
workbench:customer_relationship_manager:19,customer_relationship_manager,T22,1,1,0,0,both_correct
workbench:customer_relationship_manager:20,customer_relationship_manager,T23,1,1,0,0,both_correct
workbench:customer_relationship_manager:22,customer_relationship_manager,T23,1,1,0,0,both_correct
workbench:customer_relationship_manager:32,customer_relationship_manager,T24,1,1,0,0,both_correct
workbench:customer_relationship_manager:38,customer_relationship_manager,T24,1,1,0,0,both_correct
workbench:customer_relationship_manager:42,customer_relationship_manager,T25,0,1,1,0,treat_only
workbench:customer_relationship_manager:46,customer_relationship_manager,T25,0,1,1,0,treat_only
workbench:customer_relationship_manager:53,customer_relationship_manager,T26,1,1,0,0,both_correct
workbench:customer_relationship_manager:57,customer_relationship_manager,T26,0,1,1,0,treat_only
workbench:customer_relationship_manager:60,customer_relationship_manager,T27,1,1,0,0,both_correct
workbench:customer_relationship_manager:66,customer_relationship_manager,T27,1,1,0,0,both_correct
workbench:customer_relationship_manager:74,customer_relationship_manager,T28,0,0,1,0,both_wrong
workbench:customer_relationship_manager:77,customer_relationship_manager,T28,1,0,0,1,ref_only
workbench:multi_domain:6,multi_domain,T49,0,1,1,0,treat_only
workbench:multi_domain:18,multi_domain,T50,0,0,1,1,both_wrong
workbench:multi_domain:25,multi_domain,T51,1,1,0,0,both_correct
workbench:multi_domain:31,multi_domain,T52,1,1,0,0,both_correct
workbench:multi_domain:66,multi_domain,T55,1,1,0,0,both_correct
workbench:multi_domain:76,multi_domain,T56,1,1,0,0,both_correct
workbench:multi_domain:84,multi_domain,T57,1,0,0,1,ref_only
workbench:multi_domain:94,multi_domain,T58,1,1,0,0,both_correct
workbench:multi_domain:102,multi_domain,T59,0,1,1,0,treat_only
workbench:multi_domain:120,multi_domain,T61,1,0,0,1,ref_only
workbench:multi_domain:130,multi_domain,T62,0,1,1,0,treat_only
workbench:multi_domain:149,multi_domain,T63,0,0,1,0,both_wrong
workbench:multi_domain:169,multi_domain,T65,1,1,0,0,both_correct
workbench:multi_domain:182,multi_domain,T67,0,0,1,1,both_wrong
workbench:multi_domain:200,multi_domain,T69,0,0,1,1,both_wrong
