"task","outcome","base_template","chosen_template","domains"
"21 নভেম্বর থেকে মোট ভিজিট দেখিয়ে একটা bar চার্ট বানাতে পারবে?","['analytics.create_plot.func(time_min=""2023-11-21"", time_max=""2023-11-29"", value_to_plot=""total_visits"", plot_type=""bar"")']","Can you make a {plot_type} chart of {natural_language_metric} since {natural_language_date}?","{natural_language_date} থেকে {natural_language_metric} দেখিয়ে একটা {plot_type} চার্ট বানাতে পারবে?","['analytics']"
"27 সেপ্টেম্বর থেকে এনগেজড ইউজার দেখিয়ে একটা histogram চার্ট বানাতে পারবে?","['analytics.create_plot.func(time_min=""2023-09-27"", time_max=""2023-11-29"", value_to_plot=""user_engaged"", plot_type=""histogram"")']","Can you make a {plot_type} chart of {natural_language_metric} since {natural_language_date}?","{natural_language_date} থেকে {natural_language_metric} দেখিয়ে একটা {plot_type} চার্ট বানাতে পারবে?","['analytics']"
"2 সেপ্টেম্বর থেকে মোট ভিজিটের একটা bar চার্ট বানাও","['analytics.create_plot.func(time_min=""2023-09-02"", time_max=""2023-11-29"", value_to_plot=""total_visits"", plot_type=""bar"")']","Can you make a {plot_type} chart of {natural_language_metric} since {natural_language_date}?","{natural_language_date} থেকে {natural_language_metric}ের একটা {plot_type} চার্ট বানাও","['analytics']"
"7 সেপ্টেম্বর থেকে এনগেজড ইউজার দেখিয়ে একটা scatter চার্ট বানাতে পারবে?","['analytics.create_plot.func(time_min=""2023-09-07"", time_max=""2023-11-29"", value_to_plot=""user_engaged"", plot_type=""scatter"")']","Can you make a {plot_type} chart of {natural_language_metric} since {natural_language_date}?","{natural_language_date} থেকে {natural_language_metric} দেখিয়ে একটা {plot_type} চার্ট বানাতে পারবে?","['analytics']"
"2 অক্টোবর থেকে এনগেজড ইউজার দেখিয়ে একটা bar চার্ট বানাতে পারবে?","['analytics.create_plot.func(time_min=""2023-10-02"", time_max=""2023-11-29"", value_to_plot=""user_engaged"", plot_type=""bar"")']","Can you make a {plot_type} chart of {natural_language_metric} since {natural_language_date}?","{natural_language_date} থেকে {natural_language_metric} দেখিয়ে একটা {plot_type} চার্ট বানাতে পারবে?","['analytics']"
"28 অক্টোবর থেকে মোট ভিজিট scatter চার্ট আকারে দেখাও","['analytics.create_plot.func(time_min=""2023-10-28"", time_max=""2023-11-29"", value_to_plot=""total_visits"", plot_type=""scatter"")']","Can you make a {plot_type} chart of {natural_language_metric} since {natural_language_date}?","{natural_language_date} থেকে {natural_language_metric} {plot_type} চার্ট আকারে দেখাও","['analytics']"
"29 সেপ্টেম্বর থেকে গড় সেশনের সময়কাল line চার্ট আকারে দেখাও","['analytics.create_plot.func(time_min=""2023-09-29"", time_max=""2023-11-29"", value_to_plot=""session_duration_seconds"", plot_type=""line"")']","Can you make a {plot_type} chart of {natural_language_metric} since {natural_language_date}?","{natural_language_date} থেকে {natural_language_metric} {plot_type} চার্ট আকারে দেখাও","['analytics']"
"4 সেপ্টেম্বর থেকে এনগেজড ইউজারের একটা bar চার্ট বানাও","['analytics.create_plot.func(time_min=""2023-09-04"", time_max=""2023-11-29"", value_to_plot=""user_engaged"", plot_type=""bar"")']","Can you make a {plot_type} chart of {natural_language_metric} since {natural_language_date}?","{natural_language_date} থেকে {natural_language_metric}ের একটা {plot_type} চার্ট বানাও","['analytics']"
"9 সেপ্টেম্বর থেকে মোট ভিজিট দেখিয়ে একটা bar চার্ট বানাতে পারবে?","['analytics.create_plot.func(time_min=""2023-09-09"", time_max=""2023-11-29"", value_to_plot=""total_visits"", plot_type=""bar"")']","Can you make a {plot_type} chart of {natural_language_metric} since {natural_language_date}?","{natural_language_date} থেকে {natural_language_metric} দেখিয়ে একটা {plot_type} চার্ট বানাতে পারবে?","['analytics']"
"26 সেপ্টেম্বর থেকে গড় সেশনের সময়কাল bar চার্ট আকারে দেখাও","['analytics.create_plot.func(time_min=""2023-09-26"", time_max=""2023-11-29"", value_to_plot=""session_duration_seconds"", plot_type=""bar"")']","Can you make a {plot_type} chart of {natural_language_metric} since {natural_language_date}?","{natural_language_date} থেকে {natural_language_metric} {plot_type} চার্ট আকারে দেখাও","['analytics']"
"প্লিজ 10 অক্টোবর তারিখের মোট ভিজিট মেট্রিকটার ডিস্ট্রিবিউশন চার্টে দেখাও","['analytics.create_plot.func(time_min=""2023-10-10"", time_max=""2023-10-10"", value_to_plot=""total_visits"", plot_type=""histogram"")']","Plot the distribution of {natural_language_metric} on {natural_language_date}","প্লিজ {natural_language_date} তারিখের {natural_language_metric} মেট্রিকটার ডিস্ট্রিবিউশন চার্টে দেখাও","['analytics']"
"প্লিজ 20 অক্টোবর তারিখের মোট ভিজিট মেট্রিকটার ডিস্ট্রিবিউশন চার্টে দেখাও","['analytics.create_plot.func(time_min=""2023-10-20"", time_max=""2023-10-20"", value_to_plot=""total_visits"", plot_type=""histogram"")']","Plot the distribution of {natural_language_metric} on {natural_language_date}","প্লিজ {natural_language_date} তারিখের {natural_language_metric} মেট্রিকটার ডিস্ট্রিবিউশন চার্টে দেখাও","['analytics']"
"20 সেপ্টেম্বর তারিখের মোট ভিজিট নিয়ে একটা histogram বানাতে পারবে?","['analytics.create_plot.func(time_min=""2023-09-20"", time_max=""2023-09-20"", value_to_plot=""total_visits"", plot_type=""histogram"")']","Plot the distribution of {natural_language_metric} on {natural_language_date}","{natural_language_date} তারিখের {natural_language_metric} নিয়ে একটা histogram বানাতে পারবে?","['analytics']"
"প্লিজ 9 সেপ্টেম্বর তারিখের মোট ভিজিট মেট্রিকটার ডিস্ট্রিবিউশন চার্টে দেখাও","['analytics.create_plot.func(time_min=""2023-09-09"", time_max=""2023-09-09"", value_to_plot=""total_visits"", plot_type=""histogram"")']","Plot the distribution of {natural_language_metric} on {natural_language_date}","প্লিজ {natural_language_date} তারিখের {natural_language_metric} মেট্রিকটার ডিস্ট্রিবিউশন চার্টে দেখাও","['analytics']"
"প্লিজ 17 অক্টোবর তারিখের মোট ভিজিট মেট্রিকটার ডিস্ট্রিবিউশন চার্টে দেখাও","['analytics.create_plot.func(time_min=""2023-10-17"", time_max=""2023-10-17"", value_to_plot=""total_visits"", plot_type=""histogram"")']","Plot the distribution of {natural_language_metric} on {natural_language_date}","প্লিজ {natural_language_date} তারিখের {natural_language_metric} মেট্রিকটার ডিস্ট্রিবিউশন চার্টে দেখাও","['analytics']"
"প্লিজ 11 সেপ্টেম্বর তারিখের গড় সেশনের সময়কাল মেট্রিকটার ডিস্ট্রিবিউশন চার্টে দেখাও","['analytics.create_plot.func(time_min=""2023-09-11"", time_max=""2023-09-11"", value_to_plot=""session_duration_seconds"", plot_type=""histogram"")']","Plot the distribution of {natural_language_metric} on {natural_language_date}","প্লিজ {natural_language_date} তারিখের {natural_language_metric} মেট্রিকটার ডিস্ট্রিবিউশন চার্টে দেখাও","['analytics']"
"প্লিজ 14 নভেম্বর তারিখের মোট ভিজিট মেট্রিকটার ডিস্ট্রিবিউশন চার্টে দেখাও","['analytics.create_plot.func(time_min=""2023-11-14"", time_max=""2023-11-14"", value_to_plot=""total_visits"", plot_type=""histogram"")']","Plot the distribution of {natural_language_metric} on {natural_language_date}","প্লিজ {natural_language_date} তারিখের {natural_language_metric} মেট্রিকটার ডিস্ট্রিবিউশন চার্টে দেখাও","['analytics']"
"প্লিজ 15 নভেম্বর তারিখের এনগেজড ইউজার মেট্রিকটার ডিস্ট্রিবিউশন চার্টে দেখাও","['analytics.create_plot.func(time_min=""2023-11-15"", time_max=""2023-11-15"", value_to_plot=""user_engaged"", plot_type=""histogram"")']","Plot the distribution of {natural_language_metric} on {natural_language_date}","প্লিজ {natural_language_date} তারিখের {natural_language_metric} মেট্রিকটার ডিস্ট্রিবিউশন চার্টে দেখাও","['analytics']"
"প্লিজ 29 নভেম্বর তারিখের এনগেজড ইউজার মেট্রিকটার ডিস্ট্রিবিউশন চার্টে দেখাও","['analytics.create_plot.func(time_min=""2023-11-29"", time_max=""2023-11-29"", value_to_plot=""user_engaged"", plot_type=""histogram"")']","Plot the distribution of {natural_language_metric} on {natural_language_date}","প্লিজ {natural_language_date} তারিখের {natural_language_metric} মেট্রিকটার ডিস্ট্রিবিউশন চার্টে দেখাও","['analytics']"
"28 অক্টোবর তারিখের মোট ভিজিটের ডিস্ট্রিবিউশন চার্টে দেখাও","['analytics.create_plot.func(time_min=""2023-10-28"", time_max=""2023-10-28"", value_to_plot=""total_visits"", plot_type=""histogram"")']","Plot the distribution of {natural_language_metric} on {natural_language_date}","{natural_language_date} তারিখের {natural_language_metric}ের ডিস্ট্রিবিউশন চার্টে দেখাও","['analytics']"
"প্লিজ 5 নভেম্বর থেকে 21 নভেম্বর সময়ের মধ্যে এনগেজড ইউজার ও মোট ভিজিটের ডিস্ট্রিবিউশন আমাকে চার্টে দেখিয়ে দাও","['analytics.create_plot.func(time_min=""2023-11-05"", time_max=""2023-11-21"", value_to_plot=""user_engaged"", plot_type=""histogram"")', 'analytics.create_plot.func(time_min=""2023-11-05"", time_max=""2023-11-21"", value_to_plot=""total_visits"", plot_type=""histogram"")']","Can you plot the distribution of both {natural_language_metric} and {natural_language_metric_2} between {natural_language_date} and {natural_language_date_max}??","প্লিজ {natural_language_date} থেকে {natural_language_date_max} সময়ের মধ্যে {natural_language_metric} ও {natural_language_metric_2}ের ডিস্ট্রিবিউশন আমাকে চার্টে দেখিয়ে দাও","['analytics']"
"29 সেপ্টেম্বর আর 13 নভেম্বরের মধ্যে মোট ভিজিট আর গড় সেশনের সময়কালের একটা histogram লাগবে","['analytics.create_plot.func(time_min=""2023-09-29"", time_max=""2023-11-13"", value_to_plot=""total_visits"", plot_type=""histogram"")', 'analytics.create_plot.func(time_min=""2023-09-29"", time_max=""2023-11-13"", value_to_plot=""session_duration_seconds"", plot_type=""histogram"")']","Can you plot the distribution of both {natural_language_metric} and {natural_language_metric_2} between {natural_language_date} and {natural_language_date_max}??","{natural_language_date} আর {natural_language_date_max}ের মধ্যে {natural_language_metric} আর {natural_language_metric_2}ের একটা histogram লাগবে","['analytics']"
"11 অক্টোবর থেকে 19 নভেম্বর পর্যন্ত মোট ভিজিট আর গড় সেশনের সময়কাল দুটোরই ডিস্ট্রিবিউশন চার্টে দেখাতে পারবে??","['analytics.create_plot.func(time_min=""2023-10-11"", time_max=""2023-11-19"", value_to_plot=""total_visits"", plot_type=""histogram"")', 'analytics.create_plot.func(time_min=""2023-10-11"", time_max=""2023-11-19"", value_to_plot=""session_duration_seconds"", plot_type=""histogram"")']","Can you plot the distribution of both {natural_language_metric} and {natural_language_metric_2} between {natural_language_date} and {natural_language_date_max}??","{natural_language_date} থেকে {natural_language_date_max} পর্যন্ত {natural_language_metric} আর {natural_language_metric_2} দুটোরই ডিস্ট্রিবিউশন চার্টে দেখাতে পারবে??","['analytics']"
"12 অক্টোবর থেকে 6 নভেম্বর পর্যন্ত মোট ভিজিট আর গড় সেশনের সময়কাল দুটোরই ডিস্ট্রিবিউশন চার্টে দেখাতে পারবে??","['analytics.create_plot.func(time_min=""2023-10-12"", time_max=""2023-11-06"", value_to_plot=""total_visits"", plot_type=""histogram"")', 'analytics.create_plot.func(time_min=""2023-10-12"", time_max=""2023-11-06"", value_to_plot=""session_duration_seconds"", plot_type=""histogram"")']","Can you plot the distribution of both {natural_language_metric} and {natural_language_metric_2} between {natural_language_date} and {natural_language_date_max}??","{natural_language_date} থেকে {natural_language_date_max} পর্যন্ত {natural_language_metric} আর {natural_language_metric_2} দুটোরই ডিস্ট্রিবিউশন চার্টে দেখাতে পারবে??","['analytics']"
"প্লিজ 14 অক্টোবর থেকে 6 নভেম্বর সময়ের মধ্যে এনগেজড ইউজার ও গড় সেশনের সময়কালের ডিস্ট্রিবিউশন আমাকে চার্টে দেখিয়ে দাও","['analytics.create_plot.func(time_min=""2023-10-14"", time_max=""2023-11-06"", value_to_plot=""user_engaged"", plot_type=""histogram"")', 'analytics.create_plot.func(time_min=""2023-10-14"", time_max=""2023-11-06"", value_to_plot=""session_duration_seconds"", plot_type=""histogram"")']","Can you plot the distribution of both {natural_language_metric} and {natural_language_metric_2} between {natural_language_date} and {natural_language_date_max}??","প্লিজ {natural_language_date} থেকে {natural_language_date_max} সময়ের মধ্যে {natural_language_metric} ও {natural_language_metric_2}ের ডিস্ট্রিবিউশন আমাকে চার্টে দেখিয়ে দাও","['analytics']"
"প্লিজ 15 নভেম্বর থেকে 24 নভেম্বর সময়ের মধ্যে মোট ভিজিট ও গড় সেশনের সময়কালের ডিস্ট্রিবিউশন আমাকে চার্টে দেখিয়ে দাও","['analytics.create_plot.func(time_min=""2023-11-15"", time_max=""2023-11-24"", value_to_plot=""total_visits"", plot_type=""histogram"")', 'analytics.create_plot.func(time_min=""2023-11-15"", time_max=""2023-11-24"", value_to_plot=""session_duration_seconds"", plot_type=""histogram"")']","Can you plot the distribution of both {natural_language_metric} and {natural_language_metric_2} between {natural_language_date} and {natural_language_date_max}??","প্লিজ {natural_language_date} থেকে {natural_language_date_max} সময়ের মধ্যে {natural_language_metric} ও {natural_language_metric_2}ের ডিস্ট্রিবিউশন আমাকে চার্টে দেখিয়ে দাও","['analytics']"
"3 নভেম্বর আর 19 নভেম্বরের মধ্যে গড় সেশনের সময়কাল আর এনগেজড ইউজারের একটা histogram লাগবে","['analytics.create_plot.func(time_min=""2023-11-03"", time_max=""2023-11-19"", value_to_plot=""session_duration_seconds"", plot_type=""histogram"")', 'analytics.create_plot.func(time_min=""2023-11-03"", time_max=""2023-11-19"", value_to_plot=""user_engaged"", plot_type=""histogram"")']","Can you plot the distribution of both {natural_language_metric} and {natural_language_metric_2} between {natural_language_date} and {natural_language_date_max}??","{natural_language_date} আর {natural_language_date_max}ের মধ্যে {natural_language_metric} আর {natural_language_metric_2}ের একটা histogram লাগবে","['analytics']"
"প্লিজ 3 সেপ্টেম্বর থেকে 2 নভেম্বর সময়ের মধ্যে এনগেজড ইউজার ও মোট ভিজিটের ডিস্ট্রিবিউশন আমাকে চার্টে দেখিয়ে দাও","['analytics.create_plot.func(time_min=""2023-09-03"", time_max=""2023-11-02"", value_to_plot=""user_engaged"", plot_type=""histogram"")', 'analytics.create_plot.func(time_min=""2023-09-03"", time_max=""2023-11-02"", value_to_plot=""total_visits"", plot_type=""histogram"")']","Can you plot the distribution of both {natural_language_metric} and {natural_language_metric_2} between {natural_language_date} and {natural_language_date_max}??","প্লিজ {natural_language_date} থেকে {natural_language_date_max} সময়ের মধ্যে {natural_language_metric} ও {natural_language_metric_2}ের ডিস্ট্রিবিউশন আমাকে চার্টে দেখিয়ে দাও","['analytics']"
"প্লিজ 24 নভেম্বর থেকে 28 নভেম্বর সময়ের মধ্যে মোট ভিজিট ও গড় সেশনের সময়কালের ডিস্ট্রিবিউশন আমাকে চার্টে দেখিয়ে দাও","['analytics.create_plot.func(time_min=""2023-11-24"", time_max=""2023-11-28"", value_to_plot=""total_visits"", plot_type=""histogram"")', 'analytics.create_plot.func(time_min=""2023-11-24"", time_max=""2023-11-28"", value_to_plot=""session_duration_seconds"", plot_type=""histogram"")']","Can you plot the distribution of both {natural_language_metric} and {natural_language_metric_2} between {natural_language_date} and {natural_language_date_max}??","প্লিজ {natural_language_date} থেকে {natural_language_date_max} সময়ের মধ্যে {natural_language_metric} ও {natural_language_metric_2}ের ডিস্ট্রিবিউশন আমাকে চার্টে দেখিয়ে দাও","['analytics']"
"9 অক্টোবর আর 26 অক্টোবরের মধ্যে গড় সেশনের সময়কাল আর এনগেজড ইউজারের একটা histogram লাগবে","['analytics.create_plot.func(time_min=""2023-10-09"", time_max=""2023-10-26"", value_to_plot=""session_duration_seconds"", plot_type=""histogram"")', 'analytics.create_plot.func(time_min=""2023-10-09"", time_max=""2023-10-26"", value_to_plot=""user_engaged"", plot_type=""histogram"")']","Can you plot the distribution of both {natural_language_metric} and {natural_language_metric_2} between {natural_language_date} and {natural_language_date_max}??","{natural_language_date} আর {natural_language_date_max}ের মধ্যে {natural_language_metric} আর {natural_language_metric_2}ের একটা histogram লাগবে","['analytics']"
"13 সেপ্টেম্বর থেকে কোনো সময় কি মোট ভিজিট 3-এর চেয়ে কম ছিল? যদি তাই হয়, প্লিজ এটা line চার্ট আকারে দেখাও","[]","If {natural_language_metric} was {more_or_less} than {threshold} at any time since {natural_language_date}, make a line plot of it since then","{natural_language_date} থেকে কোনো সময় কি {natural_language_metric} {threshold}-এর চেয়ে {more_or_less} ছিল? যদি তাই হয়, প্লিজ এটা line চার্ট আকারে দেখাও","['analytics']"
"24 অক্টোবর থেকে এনগেজড ইউজারের একটা line চার্ট বানাতে পারবে, যদি 24 অক্টোবর থেকে কোনো সময় এটা 11-এর চেয়ে কম হয়ে থাকে?","['analytics.create_plot.func(time_min=""2023-10-24"", time_max=""2023-11-29"", value_to_plot=""user_engaged"", plot_type=""line"")']","If {natural_language_metric} was {more_or_less} than {threshold} at any time since {natural_language_date}, make a line plot of it since then","{natural_language_date} থেকে {natural_language_metric}ের একটা line চার্ট বানাতে পারবে, যদি {natural_language_date} থেকে কোনো সময় এটা {threshold}-এর চেয়ে {more_or_less} হয়ে থাকে?","['analytics']"
"28 অক্টোবর থেকে কোনো সময় কি মোট ভিজিট 3-এর চেয়ে বেশি ছিল? যদি তাই হয়, প্লিজ এটা line চার্ট আকারে দেখাও","['analytics.create_plot.func(time_min=""2023-10-28"", time_max=""2023-11-29"", value_to_plot=""total_visits"", plot_type=""line"")']","If {natural_language_metric} was {more_or_less} than {threshold} at any time since {natural_language_date}, make a line plot of it since then","{natural_language_date} থেকে কোনো সময় কি {natural_language_metric} {threshold}-এর চেয়ে {more_or_less} ছিল? যদি তাই হয়, প্লিজ এটা line চার্ট আকারে দেখাও","['analytics']"
"29 অক্টোবর থেকে কোনো এক সময় যদি গড় সেশনের সময়কাল 2-এর চেয়ে বেশি হয়ে থাকে, তাহলে তখন থেকে এটার একটা line চার্ট বানাও","['analytics.create_plot.func(time_min=""2023-10-29"", time_max=""2023-11-29"", value_to_plot=""session_duration_seconds"", plot_type=""line"")']","If {natural_language_metric} was {more_or_less} than {threshold} at any time since {natural_language_date}, make a line plot of it since then","{natural_language_date} থেকে কোনো এক সময় যদি {natural_language_metric} {threshold}-এর চেয়ে {more_or_less} হয়ে থাকে, তাহলে তখন থেকে এটার একটা line চার্ট বানাও","['analytics']"
"7 সেপ্টেম্বর থেকে কোনো সময় কি এনগেজড ইউজার 1-এর চেয়ে কম ছিল? যদি তাই হয়, প্লিজ এটা line চার্ট আকারে দেখাও","['analytics.create_plot.func(time_min=""2023-09-07"", time_max=""2023-11-29"", value_to_plot=""user_engaged"", plot_type=""line"")']","If {natural_language_metric} was {more_or_less} than {threshold} at any time since {natural_language_date}, make a line plot of it since then","{natural_language_date} থেকে কোনো সময় কি {natural_language_metric} {threshold}-এর চেয়ে {more_or_less} ছিল? যদি তাই হয়, প্লিজ এটা line চার্ট আকারে দেখাও","['analytics']"
"6 অক্টোবর থেকে কোনো সময় কি মোট ভিজিট 3-এর চেয়ে বেশি ছিল? যদি তাই হয়, প্লিজ এটা line চার্ট আকারে দেখাও","['analytics.create_plot.func(time_min=""2023-10-06"", time_max=""2023-11-29"", value_to_plot=""total_visits"", plot_type=""line"")']","If {natural_language_metric} was {more_or_less} than {threshold} at any time since {natural_language_date}, make a line plot of it since then","{natural_language_date} থেকে কোনো সময় কি {natural_language_metric} {threshold}-এর চেয়ে {more_or_less} ছিল? যদি তাই হয়, প্লিজ এটা line চার্ট আকারে দেখাও","['analytics']"
"5 নভেম্বর থেকে কোনো সময় কি গড় সেশনের সময়কাল 19-এর চেয়ে বেশি ছিল? যদি তাই হয়, প্লিজ এটা line চার্ট আকারে দেখাও","['analytics.create_plot.func(time_min=""2023-11-05"", time_max=""2023-11-29"", value_to_plot=""session_duration_seconds"", plot_type=""line"")']","If {natural_language_metric} was {more_or_less} than {threshold} at any time since {natural_language_date}, make a line plot of it since then","{natural_language_date} থেকে কোনো সময় কি {natural_language_metric} {threshold}-এর চেয়ে {more_or_less} ছিল? যদি তাই হয়, প্লিজ এটা line চার্ট আকারে দেখাও","['analytics']"
"24 সেপ্টেম্বর থেকে মোট ভিজিটের একটা line চার্ট বানাতে পারবে, যদি 24 সেপ্টেম্বর থেকে কোনো সময় এটা 21-এর চেয়ে বেশি হয়ে থাকে?","[]","If {natural_language_metric} was {more_or_less} than {threshold} at any time since {natural_language_date}, make a line plot of it since then","{natural_language_date} থেকে {natural_language_metric}ের একটা line চার্ট বানাতে পারবে, যদি {natural_language_date} থেকে কোনো সময় এটা {threshold}-এর চেয়ে {more_or_less} হয়ে থাকে?","['analytics']"
"6 অক্টোবর থেকে এনগেজড ইউজারের একটা line চার্ট বানাতে পারবে, যদি 6 অক্টোবর থেকে কোনো সময় এটা 1-এর চেয়ে বেশি হয়ে থাকে?","['analytics.create_plot.func(time_min=""2023-10-06"", time_max=""2023-11-29"", value_to_plot=""user_engaged"", plot_type=""line"")']","If {natural_language_metric} was {more_or_less} than {threshold} at any time since {natural_language_date}, make a line plot of it since then","{natural_language_date} থেকে {natural_language_metric}ের একটা line চার্ট বানাতে পারবে, যদি {natural_language_date} থেকে কোনো সময় এটা {threshold}-এর চেয়ে {more_or_less} হয়ে থাকে?","['analytics']"
"9 সেপ্টেম্বর থেকে এনগেজড ইউজারের একটা line চার্ট বানাতে পারবে, যদি 9 সেপ্টেম্বর থেকে কোনো সময় এটা 5-এর চেয়ে বেশি হয়ে থাকে?","['analytics.create_plot.func(time_min=""2023-09-09"", time_max=""2023-11-29"", value_to_plot=""user_engaged"", plot_type=""line"")']","If {natural_language_metric} was {more_or_less} than {threshold} at any time since {natural_language_date}, make a line plot of it since then","{natural_language_date} থেকে {natural_language_metric}ের একটা line চার্ট বানাতে পারবে, যদি {natural_language_date} থেকে কোনো সময় এটা {threshold}-এর চেয়ে {more_or_less} হয়ে থাকে?","['analytics']"
"2023-09-04 থেকে গড় সেশনের সময়কাল আর এনগেজড ইউজার দেখিয়ে bar চার্ট বানাও","['analytics.create_plot.func(time_min=""2023-09-04"", time_max=""2023-11-29"", value_to_plot=""session_duration_seconds"", plot_type=""bar"")', 'analytics.create_plot.func(time_min=""2023-09-04"", time_max=""2023-11-29"", value_to_plot=""user_engaged"", plot_type=""bar"")']","Make bar charts showing {natural_language_metric} and {natural_language_metric_2} since {date_min}","{date_min} থেকে {natural_language_metric} আর {natural_language_metric_2} দেখিয়ে bar চার্ট বানাও","['analytics']"
"2023-11-05 থেকে গড় সেশনের সময়কাল ও মোট ভিজিটের bar চার্ট বানিয়ে দিতে পারবে?","['analytics.create_plot.func(time_min=""2023-11-05"", time_max=""2023-11-29"", value_to_plot=""session_duration_seconds"", plot_type=""bar"")', 'analytics.create_plot.func(time_min=""2023-11-05"", time_max=""2023-11-29"", value_to_plot=""total_visits"", plot_type=""bar"")']","Make bar charts showing {natural_language_metric} and {natural_language_metric_2} since {date_min}","{date_min} থেকে {natural_language_metric} ও {natural_language_metric_2}ের bar চার্ট বানিয়ে দিতে পারবে?","['analytics']"
"2023-11-10 থেকে মোট ভিজিট আর এনগেজড ইউজারের bar চার্ট লাগবে","['analytics.create_plot.func(time_min=""2023-11-10"", time_max=""2023-11-29"", value_to_plot=""total_visits"", plot_type=""bar"")', 'analytics.create_plot.func(time_min=""2023-11-10"", time_max=""2023-11-29"", value_to_plot=""user_engaged"", plot_type=""bar"")']","Make bar charts showing {natural_language_metric} and {natural_language_metric_2} since {date_min}","{date_min} থেকে {natural_language_metric} আর {natural_language_metric_2}ের bar চার্ট লাগবে","['analytics']"
"2023-09-24 থেকে এনগেজড ইউজার আর গড় সেশনের সময়কাল দেখিয়ে bar চার্ট বানাও","['analytics.create_plot.func(time_min=""2023-09-24"", time_max=""2023-11-29"", value_to_plot=""user_engaged"", plot_type=""bar"")', 'analytics.create_plot.func(time_min=""2023-09-24"", time_max=""2023-11-29"", value_to_plot=""session_duration_seconds"", plot_type=""bar"")']","Make bar charts showing {natural_language_metric} and {natural_language_metric_2} since {date_min}","{date_min} থেকে {natural_language_metric} আর {natural_language_metric_2} দেখিয়ে bar চার্ট বানাও","['analytics']"
"2023-11-03 থেকে গড় সেশনের সময়কাল আর মোট ভিজিটের bar চার্ট লাগবে","['analytics.create_plot.func(time_min=""2023-11-03"", time_max=""2023-11-29"", value_to_plot=""session_duration_seconds"", plot_type=""bar"")', 'analytics.create_plot.func(time_min=""2023-11-03"", time_max=""2023-11-29"", value_to_plot=""total_visits"", plot_type=""bar"")']","Make bar charts showing {natural_language_metric} and {natural_language_metric_2} since {date_min}","{date_min} থেকে {natural_language_metric} আর {natural_language_metric_2}ের bar চার্ট লাগবে","['analytics']"
"2023-11-17 থেকে গড় সেশনের সময়কাল আর মোট ভিজিট দেখিয়ে bar চার্ট বানাও","['analytics.create_plot.func(time_min=""2023-11-17"", time_max=""2023-11-29"", value_to_plot=""session_duration_seconds"", plot_type=""bar"")', 'analytics.create_plot.func(time_min=""2023-11-17"", time_max=""2023-11-29"", value_to_plot=""total_visits"", plot_type=""bar"")']","Make bar charts showing {natural_language_metric} and {natural_language_metric_2} since {date_min}","{date_min} থেকে {natural_language_metric} আর {natural_language_metric_2} দেখিয়ে bar চার্ট বানাও","['analytics']"
"2023-11-17 থেকে মোট ভিজিট আর এনগেজড ইউজার দেখিয়ে bar চার্ট বানাও","['analytics.create_plot.func(time_min=""2023-11-17"", time_max=""2023-11-29"", value_to_plot=""total_visits"", plot_type=""bar"")', 'analytics.create_plot.func(time_min=""2023-11-17"", time_max=""2023-11-29"", value_to_plot=""user_engaged"", plot_type=""bar"")']","Make bar charts showing {natural_language_metric} and {natural_language_metric_2} since {date_min}","{date_min} থেকে {natural_language_metric} আর {natural_language_metric_2} দেখিয়ে bar চার্ট বানাও","['analytics']"
"2023-11-23 থেকে এনগেজড ইউজার আর গড় সেশনের সময়কাল দেখিয়ে bar চার্ট বানাও","['analytics.create_plot.func(time_min=""2023-11-23"", time_max=""2023-11-29"", value_to_plot=""user_engaged"", plot_type=""bar"")', 'analytics.create_plot.func(time_min=""2023-11-23"", time_max=""2023-11-29"", value_to_plot=""session_duration_seconds"", plot_type=""bar"")']","Make bar charts showing {natural_language_metric} and {natural_language_metric_2} since {date_min}","{date_min} থেকে {natural_language_metric} আর {natural_language_metric_2} দেখিয়ে bar চার্ট বানাও","['analytics']"
"2023-11-02 থেকে এনগেজড ইউজার ও গড় সেশনের সময়কালের bar চার্ট বানিয়ে দিতে পারবে?","['analytics.create_plot.func(time_min=""2023-11-02"", time_max=""2023-11-29"", value_to_plot=""user_engaged"", plot_type=""bar"")', 'analytics.create_plot.func(time_min=""2023-11-02"", time_max=""2023-11-29"", value_to_plot=""session_duration_seconds"", plot_type=""bar"")']","Make bar charts showing {natural_language_metric} and {natural_language_metric_2} since {date_min}","{date_min} থেকে {natural_language_metric} ও {natural_language_metric_2}ের bar চার্ট বানিয়ে দিতে পারবে?","['analytics']"
"2023-10-14 থেকে এনগেজড ইউজার আর গড় সেশনের সময়কালের bar চার্ট লাগবে","['analytics.create_plot.func(time_min=""2023-10-14"", time_max=""2023-11-29"", value_to_plot=""user_engaged"", plot_type=""bar"")', 'analytics.create_plot.func(time_min=""2023-10-14"", time_max=""2023-11-29"", value_to_plot=""session_duration_seconds"", plot_type=""bar"")']","Make bar charts showing {natural_language_metric} and {natural_language_metric_2} since {date_min}","{date_min} থেকে {natural_language_metric} আর {natural_language_metric_2}ের bar চার্ট লাগবে","['analytics']"
"গত 1 সপ্তাহে কোনো সময় কি মোট ভিজিট 21-এর চেয়ে বেশি ছিল? যদি তাই হয়, প্লিজ এটার একটা line চার্ট বানাও","[]","If {natural_language_metric} was {more_or_less} than {threshold} any time in the last {past_n_weeks} weeks, make a line plot of it since then","গত {past_n_weeks} সপ্তাহে কোনো সময় কি {natural_language_metric} {threshold}-এর চেয়ে {more_or_less} ছিল? যদি তাই হয়, প্লিজ এটার একটা line চার্ট বানাও","['analytics']"
"গত 2 সপ্তাহ ধরে গড় সেশনের সময়কালের একটা line চার্ট বানাতে পারবে, যদি গত 2 সপ্তাহে কখনো এটা 2-এর চেয়ে বেশি হয়ে থাকে?","['analytics.create_plot.func(time_min=""2023-11-16"", time_max=""2023-11-29"", value_to_plot=""session_duration_seconds"", plot_type=""line"")']","If {natural_language_metric} was {more_or_less} than {threshold} any time in the last {past_n_weeks} weeks, make a line plot of it since then","গত {past_n_weeks} সপ্তাহ ধরে {natural_language_metric}ের একটা line চার্ট বানাতে পারবে, যদি গত {past_n_weeks} সপ্তাহে কখনো এটা {threshold}-এর চেয়ে {more_or_less} হয়ে থাকে?","['analytics']"
"গত 1 সপ্তাহে কোনো এক সময় যদি এনগেজড ইউজার 11-এর চেয়ে বেশি হয়ে থাকে, তাহলে তখন থেকে এটার একটা line চার্ট বানাও","[]","If {natural_language_metric} was {more_or_less} than {threshold} any time in the last {past_n_weeks} weeks, make a line plot of it since then","গত {past_n_weeks} সপ্তাহে কোনো এক সময় যদি {natural_language_metric} {threshold}-এর চেয়ে {more_or_less} হয়ে থাকে, তাহলে তখন থেকে এটার একটা line চার্ট বানাও","['analytics']"
"গত 4 সপ্তাহ ধরে মোট ভিজিটের একটা line চার্ট বানাতে পারবে, যদি গত 4 সপ্তাহে কখনো এটা 10-এর চেয়ে বেশি হয়ে থাকে?","['analytics.create_plot.func(time_min=""2023-11-02"", time_max=""2023-11-29"", value_to_plot=""total_visits"", plot_type=""line"")']","If {natural_language_metric} was {more_or_less} than {threshold} any time in the last {past_n_weeks} weeks, make a line plot of it since then","গত {past_n_weeks} সপ্তাহ ধরে {natural_language_metric}ের একটা line চার্ট বানাতে পারবে, যদি গত {past_n_weeks} সপ্তাহে কখনো এটা {threshold}-এর চেয়ে {more_or_less} হয়ে থাকে?","['analytics']"
"গত 1 সপ্তাহে কোনো সময় কি মোট ভিজিট 3-এর চেয়ে কম ছিল? যদি তাই হয়, প্লিজ এটার একটা line চার্ট বানাও","[]","If {natural_language_metric} was {more_or_less} than {threshold} any time in the last {past_n_weeks} weeks, make a line plot of it since then","গত {past_n_weeks} সপ্তাহে কোনো সময় কি {natural_language_metric} {threshold}-এর চেয়ে {more_or_less} ছিল? যদি তাই হয়, প্লিজ এটার একটা line চার্ট বানাও","['analytics']"
"গত 2 সপ্তাহে কোনো সময় কি মোট ভিজিট 10-এর চেয়ে বেশি ছিল? যদি তাই হয়, প্লিজ এটার একটা line চার্ট বানাও","['analytics.create_plot.func(time_min=""2023-11-16"", time_max=""2023-11-29"", value_to_plot=""total_visits"", plot_type=""line"")']","If {natural_language_metric} was {more_or_less} than {threshold} any time in the last {past_n_weeks} weeks, make a line plot of it since then","গত {past_n_weeks} সপ্তাহে কোনো সময় কি {natural_language_metric} {threshold}-এর চেয়ে {more_or_less} ছিল? যদি তাই হয়, প্লিজ এটার একটা line চার্ট বানাও","['analytics']"
"গত 3 সপ্তাহে কোনো সময় কি এনগেজড ইউজার 11-এর চেয়ে বেশি ছিল? যদি তাই হয়, প্লিজ এটার একটা line চার্ট বানাও","[]","If {natural_language_metric} was {more_or_less} than {threshold} any time in the last {past_n_weeks} weeks, make a line plot of it since then","গত {past_n_weeks} সপ্তাহে কোনো সময় কি {natural_language_metric} {threshold}-এর চেয়ে {more_or_less} ছিল? যদি তাই হয়, প্লিজ এটার একটা line চার্ট বানাও","['analytics']"
"গত 2 সপ্তাহে কোনো সময় কি গড় সেশনের সময়কাল 2-এর চেয়ে কম ছিল? যদি তাই হয়, প্লিজ এটার একটা line চার্ট বানাও","[]","If {natural_language_metric} was {more_or_less} than {threshold} any time in the last {past_n_weeks} weeks, make a line plot of it since then","গত {past_n_weeks} সপ্তাহে কোনো সময় কি {natural_language_metric} {threshold}-এর চেয়ে {more_or_less} ছিল? যদি তাই হয়, প্লিজ এটার একটা line চার্ট বানাও","['analytics']"
"গত 5 সপ্তাহ ধরে মোট ভিজিটের একটা line চার্ট বানাতে পারবে, যদি গত 5 সপ্তাহে কখনো এটা 21-এর চেয়ে বেশি হয়ে থাকে?","[]","If {natural_language_metric} was {more_or_less} than {threshold} any time in the last {past_n_weeks} weeks, make a line plot of it since then","গত {past_n_weeks} সপ্তাহ ধরে {natural_language_metric}ের একটা line চার্ট বানাতে পারবে, যদি গত {past_n_weeks} সপ্তাহে কখনো এটা {threshold}-এর চেয়ে {more_or_less} হয়ে থাকে?","['analytics']"
"গত 4 সপ্তাহ ধরে এনগেজড ইউজারের একটা line চার্ট বানাতে পারবে, যদি গত 4 সপ্তাহে কখনো এটা 5-এর চেয়ে কম হয়ে থাকে?","['analytics.create_plot.func(time_min=""2023-11-02"", time_max=""2023-11-29"", value_to_plot=""user_engaged"", plot_type=""line"")']","If {natural_language_metric} was {more_or_less} than {threshold} any time in the last {past_n_weeks} weeks, make a line plot of it since then","গত {past_n_weeks} সপ্তাহ ধরে {natural_language_metric}ের একটা line চার্ট বানাতে পারবে, যদি গত {past_n_weeks} সপ্তাহে কখনো এটা {threshold}-এর চেয়ে {more_or_less} হয়ে থাকে?","['analytics']"
"এনগেজড ইউজার কি 25 সেপ্টেম্বর তারিখের তুলনায় কম, তাও 5%-এর বেশি ব্যবধানে? যদি তাই হয়, প্লিজ এটা line চার্ট আকারে দেখাও","[]","If {natural_language_metric} is more than {natural_language_growth_threshold} {higher_or_lower} than {natural_language_date}, make a line plot of it since then","{natural_language_metric} কি {natural_language_date} তারিখের তুলনায় {higher_or_lower}, তাও {natural_language_growth_threshold}-এর বেশি ব্যবধানে? যদি তাই হয়, প্লিজ এটা line চার্ট আকারে দেখাও","['analytics']"
"3 অক্টোবর থেকে এনগেজড ইউজারের একটা line চার্ট বানাতে পারবে, যদি এটা 3 অক্টোবর তারিখের তুলনায় কম হয়ে থাকে আর ব্যবধানটা 3%-এর বেশি হয়?","['analytics.create_plot.func(time_min=""2023-10-03"", time_max=""2023-11-29"", value_to_plot=""user_engaged"", plot_type=""line"")']","If {natural_language_metric} is more than {natural_language_growth_threshold} {higher_or_lower} than {natural_language_date}, make a line plot of it since then","{natural_language_date} থেকে {natural_language_metric}ের একটা line চার্ট বানাতে পারবে, যদি এটা {natural_language_date} তারিখের তুলনায় {higher_or_lower} হয়ে থাকে আর ব্যবধানটা {natural_language_growth_threshold}-এর বেশি হয়?","['analytics']"
"এনগেজড ইউজার কি 26 সেপ্টেম্বর তারিখের তুলনায় বেশি, তাও 5%-এর বেশি ব্যবধানে? যদি তাই হয়, প্লিজ এটা line চার্ট আকারে দেখাও","[]","If {natural_language_metric} is more than {natural_language_growth_threshold} {higher_or_lower} than {natural_language_date}, make a line plot of it since then","{natural_language_metric} কি {natural_language_date} তারিখের তুলনায় {higher_or_lower}, তাও {natural_language_growth_threshold}-এর বেশি ব্যবধানে? যদি তাই হয়, প্লিজ এটা line চার্ট আকারে দেখাও","['analytics']"
"মোট ভিজিট কি 28 সেপ্টেম্বর তারিখের তুলনায় কম, তাও 5%-এর বেশি ব্যবধানে? যদি তাই হয়, প্লিজ এটা line চার্ট আকারে দেখাও","['analytics.create_plot.func(time_min=""2023-09-28"", time_max=""2023-11-29"", value_to_plot=""total_visits"", plot_type=""line"")']","If {natural_language_metric} is more than {natural_language_growth_threshold} {higher_or_lower} than {natural_language_date}, make a line plot of it since then","{natural_language_metric} কি {natural_language_date} তারিখের তুলনায় {higher_or_lower}, তাও {natural_language_growth_threshold}-এর বেশি ব্যবধানে? যদি তাই হয়, প্লিজ এটা line চার্ট আকারে দেখাও","['analytics']"
"15 সেপ্টেম্বর থেকে মোট ভিজিটের একটা line চার্ট বানাতে পারবে, যদি এটা 15 সেপ্টেম্বর তারিখের তুলনায় কম হয়ে থাকে আর ব্যবধানটা 3%-এর বেশি হয়?","[]","If {natural_language_metric} is more than {natural_language_growth_threshold} {higher_or_lower} than {natural_language_date}, make a line plot of it since then","{natural_language_date} থেকে {natural_language_metric}ের একটা line চার্ট বানাতে পারবে, যদি এটা {natural_language_date} তারিখের তুলনায় {higher_or_lower} হয়ে থাকে আর ব্যবধানটা {natural_language_growth_threshold}-এর বেশি হয়?","['analytics']"
"যদি এনগেজড ইউজার 18 নভেম্বর তারিখের তুলনায় বেশি হয় এবং পার্থক্যটা 3%-এর বেশি হয়, তাহলে তখন থেকে এটার একটা line চার্ট বানাও","['analytics.create_plot.func(time_min=""2023-11-18"", time_max=""2023-11-29"", value_to_plot=""user_engaged"", plot_type=""line"")']","If {natural_language_metric} is more than {natural_language_growth_threshold} {higher_or_lower} than {natural_language_date}, make a line plot of it since then","যদি {natural_language_metric} {natural_language_date} তারিখের তুলনায় {higher_or_lower} হয় এবং পার্থক্যটা {natural_language_growth_threshold}-এর বেশি হয়, তাহলে তখন থেকে এটার একটা line চার্ট বানাও","['analytics']"
"মোট ভিজিট কি 21 অক্টোবর তারিখের তুলনায় কম, তাও 10%-এর বেশি ব্যবধানে? যদি তাই হয়, প্লিজ এটা line চার্ট আকারে দেখাও","['analytics.create_plot.func(time_min=""2023-10-21"", time_max=""2023-11-29"", value_to_plot=""total_visits"", plot_type=""line"")']","If {natural_language_metric} is more than {natural_language_growth_threshold} {higher_or_lower} than {natural_language_date}, make a line plot of it since then","{natural_language_metric} কি {natural_language_date} তারিখের তুলনায় {higher_or_lower}, তাও {natural_language_growth_threshold}-এর বেশি ব্যবধানে? যদি তাই হয়, প্লিজ এটা line চার্ট আকারে দেখাও","['analytics']"
"যদি এনগেজড ইউজার 24 নভেম্বর তারিখের তুলনায় কম হয় এবং পার্থক্যটা 10%-এর বেশি হয়, তাহলে তখন থেকে এটার একটা line চার্ট বানাও","[]","If {natural_language_metric} is more than {natural_language_growth_threshold} {higher_or_lower} than {natural_language_date}, make a line plot of it since then","যদি {natural_language_metric} {natural_language_date} তারিখের তুলনায় {higher_or_lower} হয় এবং পার্থক্যটা {natural_language_growth_threshold}-এর বেশি হয়, তাহলে তখন থেকে এটার একটা line চার্ট বানাও","['analytics']"
"21 অক্টোবর থেকে এনগেজড ইউজারের একটা line চার্ট বানাতে পারবে, যদি এটা 21 অক্টোবর তারিখের তুলনায় বেশি হয়ে থাকে আর ব্যবধানটা 10%-এর বেশি হয়?","[]","If {natural_language_metric} is more than {natural_language_growth_threshold} {higher_or_lower} than {natural_language_date}, make a line plot of it since then","{natural_language_date} থেকে {natural_language_metric}ের একটা line চার্ট বানাতে পারবে, যদি এটা {natural_language_date} তারিখের তুলনায় {higher_or_lower} হয়ে থাকে আর ব্যবধানটা {natural_language_growth_threshold}-এর বেশি হয়?","['analytics']"
"যদি গড় সেশনের সময়কাল 4 অক্টোবর তারিখের তুলনায় কম হয় এবং পার্থক্যটা 3%-এর বেশি হয়, তাহলে তখন থেকে এটার একটা line চার্ট বানাও","['analytics.create_plot.func(time_min=""2023-10-04"", time_max=""2023-11-29"", value_to_plot=""session_duration_seconds"", plot_type=""line"")']","If {natural_language_metric} is more than {natural_language_growth_threshold} {higher_or_lower} than {natural_language_date}, make a line plot of it since then","যদি {natural_language_metric} {natural_language_date} তারিখের তুলনায় {higher_or_lower} হয় এবং পার্থক্যটা {natural_language_growth_threshold}-এর বেশি হয়, তাহলে তখন থেকে এটার একটা line চার্ট বানাও","['analytics']"
"রবিবার থেকে এনগেজড ইউজারের একটা line চার্ট বানাতে পারবে, যদি এটা রবিবারের তুলনায় বেশি হয় আর ব্যবধান 10% ছাড়িয়ে যায়?","['analytics.create_plot.func(time_min=""2023-11-26"", time_max=""2023-11-29"", value_to_plot=""user_engaged"", plot_type=""line"")']","If {natural_language_metric} is more than {natural_language_growth_threshold} {higher_or_lower} than it was on {day_of_week}, make a line plot of it since then","{day_of_week} থেকে {natural_language_metric}ের একটা line চার্ট বানাতে পারবে, যদি এটা {day_of_week}ের তুলনায় {higher_or_lower} হয় আর ব্যবধান {natural_language_growth_threshold} ছাড়িয়ে যায়?","['analytics']"
"গড় সেশনের সময়কাল কি রবিবার যা ছিল তার চেয়ে বেশি, আর ফারাকটা কি 5%-এর বেশি? যদি তাই হয়, প্লিজ তখন থেকে এটা line চার্ট আকারে দেখাও","[]","If {natural_language_metric} is more than {natural_language_growth_threshold} {higher_or_lower} than it was on {day_of_week}, make a line plot of it since then","{natural_language_metric} কি {day_of_week} যা ছিল তার চেয়ে {higher_or_lower}, আর ফারাকটা কি {natural_language_growth_threshold}-এর বেশি? যদি তাই হয়, প্লিজ তখন থেকে এটা line চার্ট আকারে দেখাও","['analytics']"
"রবিবার থেকে এনগেজড ইউজারের একটা line চার্ট বানাতে পারবে, যদি এটা রবিবারের তুলনায় কম হয় আর ব্যবধান 5% ছাড়িয়ে যায়?","[]","If {natural_language_metric} is more than {natural_language_growth_threshold} {higher_or_lower} than it was on {day_of_week}, make a line plot of it since then","{day_of_week} থেকে {natural_language_metric}ের একটা line চার্ট বানাতে পারবে, যদি এটা {day_of_week}ের তুলনায় {higher_or_lower} হয় আর ব্যবধান {natural_language_growth_threshold} ছাড়িয়ে যায়?","['analytics']"
"মোট ভিজিট কি বুধবার যা ছিল তার চেয়ে বেশি, আর ফারাকটা কি 3%-এর বেশি? যদি তাই হয়, প্লিজ তখন থেকে এটা line চার্ট আকারে দেখাও","[]","If {natural_language_metric} is more than {natural_language_growth_threshold} {higher_or_lower} than it was on {day_of_week}, make a line plot of it since then","{natural_language_metric} কি {day_of_week} যা ছিল তার চেয়ে {higher_or_lower}, আর ফারাকটা কি {natural_language_growth_threshold}-এর বেশি? যদি তাই হয়, প্লিজ তখন থেকে এটা line চার্ট আকারে দেখাও","['analytics']"
"এনগেজড ইউজার কি রবিবার যা ছিল তার চেয়ে কম, আর ফারাকটা কি 2%-এর বেশি? যদি তাই হয়, প্লিজ তখন থেকে এটা line চার্ট আকারে দেখাও","[]","If {natural_language_metric} is more than {natural_language_growth_threshold} {higher_or_lower} than it was on {day_of_week}, make a line plot of it since then","{natural_language_metric} কি {day_of_week} যা ছিল তার চেয়ে {higher_or_lower}, আর ফারাকটা কি {natural_language_growth_threshold}-এর বেশি? যদি তাই হয়, প্লিজ তখন থেকে এটা line চার্ট আকারে দেখাও","['analytics']"
"মোট ভিজিট কি শনিবার যা ছিল তার চেয়ে কম, আর ফারাকটা কি 2%-এর বেশি? যদি তাই হয়, প্লিজ তখন থেকে এটা line চার্ট আকারে দেখাও","['analytics.create_plot.func(time_min=""2023-11-25"", time_max=""2023-11-29"", value_to_plot=""total_visits"", plot_type=""line"")']","If {natural_language_metric} is more than {natural_language_growth_threshold} {higher_or_lower} than it was on {day_of_week}, make a line plot of it since then","{natural_language_metric} কি {day_of_week} যা ছিল তার চেয়ে {higher_or_lower}, আর ফারাকটা কি {natural_language_growth_threshold}-এর বেশি? যদি তাই হয়, প্লিজ তখন থেকে এটা line চার্ট আকারে দেখাও","['analytics']"
"এনগেজড ইউজার কি রবিবার যা ছিল তার চেয়ে কম, আর ফারাকটা কি 3%-এর বেশি? যদি তাই হয়, প্লিজ তখন থেকে এটা line চার্ট আকারে দেখাও","[]","If {natural_language_metric} is more than {natural_language_growth_threshold} {higher_or_lower} than it was on {day_of_week}, make a line plot of it since then","{natural_language_metric} কি {day_of_week} যা ছিল তার চেয়ে {higher_or_lower}, আর ফারাকটা কি {natural_language_growth_threshold}-এর বেশি? যদি তাই হয়, প্লিজ তখন থেকে এটা line চার্ট আকারে দেখাও","['analytics']"
"বুধবার থেকে গড় সেশনের সময়কালের একটা line চার্ট বানাতে পারবে, যদি এটা বুধবারের তুলনায় বেশি হয় আর ব্যবধান 3% ছাড়িয়ে যায়?","[]","If {natural_language_metric} is more than {natural_language_growth_threshold} {higher_or_lower} than it was on {day_of_week}, make a line plot of it since then","{day_of_week} থেকে {natural_language_metric}ের একটা line চার্ট বানাতে পারবে, যদি এটা {day_of_week}ের তুলনায় {higher_or_lower} হয় আর ব্যবধান {natural_language_growth_threshold} ছাড়িয়ে যায়?","['analytics']"
"শনিবার যা ছিল তার চেয়ে গড় সেশনের সময়কাল যদি কম হয় আর পার্থক্যটা 10%-এর বেশি হয়, তাহলে তখন থেকে এটার একটা line চার্ট বানাও","[]","If {natural_language_metric} is more than {natural_language_growth_threshold} {higher_or_lower} than it was on {day_of_week}, make a line plot of it since then","{day_of_week} যা ছিল তার চেয়ে {natural_language_metric} যদি {higher_or_lower} হয় আর পার্থক্যটা {natural_language_growth_threshold}-এর বেশি হয়, তাহলে তখন থেকে এটার একটা line চার্ট বানাও","['analytics']"
"গড় সেশনের সময়কাল কি বুধবার যা ছিল তার চেয়ে কম, আর ফারাকটা কি 10%-এর বেশি? যদি তাই হয়, প্লিজ তখন থেকে এটা line চার্ট আকারে দেখাও","[]","If {natural_language_metric} is more than {natural_language_growth_threshold} {higher_or_lower} than it was on {day_of_week}, make a line plot of it since then","{natural_language_metric} কি {day_of_week} যা ছিল তার চেয়ে {higher_or_lower}, আর ফারাকটা কি {natural_language_growth_threshold}-এর বেশি? যদি তাই হয়, প্লিজ তখন থেকে এটা line চার্ট আকারে দেখাও","['analytics']"
"সোমবারের গড় সেশনের সময়কাল যদি তার আগের সোমবারের চেয়ে কম হয়ে থাকে এবং পার্থক্যটা 2%-এর বেশি হয়, তাহলে ওই সময়টুকুর জন্য এটার একটা line চার্ট বানাও।","['analytics.create_plot.func(time_min=""2023-11-20"", time_max=""2023-11-27"", value_to_plot=""session_duration_seconds"", plot_type=""line"")']","If {natural_language_metric} on {day_of_week} was more than {natural_language_growth_threshold} {higher_or_lower} than it was the previous {day_of_week}, make a line plot of it over that period.","{day_of_week}ের {natural_language_metric} যদি তার আগের {day_of_week}ের চেয়ে {higher_or_lower} হয়ে থাকে এবং পার্থক্যটা {natural_language_growth_threshold}-এর বেশি হয়, তাহলে ওই সময়টুকুর জন্য এটার একটা line চার্ট বানাও।","['analytics']"
"শুক্রবার থেকে তার আগের শুক্রবার পর্যন্ত সময়ের এনগেজড ইউজারের একটা line চার্ট বানাও, যদি শুক্রবারের মান তার আগের শুক্রবারের চেয়ে বেশি হয়ে থাকে আর ব্যবধানটা 3%-এর বেশি হয়","['analytics.create_plot.func(time_min=""2023-11-17"", time_max=""2023-11-24"", value_to_plot=""user_engaged"", plot_type=""line"")']","If {natural_language_metric} on {day_of_week} was more than {natural_language_growth_threshold} {higher_or_lower} than it was the previous {day_of_week}, make a line plot of it over that period.","{day_of_week} থেকে তার আগের {day_of_week} পর্যন্ত সময়ের {natural_language_metric}ের একটা line চার্ট বানাও, যদি {day_of_week}ের মান তার আগের {day_of_week}ের চেয়ে {higher_or_lower} হয়ে থাকে আর ব্যবধানটা {natural_language_growth_threshold}-এর বেশি হয়","['analytics']"
"মঙ্গলবার থেকে তার আগের মঙ্গলবার পর্যন্ত সময়ের মোট ভিজিটের একটা line চার্ট বানাও, যদি মঙ্গলবারের মান তার আগের মঙ্গলবারের চেয়ে কম হয়ে থাকে আর ব্যবধানটা 2%-এর বেশি হয়","[]","If {natural_language_metric} on {day_of_week} was more than {natural_language_growth_threshold} {higher_or_lower} than it was the previous {day_of_week}, make a line plot of it over that period.","{day_of_week} থেকে তার আগের {day_of_week} পর্যন্ত সময়ের {natural_language_metric}ের একটা line চার্ট বানাও, যদি {day_of_week}ের মান তার আগের {day_of_week}ের চেয়ে {higher_or_lower} হয়ে থাকে আর ব্যবধানটা {natural_language_growth_threshold}-এর বেশি হয়","['analytics']"
"সোমবারের মোট ভিজিট কি আগের সোমবারের তুলনায় বেশি ছিল, তাও 5%-এর বেশি ব্যবধানে? যদি তাই হয়, প্লিজ এটা line চার্ট আকারে দেখাও","[]","If {natural_language_metric} on {day_of_week} was more than {natural_language_growth_threshold} {higher_or_lower} than it was the previous {day_of_week}, make a line plot of it over that period.","{day_of_week}ের {natural_language_metric} কি আগের {day_of_week}ের তুলনায় {higher_or_lower} ছিল, তাও {natural_language_growth_threshold}-এর বেশি ব্যবধানে? যদি তাই হয়, প্লিজ এটা line চার্ট আকারে দেখাও","['analytics']"
"শনিবারের গড় সেশনের সময়কাল যদি তার আগের শনিবারের চেয়ে বেশি হয়ে থাকে এবং পার্থক্যটা 3%-এর বেশি হয়, তাহলে ওই সময়টুকুর জন্য এটার একটা line চার্ট বানাও।","['analytics.create_plot.func(time_min=""2023-11-18"", time_max=""2023-11-25"", value_to_plot=""session_duration_seconds"", plot_type=""line"")']","If {natural_language_metric} on {day_of_week} was more than {natural_language_growth_threshold} {higher_or_lower} than it was the previous {day_of_week}, make a line plot of it over that period.","{day_of_week}ের {natural_language_metric} যদি তার আগের {day_of_week}ের চেয়ে {higher_or_lower} হয়ে থাকে এবং পার্থক্যটা {natural_language_growth_threshold}-এর বেশি হয়, তাহলে ওই সময়টুকুর জন্য এটার একটা line চার্ট বানাও।","['analytics']"
"শুক্রবার থেকে তার আগের শুক্রবার পর্যন্ত সময়ের এনগেজড ইউজারের একটা line চার্ট বানাও, যদি শুক্রবারের মান তার আগের শুক্রবারের চেয়ে কম হয়ে থাকে আর ব্যবধানটা 2%-এর বেশি হয়","[]","If {natural_language_metric} on {day_of_week} was more than {natural_language_growth_threshold} {higher_or_lower} than it was the previous {day_of_week}, make a line plot of it over that period.","{day_of_week} থেকে তার আগের {day_of_week} পর্যন্ত সময়ের {natural_language_metric}ের একটা line চার্ট বানাও, যদি {day_of_week}ের মান তার আগের {day_of_week}ের চেয়ে {higher_or_lower} হয়ে থাকে আর ব্যবধানটা {natural_language_growth_threshold}-এর বেশি হয়","['analytics']"
"সোমবারের এনগেজড ইউজার কি আগের সোমবারের তুলনায় বেশি ছিল, তাও 10%-এর বেশি ব্যবধানে? যদি তাই হয়, প্লিজ এটা line চার্ট আকারে দেখাও","[]","If {natural_language_metric} on {day_of_week} was more than {natural_language_growth_threshold} {higher_or_lower} than it was the previous {day_of_week}, make a line plot of it over that period.","{day_of_week}ের {natural_language_metric} কি আগের {day_of_week}ের তুলনায় {higher_or_lower} ছিল, তাও {natural_language_growth_threshold}-এর বেশি ব্যবধানে? যদি তাই হয়, প্লিজ এটা line চার্ট আকারে দেখাও","['analytics']"
"সোমবারের গড় সেশনের সময়কাল কি আগের সোমবারের তুলনায় কম ছিল, তাও 3%-এর বেশি ব্যবধানে? যদি তাই হয়, প্লিজ এটা line চার্ট আকারে দেখাও","['analytics.create_plot.func(time_min=""2023-11-20"", time_max=""2023-11-27"", value_to_plot=""session_duration_seconds"", plot_type=""line"")']","If {natural_language_metric} on {day_of_week} was more than {natural_language_growth_threshold} {higher_or_lower} than it was the previous {day_of_week}, make a line plot of it over that period.","{day_of_week}ের {natural_language_metric} কি আগের {day_of_week}ের তুলনায় {higher_or_lower} ছিল, তাও {natural_language_growth_threshold}-এর বেশি ব্যবধানে? যদি তাই হয়, প্লিজ এটা line চার্ট আকারে দেখাও","['analytics']"
"রবিবারের গড় সেশনের সময়কাল যদি তার আগের রবিবারের চেয়ে কম হয়ে থাকে এবং পার্থক্যটা 2%-এর বেশি হয়, তাহলে ওই সময়টুকুর জন্য এটার একটা line চার্ট বানাও।","[]","If {natural_language_metric} on {day_of_week} was more than {natural_language_growth_threshold} {higher_or_lower} than it was the previous {day_of_week}, make a line plot of it over that period.","{day_of_week}ের {natural_language_metric} যদি তার আগের {day_of_week}ের চেয়ে {higher_or_lower} হয়ে থাকে এবং পার্থক্যটা {natural_language_growth_threshold}-এর বেশি হয়, তাহলে ওই সময়টুকুর জন্য এটার একটা line চার্ট বানাও।","['analytics']"
"রবিবারের এনগেজড ইউজার যদি তার আগের রবিবারের চেয়ে কম হয়ে থাকে এবং পার্থক্যটা 2%-এর বেশি হয়, তাহলে ওই সময়টুকুর জন্য এটার একটা line চার্ট বানাও।","['analytics.create_plot.func(time_min=""2023-11-19"", time_max=""2023-11-26"", value_to_plot=""user_engaged"", plot_type=""line"")']","If {natural_language_metric} on {day_of_week} was more than {natural_language_growth_threshold} {higher_or_lower} than it was the previous {day_of_week}, make a line plot of it over that period.","{day_of_week}ের {natural_language_metric} যদি তার আগের {day_of_week}ের চেয়ে {higher_or_lower} হয়ে থাকে এবং পার্থক্যটা {natural_language_growth_threshold}-এর বেশি হয়, তাহলে ওই সময়টুকুর জন্য এটার একটা line চার্ট বানাও।","['analytics']"
"শনিবার থেকে মোট ভিজিট যদি এনগেজড ইউজারের চেয়ে বেশি বেড়ে থাকে, তাহলে তখন থেকে দুটোরই line চার্ট বানাও","['analytics.create_plot.func(time_min=""2023-11-25"", time_max=""2023-11-29"", value_to_plot=""total_visits"", plot_type=""line"")', 'analytics.create_plot.func(time_min=""2023-11-25"", time_max=""2023-11-29"", value_to_plot=""user_engaged"", plot_type=""line"")']","Can you check the percent growth of {natural_language_metric} since {day_of_week}? If it grew by more than {natural_language_metric_2}, plot both lines since then","{day_of_week} থেকে {natural_language_metric} যদি {natural_language_metric_2}ের চেয়ে বেশি বেড়ে থাকে, তাহলে তখন থেকে দুটোরই line চার্ট বানাও","['analytics']"
"মঙ্গলবার থেকে এনগেজড ইউজার যদি মোট ভিজিটের চেয়ে বেশি বেড়ে থাকে, তাহলে তখন থেকে দুটোরই line চার্ট বানাও","['analytics.create_plot.func(time_min=""2023-11-28"", time_max=""2023-11-29"", value_to_plot=""user_engaged"", plot_type=""line"")', 'analytics.create_plot.func(time_min=""2023-11-28"", time_max=""2023-11-29"", value_to_plot=""total_visits"", plot_type=""line"")']","Can you check the percent growth of {natural_language_metric} since {day_of_week}? If it grew by more than {natural_language_metric_2}, plot both lines since then","{day_of_week} থেকে {natural_language_metric} যদি {natural_language_metric_2}ের চেয়ে বেশি বেড়ে থাকে, তাহলে তখন থেকে দুটোরই line চার্ট বানাও","['analytics']"
"রবিবার থেকে গড় সেশনের সময়কাল শতকরা কত বেড়েছে, একটু চেক করে দেখতে পারবে? যদি এটা মোট ভিজিটের চেয়ে বেশি বেড়ে থাকে, তাহলে তখন থেকে দুটোরই line চার্ট দেখাও","[]","Can you check the percent growth of {natural_language_metric} since {day_of_week}? If it grew by more than {natural_language_metric_2}, plot both lines since then","{day_of_week} থেকে {natural_language_metric} শতকরা কত বেড়েছে, একটু চেক করে দেখতে পারবে? যদি এটা {natural_language_metric_2}ের চেয়ে বেশি বেড়ে থাকে, তাহলে তখন থেকে দুটোরই line চার্ট দেখাও","['analytics']"
"শুক্রবার থেকে গড় সেশনের সময়কাল যদি মোট ভিজিটের চেয়ে বেশি বেড়ে থাকে, তাহলে তখন থেকে দুটোরই line চার্ট বানাও","[]","Can you check the percent growth of {natural_language_metric} since {day_of_week}? If it grew by more than {natural_language_metric_2}, plot both lines since then","{day_of_week} থেকে {natural_language_metric} যদি {natural_language_metric_2}ের চেয়ে বেশি বেড়ে থাকে, তাহলে তখন থেকে দুটোরই line চার্ট বানাও","['analytics']"
"শুক্রবার থেকে গড় সেশনের সময়কালের পার্সেন্ট গ্রোথ চেক করো। এটা যদি এনগেজড ইউজারের চেয়ে বেশি বেড়ে থাকে, তাহলে তখন থেকে দুটোরই line চার্টে দেখাও","[]","Can you check the percent growth of {natural_language_metric} since {day_of_week}? If it grew by more than {natural_language_metric_2}, plot both lines since then","{day_of_week} থেকে {natural_language_metric}ের পার্সেন্ট গ্রোথ চেক করো। এটা যদি {natural_language_metric_2}ের চেয়ে বেশি বেড়ে থাকে, তাহলে তখন থেকে দুটোরই line চার্টে দেখাও","['analytics']"
"সোমবার থেকে গড় সেশনের সময়কাল শতকরা কত বেড়েছে, একটু চেক করে দেখতে পারবে? যদি এটা এনগেজড ইউজারের চেয়ে বেশি বেড়ে থাকে, তাহলে তখন থেকে দুটোরই line চার্ট দেখাও","[]","Can you check the percent growth of {natural_language_metric} since {day_of_week}? If it grew by more than {natural_language_metric_2}, plot both lines since then","{day_of_week} থেকে {natural_language_metric} শতকরা কত বেড়েছে, একটু চেক করে দেখতে পারবে? যদি এটা {natural_language_metric_2}ের চেয়ে বেশি বেড়ে থাকে, তাহলে তখন থেকে দুটোরই line চার্ট দেখাও","['analytics']"
"সোমবার থেকে এনগেজড ইউজার যদি মোট ভিজিটের চেয়ে বেশি বেড়ে থাকে, তাহলে তখন থেকে দুটোরই line চার্ট বানাও","[]","Can you check the percent growth of {natural_language_metric} since {day_of_week}? If it grew by more than {natural_language_metric_2}, plot both lines since then","{day_of_week} থেকে {natural_language_metric} যদি {natural_language_metric_2}ের চেয়ে বেশি বেড়ে থাকে, তাহলে তখন থেকে দুটোরই line চার্ট বানাও","['analytics']"
"মঙ্গলবার থেকে এনগেজড ইউজারের পার্সেন্ট গ্রোথ চেক করো। এটা যদি গড় সেশনের সময়কালের চেয়ে বেশি বেড়ে থাকে, তাহলে তখন থেকে দুটোরই line চার্টে দেখাও","[]","Can you check the percent growth of {natural_language_metric} since {day_of_week}? If it grew by more than {natural_language_metric_2}, plot both lines since then","{day_of_week} থেকে {natural_language_metric}ের পার্সেন্ট গ্রোথ চেক করো। এটা যদি {natural_language_metric_2}ের চেয়ে বেশি বেড়ে থাকে, তাহলে তখন থেকে দুটোরই line চার্টে দেখাও","['analytics']"
"বুধবার থেকে গড় সেশনের সময়কাল শতকরা কত বেড়েছে, একটু চেক করে দেখতে পারবে? যদি এটা মোট ভিজিটের চেয়ে বেশি বেড়ে থাকে, তাহলে তখন থেকে দুটোরই line চার্ট দেখাও","[]","Can you check the percent growth of {natural_language_metric} since {day_of_week}? If it grew by more than {natural_language_metric_2}, plot both lines since then","{day_of_week} থেকে {natural_language_metric} শতকরা কত বেড়েছে, একটু চেক করে দেখতে পারবে? যদি এটা {natural_language_metric_2}ের চেয়ে বেশি বেড়ে থাকে, তাহলে তখন থেকে দুটোরই line চার্ট দেখাও","['analytics']"
"বুধবার থেকে গড় সেশনের সময়কাল যদি মোট ভিজিটের চেয়ে বেশি বেড়ে থাকে, তাহলে তখন থেকে দুটোরই line চার্ট বানাও","[]","Can you check the percent growth of {natural_language_metric} since {day_of_week}? If it grew by more than {natural_language_metric_2}, plot both lines since then","{day_of_week} থেকে {natural_language_metric} যদি {natural_language_metric_2}ের চেয়ে বেশি বেড়ে থাকে, তাহলে তখন থেকে দুটোরই line চার্ট বানাও","['analytics']"
"28 সেপ্টেম্বর থেকে সবচেয়ে বেশি জনপ্রিয় ট্রাফিক সোর্সের একটা line চার্ট বানাতে পারবে?","['analytics.create_plot.func(time_min=""2023-09-28"", time_max=""2023-11-29"", value_to_plot=""visits_direct"", plot_type=""line"")']","Can you make a line plot of the {most_or_least} popular traffic source since {natural_language_date}?","{natural_language_date} থেকে {most_or_least} জনপ্রিয় ট্রাফিক সোর্সের একটা line চার্ট বানাতে পারবে?","['analytics']"
"29 নভেম্বর থেকে সবচেয়ে বেশি জনপ্রিয় ট্রাফিক সোর্সের একটা line চার্ট বানাতে পারবে?","['analytics.create_plot.func(time_min=""2023-11-29"", time_max=""2023-11-29"", value_to_plot=""visits_direct"", plot_type=""line"")']","Can you make a line plot of the {most_or_least} popular traffic source since {natural_language_date}?","{natural_language_date} থেকে {most_or_least} জনপ্রিয় ট্রাফিক সোর্সের একটা line চার্ট বানাতে পারবে?","['analytics']"
"27 নভেম্বর থেকে সবচেয়ে বেশি জনপ্রিয় ট্রাফিক সোর্সের একটা line চার্ট বানাতে পারবে?","['analytics.create_plot.func(time_min=""2023-11-27"", time_max=""2023-11-29"", value_to_plot=""visits_direct"", plot_type=""line"")']","Can you make a line plot of the {most_or_least} popular traffic source since {natural_language_date}?","{natural_language_date} থেকে {most_or_least} জনপ্রিয় ট্রাফিক সোর্সের একটা line চার্ট বানাতে পারবে?","['analytics']"
"20 অক্টোবর থেকে যে ট্রাফিক সোর্সটা সবচেয়ে বেশি জনপ্রিয়, সেটার একটা line চার্ট বানাও","['analytics.create_plot.func(time_min=""2023-10-20"", time_max=""2023-11-29"", value_to_plot=""visits_direct"", plot_type=""line"")']","Can you make a line plot of the {most_or_least} popular traffic source since {natural_language_date}?","{natural_language_date} থেকে যে ট্রাফিক সোর্সটা {most_or_least} জনপ্রিয়, সেটার একটা line চার্ট বানাও","['analytics']"
"15 অক্টোবর থেকে সবচেয়ে বেশি জনপ্রিয় ট্রাফিক সোর্সের একটা line চার্ট বানাতে পারবে?","['analytics.create_plot.func(time_min=""2023-10-15"", time_max=""2023-11-29"", value_to_plot=""visits_direct"", plot_type=""line"")']","Can you make a line plot of the {most_or_least} popular traffic source since {natural_language_date}?","{natural_language_date} থেকে {most_or_least} জনপ্রিয় ট্রাফিক সোর্সের একটা line চার্ট বানাতে পারবে?","['analytics']"
"24 নভেম্বর থেকে সবচেয়ে বেশি জনপ্রিয় ট্রাফিক সোর্সের একটা line চার্ট বানাতে পারবে?","['analytics.create_plot.func(time_min=""2023-11-24"", time_max=""2023-11-29"", value_to_plot=""visits_direct"", plot_type=""line"")']","Can you make a line plot of the {most_or_least} popular traffic source since {natural_language_date}?","{natural_language_date} থেকে {most_or_least} জনপ্রিয় ট্রাফিক সোর্সের একটা line চার্ট বানাতে পারবে?","['analytics']"
"16 নভেম্বর থেকে যে ট্রাফিক সোর্সটা সবচেয়ে বেশি জনপ্রিয়, সেটার একটা line চার্ট বানাও","['analytics.create_plot.func(time_min=""2023-11-16"", time_max=""2023-11-29"", value_to_plot=""visits_direct"", plot_type=""line"")']","Can you make a line plot of the {most_or_least} popular traffic source since {natural_language_date}?","{natural_language_date} থেকে যে ট্রাফিক সোর্সটা {most_or_least} জনপ্রিয়, সেটার একটা line চার্ট বানাও","['analytics']"
"13 অক্টোবর থেকে যে ট্রাফিক সোর্সটা সবচেয়ে বেশি জনপ্রিয়, সেটার একটা line চার্ট বানাও","['analytics.create_plot.func(time_min=""2023-10-13"", time_max=""2023-11-29"", value_to_plot=""visits_direct"", plot_type=""line"")']","Can you make a line plot of the {most_or_least} popular traffic source since {natural_language_date}?","{natural_language_date} থেকে যে ট্রাফিক সোর্সটা {most_or_least} জনপ্রিয়, সেটার একটা line চার্ট বানাও","['analytics']"
"28 সেপ্টেম্বর থেকে সবচেয়ে বেশি জনপ্রিয় ট্রাফিক সোর্সটা চার্টে দেখাও","['analytics.create_plot.func(time_min=""2023-09-28"", time_max=""2023-11-29"", value_to_plot=""visits_direct"", plot_type=""line"")']","Can you make a line plot of the {most_or_least} popular traffic source since {natural_language_date}?","{natural_language_date} থেকে {most_or_least} জনপ্রিয় ট্রাফিক সোর্সটা চার্টে দেখাও","['analytics']"
"27 অক্টোবর থেকে সবচেয়ে বেশি জনপ্রিয় ট্রাফিক সোর্সটা চার্টে দেখাও","['analytics.create_plot.func(time_min=""2023-10-27"", time_max=""2023-11-29"", value_to_plot=""visits_direct"", plot_type=""line"")']","Can you make a line plot of the {most_or_least} popular traffic source since {natural_language_date}?","{natural_language_date} থেকে {most_or_least} জনপ্রিয় ট্রাফিক সোর্সটা চার্টে দেখাও","['analytics']"
"গত 6 সপ্তাহের social media আর search engine-এর bar চার্ট বানাও, যদি social media থেকে search engine-এর চেয়ে বেশি ট্রাফিক এসে থাকে","['analytics.create_plot.func(time_min=""2023-10-19"", time_max=""2023-11-29"", value_to_plot=""visits_social_media"", plot_type=""bar"")', 'analytics.create_plot.func(time_min=""2023-10-19"", time_max=""2023-11-29"", value_to_plot=""visits_search_engine"", plot_type=""bar"")']","If we got more traffic from {traffic_source_1} than {traffic_source_2} during the last {n_weeks} weeks, make bar charts of both over that period","গত {n_weeks} সপ্তাহের {traffic_source_1} আর {traffic_source_2}-এর bar চার্ট বানাও, যদি {traffic_source_1} থেকে {traffic_source_2}-এর চেয়ে বেশি ট্রাফিক এসে থাকে","['analytics']"
"গত 3 সপ্তাহে কি আমাদের referral থেকে direct-এর চেয়ে বেশি ট্রাফিক এসেছে? এসে থাকলে, ওই সময়ের জন্য দুটোরই bar চার্ট বানাও","[]","If we got more traffic from {traffic_source_1} than {traffic_source_2} during the last {n_weeks} weeks, make bar charts of both over that period","গত {n_weeks} সপ্তাহে কি আমাদের {traffic_source_1} থেকে {traffic_source_2}-এর চেয়ে বেশি ট্রাফিক এসেছে? এসে থাকলে, ওই সময়ের জন্য দুটোরই bar চার্ট বানাও","['analytics']"
"গত 6 সপ্তাহে কি আমাদের direct থেকে social media-এর চেয়ে বেশি ট্রাফিক এসেছে? এসে থাকলে, ওই সময়ের জন্য দুটোরই bar চার্ট বানাও","['analytics.create_plot.func(time_min=""2023-10-19"", time_max=""2023-11-29"", value_to_plot=""visits_direct"", plot_type=""bar"")', 'analytics.create_plot.func(time_min=""2023-10-19"", time_max=""2023-11-29"", value_to_plot=""visits_social_media"", plot_type=""bar"")']","If we got more traffic from {traffic_source_1} than {traffic_source_2} during the last {n_weeks} weeks, make bar charts of both over that period","গত {n_weeks} সপ্তাহে কি আমাদের {traffic_source_1} থেকে {traffic_source_2}-এর চেয়ে বেশি ট্রাফিক এসেছে? এসে থাকলে, ওই সময়ের জন্য দুটোরই bar চার্ট বানাও","['analytics']"
"গত 4 সপ্তাহের referral আর social media-এর bar চার্ট বানাও, যদি referral থেকে social media-এর চেয়ে বেশি ট্রাফিক এসে থাকে","[]","If we got more traffic from {traffic_source_1} than {traffic_source_2} during the last {n_weeks} weeks, make bar charts of both over that period","গত {n_weeks} সপ্তাহের {traffic_source_1} আর {traffic_source_2}-এর bar চার্ট বানাও, যদি {traffic_source_1} থেকে {traffic_source_2}-এর চেয়ে বেশি ট্রাফিক এসে থাকে","['analytics']"
"গত 5 সপ্তাহে কি আমাদের search engine থেকে direct-এর চেয়ে বেশি ট্রাফিক এসেছে? এসে থাকলে, ওই সময়ের জন্য দুটোরই bar চার্ট বানাও","[]","If we got more traffic from {traffic_source_1} than {traffic_source_2} during the last {n_weeks} weeks, make bar charts of both over that period","গত {n_weeks} সপ্তাহে কি আমাদের {traffic_source_1} থেকে {traffic_source_2}-এর চেয়ে বেশি ট্রাফিক এসেছে? এসে থাকলে, ওই সময়ের জন্য দুটোরই bar চার্ট বানাও","['analytics']"
"গত 6 সপ্তাহে যদি referral থেকে social media-এর চেয়ে বেশি ট্রাফিক এসে থাকে, তাহলে ওই সময়ের জন্য দুটোরই bar চার্ট বানাও","[]","If we got more traffic from {traffic_source_1} than {traffic_source_2} during the last {n_weeks} weeks, make bar charts of both over that period","গত {n_weeks} সপ্তাহে যদি {traffic_source_1} থেকে {traffic_source_2}-এর চেয়ে বেশি ট্রাফিক এসে থাকে, তাহলে ওই সময়ের জন্য দুটোরই bar চার্ট বানাও","['analytics']"
"গত 5 সপ্তাহে কি আমাদের social media থেকে search engine-এর চেয়ে বেশি ট্রাফিক এসেছে? এসে থাকলে, ওই সময়ের জন্য দুটোরই bar চার্ট বানাও","['analytics.create_plot.func(time_min=""2023-10-26"", time_max=""2023-11-29"", value_to_plot=""visits_social_media"", plot_type=""bar"")', 'analytics.create_plot.func(time_min=""2023-10-26"", time_max=""2023-11-29"", value_to_plot=""visits_search_engine"", plot_type=""bar"")']","If we got more traffic from {traffic_source_1} than {traffic_source_2} during the last {n_weeks} weeks, make bar charts of both over that period","গত {n_weeks} সপ্তাহে কি আমাদের {traffic_source_1} থেকে {traffic_source_2}-এর চেয়ে বেশি ট্রাফিক এসেছে? এসে থাকলে, ওই সময়ের জন্য দুটোরই bar চার্ট বানাও","['analytics']"
"গত 5 সপ্তাহে যদি search engine থেকে social media-এর চেয়ে বেশি ট্রাফিক এসে থাকে, তাহলে ওই সময়ের জন্য দুটোরই bar চার্ট বানাও","[]","If we got more traffic from {traffic_source_1} than {traffic_source_2} during the last {n_weeks} weeks, make bar charts of both over that period","গত {n_weeks} সপ্তাহে যদি {traffic_source_1} থেকে {traffic_source_2}-এর চেয়ে বেশি ট্রাফিক এসে থাকে, তাহলে ওই সময়ের জন্য দুটোরই bar চার্ট বানাও","['analytics']"
"গত 5 সপ্তাহে যদি referral থেকে search engine-এর চেয়ে বেশি ট্রাফিক এসে থাকে, তাহলে ওই সময়ের জন্য দুটোরই bar চার্ট বানাও","[]","If we got more traffic from {traffic_source_1} than {traffic_source_2} during the last {n_weeks} weeks, make bar charts of both over that period","গত {n_weeks} সপ্তাহে যদি {traffic_source_1} থেকে {traffic_source_2}-এর চেয়ে বেশি ট্রাফিক এসে থাকে, তাহলে ওই সময়ের জন্য দুটোরই bar চার্ট বানাও","['analytics']"
"গত 4 সপ্তাহের social media আর search engine-এর bar চার্ট বানাও, যদি social media থেকে search engine-এর চেয়ে বেশি ট্রাফিক এসে থাকে","['analytics.create_plot.func(time_min=""2023-11-02"", time_max=""2023-11-29"", value_to_plot=""visits_social_media"", plot_type=""bar"")', 'analytics.create_plot.func(time_min=""2023-11-02"", time_max=""2023-11-29"", value_to_plot=""visits_search_engine"", plot_type=""bar"")']","If we got more traffic from {traffic_source_1} than {traffic_source_2} during the last {n_weeks} weeks, make bar charts of both over that period","গত {n_weeks} সপ্তাহের {traffic_source_1} আর {traffic_source_2}-এর bar চার্ট বানাও, যদি {traffic_source_1} থেকে {traffic_source_2}-এর চেয়ে বেশি ট্রাফিক এসে থাকে","['analytics']"
