"slot","value_en","value_bn","kind","rule","n_occurrences"
"before_or_after","after","পরে","translate","comparator","3"
"before_or_after","before","আগে","translate","comparator","7"
"day_of_week","Friday","শুক্রবার","translate","weekday","10"
"day_of_week","Monday","সোমবার","translate","weekday","8"
"day_of_week","Saturday","শনিবার","translate","weekday","7"
"day_of_week","Sunday","রবিবার","translate","weekday","9"
"day_of_week","Tuesday","মঙ্গলবার","translate","weekday","6"
"day_of_week","Wednesday","বুধবার","translate","weekday","10"
"day_of_week","friday","শুক্রবার","translate","weekday","2"
"day_of_week","monday","সোমবার","translate","weekday","4"
"day_of_week","saturday","শনিবার","translate","weekday","1"
"day_of_week","sunday","রবিবার","translate","weekday","2"
"day_of_week","tuesday","মঙ্গলবার","translate","weekday","1"
"duration","1 hour","1 ঘণ্টা","translate","duration: <ASCII number> <Bangla unit>","1"
"duration","1.5 hour","1.5 ঘণ্টা","translate","duration: <ASCII number> <Bangla unit>","10"
"duration","2 hour","2 ঘণ্টা","translate","duration: <ASCII number> <Bangla unit>","5"
"duration","30 minute","30 মিনিট","translate","duration: <ASCII number> <Bangla unit>","4"
"higher_or_lower","higher","বেশি","translate","comparator","11"
"higher_or_lower","lower","কম","translate","comparator","19"
"more_or_less","less","কম","translate","comparator","51"
"more_or_less","more","বেশি","translate","comparator","59"
"most_or_least","most","সবচেয়ে বেশি","translate","comparator","10"
"natural_language_date","December 1","1 ডিসেম্বর","translate","date: <day ASCII> <Bangla month>","2"
"natural_language_date","December 11","11 ডিসেম্বর","translate","date: <day ASCII> <Bangla month>","1"
"natural_language_date","December 12","12 ডিসেম্বর","translate","date: <day ASCII> <Bangla month>","3"
"natural_language_date","December 13","13 ডিসেম্বর","translate","date: <day ASCII> <Bangla month>","4"
"natural_language_date","December 14","14 ডিসেম্বর","translate","date: <day ASCII> <Bangla month>","2"
"natural_language_date","December 15","15 ডিসেম্বর","translate","date: <day ASCII> <Bangla month>","1"
"natural_language_date","December 18","18 ডিসেম্বর","translate","date: <day ASCII> <Bangla month>","5"
"natural_language_date","December 19","19 ডিসেম্বর","translate","date: <day ASCII> <Bangla month>","4"
"natural_language_date","December 20","20 ডিসেম্বর","translate","date: <day ASCII> <Bangla month>","2"
"natural_language_date","December 21","21 ডিসেম্বর","translate","date: <day ASCII> <Bangla month>","1"
"natural_language_date","December 4","4 ডিসেম্বর","translate","date: <day ASCII> <Bangla month>","6"
"natural_language_date","December 5","5 ডিসেম্বর","translate","date: <day ASCII> <Bangla month>","2"
"natural_language_date","December 6","6 ডিসেম্বর","translate","date: <day ASCII> <Bangla month>","2"
"natural_language_date","December 7","7 ডিসেম্বর","translate","date: <day ASCII> <Bangla month>","1"
"natural_language_date","December 8","8 ডিসেম্বর","translate","date: <day ASCII> <Bangla month>","3"
"natural_language_date","November 1","1 নভেম্বর","translate","date: <day ASCII> <Bangla month>","3"
"natural_language_date","November 12","12 নভেম্বর","translate","date: <day ASCII> <Bangla month>","1"
"natural_language_date","November 13","13 নভেম্বর","translate","date: <day ASCII> <Bangla month>","1"
"natural_language_date","November 14","14 নভেম্বর","translate","date: <day ASCII> <Bangla month>","1"
"natural_language_date","November 15","15 নভেম্বর","translate","date: <day ASCII> <Bangla month>","2"
"natural_language_date","November 16","16 নভেম্বর","translate","date: <day ASCII> <Bangla month>","2"
"natural_language_date","November 17","17 নভেম্বর","translate","date: <day ASCII> <Bangla month>","2"
"natural_language_date","November 18","18 নভেম্বর","translate","date: <day ASCII> <Bangla month>","1"
"natural_language_date","November 19","19 নভেম্বর","translate","date: <day ASCII> <Bangla month>","2"
"natural_language_date","November 2","2 নভেম্বর","translate","date: <day ASCII> <Bangla month>","1"
"natural_language_date","November 20","20 নভেম্বর","translate","date: <day ASCII> <Bangla month>","2"
"natural_language_date","November 21","21 নভেম্বর","translate","date: <day ASCII> <Bangla month>","3"
"natural_language_date","November 22","22 নভেম্বর","translate","date: <day ASCII> <Bangla month>","1"
"natural_language_date","November 24","24 নভেম্বর","translate","date: <day ASCII> <Bangla month>","3"
"natural_language_date","November 25","25 নভেম্বর","translate","date: <day ASCII> <Bangla month>","1"
"natural_language_date","November 26","26 নভেম্বর","translate","date: <day ASCII> <Bangla month>","1"
"natural_language_date","November 27","27 নভেম্বর","translate","date: <day ASCII> <Bangla month>","2"
"natural_language_date","November 29","29 নভেম্বর","translate","date: <day ASCII> <Bangla month>","4"
"natural_language_date","November 3","3 নভেম্বর","translate","date: <day ASCII> <Bangla month>","1"
"natural_language_date","November 30","30 নভেম্বর","translate","date: <day ASCII> <Bangla month>","1"
"natural_language_date","November 5","5 নভেম্বর","translate","date: <day ASCII> <Bangla month>","2"
"natural_language_date","November 6","6 নভেম্বর","translate","date: <day ASCII> <Bangla month>","2"
"natural_language_date","November 7","7 নভেম্বর","translate","date: <day ASCII> <Bangla month>","1"
"natural_language_date","November 9","9 নভেম্বর","translate","date: <day ASCII> <Bangla month>","2"
"natural_language_date","October 1","1 অক্টোবর","translate","date: <day ASCII> <Bangla month>","1"
"natural_language_date","October 10","10 অক্টোবর","translate","date: <day ASCII> <Bangla month>","3"
"natural_language_date","October 11","11 অক্টোবর","translate","date: <day ASCII> <Bangla month>","2"
"natural_language_date","October 12","12 অক্টোবর","translate","date: <day ASCII> <Bangla month>","3"
"natural_language_date","October 13","13 অক্টোবর","translate","date: <day ASCII> <Bangla month>","2"
"natural_language_date","October 14","14 অক্টোবর","translate","date: <day ASCII> <Bangla month>","1"
"natural_language_date","October 15","15 অক্টোবর","translate","date: <day ASCII> <Bangla month>","3"
"natural_language_date","October 17","17 অক্টোবর","translate","date: <day ASCII> <Bangla month>","2"
"natural_language_date","October 18","18 অক্টোবর","translate","date: <day ASCII> <Bangla month>","1"
"natural_language_date","October 2","2 অক্টোবর","translate","date: <day ASCII> <Bangla month>","1"
"natural_language_date","October 20","20 অক্টোবর","translate","date: <day ASCII> <Bangla month>","4"
"natural_language_date","October 21","21 অক্টোবর","translate","date: <day ASCII> <Bangla month>","2"
"natural_language_date","October 23","23 অক্টোবর","translate","date: <day ASCII> <Bangla month>","2"
"natural_language_date","October 24","24 অক্টোবর","translate","date: <day ASCII> <Bangla month>","2"
"natural_language_date","October 25","25 অক্টোবর","translate","date: <day ASCII> <Bangla month>","1"
"natural_language_date","October 27","27 অক্টোবর","translate","date: <day ASCII> <Bangla month>","2"
"natural_language_date","October 28","28 অক্টোবর","translate","date: <day ASCII> <Bangla month>","5"
"natural_language_date","October 29","29 অক্টোবর","translate","date: <day ASCII> <Bangla month>","1"
"natural_language_date","October 3","3 অক্টোবর","translate","date: <day ASCII> <Bangla month>","3"
"natural_language_date","October 30","30 অক্টোবর","translate","date: <day ASCII> <Bangla month>","2"
"natural_language_date","October 4","4 অক্টোবর","translate","date: <day ASCII> <Bangla month>","2"
"natural_language_date","October 6","6 অক্টোবর","translate","date: <day ASCII> <Bangla month>","2"
"natural_language_date","October 7","7 অক্টোবর","translate","date: <day ASCII> <Bangla month>","1"
"natural_language_date","October 8","8 অক্টোবর","translate","date: <day ASCII> <Bangla month>","2"
"natural_language_date","October 9","9 অক্টোবর","translate","date: <day ASCII> <Bangla month>","2"
"natural_language_date","September 1","1 সেপ্টেম্বর","translate","date: <day ASCII> <Bangla month>","2"
"natural_language_date","September 10","10 সেপ্টেম্বর","translate","date: <day ASCII> <Bangla month>","2"
"natural_language_date","September 11","11 সেপ্টেম্বর","translate","date: <day ASCII> <Bangla month>","1"
"natural_language_date","September 12","12 সেপ্টেম্বর","translate","date: <day ASCII> <Bangla month>","1"
"natural_language_date","September 13","13 সেপ্টেম্বর","translate","date: <day ASCII> <Bangla month>","1"
"natural_language_date","September 14","14 সেপ্টেম্বর","translate","date: <day ASCII> <Bangla month>","2"
"natural_language_date","September 15","15 সেপ্টেম্বর","translate","date: <day ASCII> <Bangla month>","3"
"natural_language_date","September 16","16 সেপ্টেম্বর","translate","date: <day ASCII> <Bangla month>","1"
"natural_language_date","September 17","17 সেপ্টেম্বর","translate","date: <day ASCII> <Bangla month>","2"
"natural_language_date","September 18","18 সেপ্টেম্বর","translate","date: <day ASCII> <Bangla month>","2"
"natural_language_date","September 19","19 সেপ্টেম্বর","translate","date: <day ASCII> <Bangla month>","1"
"natural_language_date","September 2","2 সেপ্টেম্বর","translate","date: <day ASCII> <Bangla month>","1"
"natural_language_date","September 20","20 সেপ্টেম্বর","translate","date: <day ASCII> <Bangla month>","3"
"natural_language_date","September 21","21 সেপ্টেম্বর","translate","date: <day ASCII> <Bangla month>","1"
"natural_language_date","September 22","22 সেপ্টেম্বর","translate","date: <day ASCII> <Bangla month>","1"
"natural_language_date","September 24","24 সেপ্টেম্বর","translate","date: <day ASCII> <Bangla month>","5"
"natural_language_date","September 25","25 সেপ্টেম্বর","translate","date: <day ASCII> <Bangla month>","1"
"natural_language_date","September 26","26 সেপ্টেম্বর","translate","date: <day ASCII> <Bangla month>","4"
"natural_language_date","September 27","27 সেপ্টেম্বর","translate","date: <day ASCII> <Bangla month>","1"
"natural_language_date","September 28","28 সেপ্টেম্বর","translate","date: <day ASCII> <Bangla month>","4"
"natural_language_date","September 29","29 সেপ্টেম্বর","translate","date: <day ASCII> <Bangla month>","3"
"natural_language_date","September 3","3 সেপ্টেম্বর","translate","date: <day ASCII> <Bangla month>","2"
"natural_language_date","September 4","4 সেপ্টেম্বর","translate","date: <day ASCII> <Bangla month>","4"
"natural_language_date","September 5","5 সেপ্টেম্বর","translate","date: <day ASCII> <Bangla month>","1"
"natural_language_date","September 7","7 সেপ্টেম্বর","translate","date: <day ASCII> <Bangla month>","3"
"natural_language_date","September 8","8 সেপ্টেম্বর","translate","date: <day ASCII> <Bangla month>","2"
"natural_language_date","September 9","9 সেপ্টেম্বর","translate","date: <day ASCII> <Bangla month>","3"
"natural_language_date_max","November 13","13 নভেম্বর","translate","date: <day ASCII> <Bangla month>","1"
"natural_language_date_max","November 19","19 নভেম্বর","translate","date: <day ASCII> <Bangla month>","2"
"natural_language_date_max","November 2","2 নভেম্বর","translate","date: <day ASCII> <Bangla month>","1"
"natural_language_date_max","November 21","21 নভেম্বর","translate","date: <day ASCII> <Bangla month>","1"
"natural_language_date_max","November 24","24 নভেম্বর","translate","date: <day ASCII> <Bangla month>","1"
"natural_language_date_max","November 28","28 নভেম্বর","translate","date: <day ASCII> <Bangla month>","1"
"natural_language_date_max","November 6","6 নভেম্বর","translate","date: <day ASCII> <Bangla month>","2"
"natural_language_date_max","October 26","26 অক্টোবর","translate","date: <day ASCII> <Bangla month>","1"
"natural_language_due_date","December 2","2 ডিসেম্বর","translate","date: <day ASCII> <Bangla month>","1"
"natural_language_due_date","December 3","3 ডিসেম্বর","translate","date: <day ASCII> <Bangla month>","1"
"natural_language_due_date","December 4","4 ডিসেম্বর","translate","date: <day ASCII> <Bangla month>","2"
"natural_language_due_date","December 5","5 ডিসেম্বর","translate","date: <day ASCII> <Bangla month>","3"
"natural_language_due_date","December 6","6 ডিসেম্বর","translate","date: <day ASCII> <Bangla month>","2"
"natural_language_due_date","December 7","7 ডিসেম্বর","translate","date: <day ASCII> <Bangla month>","1"
"natural_language_duration","1 hour","1 ঘণ্টা","translate","duration: <ASCII number> <Bangla unit>","2"
"natural_language_duration","1.5 hour","1.5 ঘণ্টা","translate","duration: <ASCII number> <Bangla unit>","3"
"natural_language_duration","2 hour","2 ঘণ্টা","translate","duration: <ASCII number> <Bangla unit>","2"
"natural_language_duration","30 minute","30 মিনিট","translate","duration: <ASCII number> <Bangla unit>","3"
"natural_language_email_date","November 1","1 নভেম্বর","translate","date: <day ASCII> <Bangla month>","1"
"natural_language_email_date","November 13","13 নভেম্বর","translate","date: <day ASCII> <Bangla month>","1"
"natural_language_email_date","November 17","17 নভেম্বর","translate","date: <day ASCII> <Bangla month>","1"
"natural_language_email_date","November 20","20 নভেম্বর","translate","date: <day ASCII> <Bangla month>","1"
"natural_language_email_date","November 27","27 নভেম্বর","translate","date: <day ASCII> <Bangla month>","1"
"natural_language_email_date","November 3","3 নভেম্বর","translate","date: <day ASCII> <Bangla month>","1"
"natural_language_email_date","October 17","17 অক্টোবর","translate","date: <day ASCII> <Bangla month>","1"
"natural_language_email_date","October 19","19 অক্টোবর","translate","date: <day ASCII> <Bangla month>","1"
"natural_language_email_date","October 25","25 অক্টোবর","translate","date: <day ASCII> <Bangla month>","1"
"natural_language_email_date","October 26","26 অক্টোবর","translate","date: <day ASCII> <Bangla month>","1"
"natural_language_event_date","December 1","1 ডিসেম্বর","translate","date: <day ASCII> <Bangla month>","1"
"natural_language_event_date","December 11","11 ডিসেম্বর","translate","date: <day ASCII> <Bangla month>","2"
"natural_language_event_date","December 12","12 ডিসেম্বর","translate","date: <day ASCII> <Bangla month>","3"
"natural_language_event_date","December 15","15 ডিসেম্বর","translate","date: <day ASCII> <Bangla month>","2"
"natural_language_event_date","December 18","18 ডিসেম্বর","translate","date: <day ASCII> <Bangla month>","3"
"natural_language_event_date","December 20","20 ডিসেম্বর","translate","date: <day ASCII> <Bangla month>","1"
"natural_language_event_date","December 21","21 ডিসেম্বর","translate","date: <day ASCII> <Bangla month>","2"
"natural_language_event_date","December 6","6 ডিসেম্বর","translate","date: <day ASCII> <Bangla month>","1"
"natural_language_event_date","December 7","7 ডিসেম্বর","translate","date: <day ASCII> <Bangla month>","1"
"natural_language_event_date","December 8","8 ডিসেম্বর","translate","date: <day ASCII> <Bangla month>","2"
"natural_language_event_date","November 30","30 নভেম্বর","translate","date: <day ASCII> <Bangla month>","2"
"natural_language_metric","average session duration","গড় সেশনের সময়কাল","translate","analytics metric (use {slot!en} inside quoted literals)","62"
"natural_language_metric","engaged users","এনগেজড ইউজার","translate","analytics metric (use {slot!en} inside quoted literals)","79"
"natural_language_metric","total visits","মোট ভিজিট","translate","analytics metric (use {slot!en} inside quoted literals)","69"
"natural_language_metric_2","average session duration","গড় সেশনের সময়কাল","translate","analytics metric (use {slot!en} inside quoted literals)","15"
"natural_language_metric_2","engaged users","এনগেজড ইউজার","translate","analytics metric (use {slot!en} inside quoted literals)","17"
"natural_language_metric_2","total visits","মোট ভিজিট","translate","analytics metric (use {slot!en} inside quoted literals)","18"
"natural_language_product_interest","consulting","consulting","canonical","DB/tool enum value kept in Latin script","7"
"natural_language_product_interest","hardware","hardware","canonical","DB/tool enum value kept in Latin script","10"
"natural_language_product_interest","services","services","canonical","DB/tool enum value kept in Latin script","10"
"natural_language_product_interest","software","software","canonical","DB/tool enum value kept in Latin script","7"
"natural_language_product_interest","training","training","canonical","DB/tool enum value kept in Latin script","6"
"new_status_natural_language","lead","lead","canonical","DB/tool enum value kept in Latin script","2"
"new_status_natural_language","lost","lost","canonical","DB/tool enum value kept in Latin script","4"
"new_status_natural_language","proposal","proposal","canonical","DB/tool enum value kept in Latin script","3"
"new_status_natural_language","qualified","qualified","canonical","DB/tool enum value kept in Latin script","6"
"new_status_natural_language","won","won","canonical","DB/tool enum value kept in Latin script","5"
"next_day","Friday","শুক্রবার","translate","weekday","5"
"next_day","Tuesday","মঙ্গলবার","translate","weekday","3"
"next_day","Wednesday","বুধবার","translate","weekday","2"
"plot_type","bar","bar","canonical","DB/tool enum value kept in Latin script","6"
"plot_type","histogram","histogram","canonical","DB/tool enum value kept in Latin script","1"
"plot_type","line","line","canonical","DB/tool enum value kept in Latin script","1"
"plot_type","scatter","scatter","canonical","DB/tool enum value kept in Latin script","2"
"traffic_source_1","direct","direct","canonical","DB/tool enum value kept in Latin script","1"
"traffic_source_1","referral","referral","canonical","DB/tool enum value kept in Latin script","4"
"traffic_source_1","search engine","search engine","canonical","DB/tool enum value kept in Latin script","2"
"traffic_source_1","social media","social media","canonical","DB/tool enum value kept in Latin script","3"
"traffic_source_2","direct","direct","canonical","DB/tool enum value kept in Latin script","2"
"traffic_source_2","search engine","search engine","canonical","DB/tool enum value kept in Latin script","4"
"traffic_source_2","social media","social media","canonical","DB/tool enum value kept in Latin script","4"
