slot,n_occurrences,n_distinct_values,example_values,db_match,proposed_type,rationale
name,250,20,dmitri | kofi | anaya | yuki | aisha | chenwei | nia | amir,"substring: calendar_events.participant_email (20/20), emails.sender/recipient (20/20), emails.body (20/20)",preserve,lowercase first name = get_first_name(email); agent must resolve to email via company_directory. Keep Latin script (lowercase as in source).
natural_language_metric,210,3,engaged users | total visits | average session duration,none (exact only; substring hits in free text not meaningful for this type),translate,"One of METRIC_NAMES (analytics.py) -> METRICS column. BORDERLINE/RISK: in multi_domain templates it is also embedded inside quoted tool-arg strings ('Improve {m}', 'Discuss {m}', email titles/bodies) whose expected outcome is English."
natural_language_date,190,91,December 4 | December 18 | October 28 | September 24 | December 13 | December 19 | September 4 | September 26,none (exact only; substring hits in free text not meaningful for this type),translate,"'Month D' (get_natural_language_date), no year (2023 implied); agent converts to ISO."
more_or_less,110,2,more | less,none (exact only; substring hits in free text not meaningful for this type),translate,"Comparator {more, less}."
threshold,110,9,5 | 10 | 11 | 1 | 41 | 21 | 3 | 2,n/a (numeric values not matched),preserve,Integer threshold.
assigned_to_first_name,80,5,Raj | Sofia | Lena | Nadia | Akira,"substring: calendar_events.participant_email (5/5), customer_relationship_manager_data.assigned_to_email (5/5), emails.sender/recipient (5/5)",preserve,Capitalised first name (CRM templates) vs lowercase elsewhere; resolves to assigned_to_email.
day_of_week,60,11,Wednesday | Friday | Sunday | Monday | Saturday | Tuesday | monday | friday,none (exact only; substring hits in free text not meaningful for this type),canonical,"Weekday name, mixed case (Title in analytics, lowercase in some variants; .day_name()/.lower()); agent resolves to date relative to 2023-11-30."
subject,60,38,Task Update on Design logo for website | Update on Client Appreciation Gala | Update on Board of Directors Conclave | Update on introductory call | Task Update on Improve UX of onboarding process | Task Update on Create wireframe for homepage | Update on status briefing | Update on Innovation and Creativity Hackathon,exact: emails.subject (38/38),preserve,"Email subject; matched against emails.subject and/or used as quoted tool arg (send_email subject, event_name in T51)."
event_name,50,35,quarterly tech roundup | brainstorming session | weekly summary | feedback discussion | Year-End Performance Assessment | Corporate Social Responsibility Initiative | project checkpoint | Board of Directors Conclave,exact: calendar_events.event_name (35/35),preserve,Calendar event name; matched against DB or passed to create/update_event verbatim.
natural_language_metric_2,50,3,total visits | engaged users | average session duration,none (exact only; substring hits in free text not meaningful for this type),translate,One of METRIC_NAMES. Same quoted-literal risk as natural_language_metric ('Improve {natural_language_metric_2}').
current_customer_name,40,29,Cameron Anderson | Riley Brown | Jessie Thomas | Quinn Thomas | Quinn Harris | Quinn Brown | Jamie Anderson | Kerry Brown,exact: customer_relationship_manager_data.customer_name (29/29),preserve,Exact CRM customer_name; also embedded in quoted event name 'Update on {current_customer_name}'.
days,40,6,2 | 4 | 3 | 6 | 10 | 5,n/a (numeric values not matched),preserve,Integer day count.
name_1,40,14,jinsoo | yuki | fatima | carlos | dmitri | santiago | chenwei | anaya,"substring: calendar_events.participant_email (14/14), emails.sender/recipient (14/14), emails.body (14/14)",preserve,lowercase first name from email (project_management).
natural_language_product_interest,40,5,hardware | services | software | consulting | training,exact: customer_relationship_manager_data.product_interest (5/5),canonical,product_interest.lower() of CRM product_interest; tool filter uses the capitalised DB value.
natural_language_time,40,14,12 | 11 | 11:30 | 10:30 | 3 | 3:30 | 12:30 | 2:30,n/a (numeric values not matched),translate,"Bare 12h clock without am/pm ('2', '11:30'; get_natural_language_time). BORDERLINE: Bangla rendering may add a period-of-day word (e.g. দুপুর) which disambiguates more than the English does."
sender_name,40,19,kofi | akira | fatima | leila | sofia | yuki | luis | anaya,"substring: calendar_events.participant_email (19/19), emails.sender/recipient (19/19), emails.body (19/19)",preserve,lowercase first name from email; also embedded in quoted tool-arg event name 'Catch up with {sender_name}'.
duration,30,10,1.5 hour | 2 hour | 30 minute | 7 | 4 | 9 | 1 hour | 3,none (exact only; substring hits in free text not meaningful for this type),translate,BORDERLINE: slot name reused with two meanings: '30 minute'/'1.5 hour' (calendar create/push-back; push-back template appends 's') vs bare integer day count in 'last {duration} days' (numbers -> preserve). Treat per template.
higher_or_lower,30,2,lower | higher,none (exact only; substring hits in free text not meaningful for this type),translate,"Comparator {higher, lower}."
name_2,30,15,carlos | kofi | dmitri | chenwei | nia | leila | yuki | aisha,"substring: calendar_events.participant_email (15/15), emails.sender/recipient (15/15), emails.body (15/15)",preserve,lowercase first name from email (project_management).
natural_language_growth_threshold,30,4,3% | 10% | 2% | 5%,n/a (numeric values not matched),preserve,Percentage string 'N%' (2/3/5/10%). BORDERLINE: numeric -> preserve; digits could be rendered in Bangla numerals if numerals policy says so.
recipient_name,30,15,carlos | chenwei | anaya | amir | yuki | nia | kofi | olga,"substring: calendar_events.participant_email (15/15), emails.sender/recipient (15/15), emails.body (15/15)",preserve,lowercase first name from email.
natural_language_event_date,20,11,December 18 | December 12 | December 11 | December 15 | December 8 | November 30 | December 21 | December 20,none (exact only; substring hits in free text not meaningful for this type),translate,'Month D'; agent converts to ISO event_start date.
new_assigned_to_first_name,20,5,Sofia | Akira | Raj | Lena | Nadia,"substring: calendar_events.participant_email (5/5), customer_relationship_manager_data.assigned_to_email (5/5), emails.sender/recipient (5/5)",preserve,Capitalised first name; resolves to assigned_to_email.
new_customer_name,20,19,Jordan Moore | Morgan Wilson | Avery White | Quinn Robinson | Rahul Johnson | Jaden Brown | Taylor Robinson | Rahul Davis,exact: customer_relationship_manager_data.customer_name (19/19),preserve,New CRM customer_name passed verbatim to add_customer.
new_status_natural_language,20,5,qualified | won | lost | proposal | lead,exact: customer_relationship_manager_data.status (5/5),canonical,"status.lower() of CRM status {Qualified, Won, Lost, Lead, Proposal}; tool arg is the capitalised DB value."
before_or_after,10,2,before | after,none (exact only; substring hits in free text not meaningful for this type),translate,"Temporal comparator {before, after}."
board,10,3,Front end | Design | Back end,exact: project_tasks.board (3/3),preserve,"Board name = project_tasks.board exact value (3 values). BORDERLINE: closed-class, could be canonical, but it is an entity name passed verbatim -> preserve."
body,10,10,"Hey kofi,\n\nI wanted to let you know that I've completed the tasks for the status briefing. Looking forward to your feedback.\n\nCheers,\n\nSam | Hi jinsoo,\n\nStarting on 'Create wireframe for homepage' today. Any preliminary thoughts or resources you recommend before I dive in?\n\nBest,\n\nSam | Hey dmitri,\n\nEncountered a few challenges while working on the Innovation and Creativity Hackathon. Could use your advice.\n\nThanks,\n\nSam | chenwei,\n\nI wanted to let you know that I've completed the tasks for the daily stand-up. Looking forward to your feedback.\n\nThanks,\n\nSam | lena,\n\nI've been assigned 'Develop prototype for report generation'. Excited to work on this and confident it will greatly improve our backend efficiency.\n\nCheers,\n\nSam | nadia,\n\nI've been assigned 'Develop prototype for report generation'. Excited to work on this and confident it will greatly improve our backend efficiency.\n\nCheers,\n\nSam | amir,\n\nRegarding task 'Add authentication for email notification', I've made significant progress but have hit a snag with UI responsiveness. Could use a brainstorm session.\n\nAdditionally, I wanted to touch base on some other areas we've been focusing on lately. Our team has been working tirelessly on improving our project management workflows and enhancing collaboration across departments. This effort includes adopting new tools, refining our communication strategies, and ensuring that all team members are fully aligned with our objectifs.\n\nRegards,\n\nSam | Hi aisha,\n\nI have some ideas for the Machine Learning Chat that I'd like to run by you. When are you free?\n\nBest,\n\nSam",none,preserve,Email body passed verbatim to send_email (contains newlines and lowercase names). BORDERLINE: kept English even inside a Bangla instruction.
date_min,10,9,2023-11-17 | 2023-09-04 | 2023-11-05 | 2023-11-10 | 2023-09-24 | 2023-11-03 | 2023-11-23 | 2023-11-02,"exact: analytics_data.date_of_visit (9/9), customer_relationship_manager_data.last_contact_date (7/9), customer_relationship_manager_data.follow_up_by (6/9)",preserve,ISO date (YYYY-MM-DD) = analytics_data.date_of_visit; passed as time_min.
most_or_least,10,1,most,none (exact only; substring hits in free text not meaningful for this type),translate,"Superlative {most, least} (only 'most' occurs)."
n_weeks,10,4,5 | 6 | 4 | 3,n/a (numeric values not matched),preserve,Integer week count.
natural_language_date_max,10,8,November 19 | November 6 | November 21 | November 13 | November 24 | November 2 | November 28 | October 26,none (exact only; substring hits in free text not meaningful for this type),translate,'Month D'; agent converts to ISO time_max.
natural_language_due_date,10,6,December 5 | December 6 | December 4 | December 7 | December 2 | December 3,none (exact only; substring hits in free text not meaningful for this type),translate,'Month D'; agent converts to ISO due_date.
natural_language_duration,10,4,1.5 hour | 30 minute | 1 hour | 2 hour,none (exact only; substring hits in free text not meaningful for this type),translate,'N minute'/'N hour' (format_event_duration) -> minutes.
natural_language_email_date,10,10,October 19 | October 17 | November 1 | November 3 | November 27 | November 20 | November 17 | November 13,none (exact only; substring hits in free text not meaningful for this type),translate,'Month D'; agent matches emails.sent_datetime date.
new_event_name,10,9,Customer Insight Forum | daily stand-up | Product Launch Analysis | Data Security and Compliance Training | Diversity & Inclusion Workshop | status briefing | Risk Management Forum | team orientation,exact: calendar_events.event_name (9/9),preserve,New event name passed verbatim to update_event.
next_day,10,3,Friday | Tuesday | Wednesday,none (exact only; substring hits in free text not meaningful for this type),canonical,Weekday name (Title case); agent resolves to the next such date.
past_n_weeks,10,5,1 | 2 | 4 | 3 | 5,n/a (numeric values not matched),preserve,Integer week count.
plot_type,10,4,bar | scatter | histogram | line,none (exact only; substring hits in free text not meaningful for this type),canonical,VALID_PLOT_TYPES value passed verbatim as plot_type.
recipient_name1,10,9,lena | amir | carlos | dmitri | olga | akira | nadia | raj,"substring: calendar_events.participant_email (9/9), emails.sender/recipient (9/9), emails.body (9/9)",preserve,lowercase first name from email.
recipient_name2,10,8,nadia | yuki | akira | kofi | aisha | jinsoo | sofia | luis,"substring: calendar_events.participant_email (8/8), emails.sender/recipient (8/8), emails.body (8/8)",preserve,lowercase first name from email.
sender,10,9,amir.ali@atlas.com | luis.ortiz@atlas.com | carlos.rodriguez@atlas.com | yuki.tanaka@atlas.com | leila.azizi@atlas.com | nadia.moreau@atlas.com | jinsoo.kim@atlas.com | lena.schmidt@atlas.com,"exact: calendar_events.participant_email (9/9), emails.sender/recipient (9/9), project_tasks.assigned_to_email (7/9)",preserve,Full email address; passed verbatim to send_email.
task_name,10,10,Implement user profile management API | Develop prototype for data export | Create wireframe for dashboard | Integrate Twilio SMS API with frontend | Improve UX of sign-up flow | Implement search functionality API | Fix bug in payment processing module | Fix alignment issue in homepage,exact: project_tasks.task_name (10/10),preserve,Project task name passed verbatim to create_task.
traffic_source_1,10,4,referral | social media | search engine | direct,exact: analytics_data.traffic_source (4/4),canonical,analytics_data.traffic_source exact value; plot value_to_plot = visits_<source with _>.
traffic_source_2,10,3,search engine | social media | direct,exact: analytics_data.traffic_source (3/3),canonical,analytics_data.traffic_source exact value.
weeks,10,4,6 | 5 | 4 | 3,n/a (numeric values not matched),preserve,Integer week count.
