template_id,source_file,domains,base_template,n_tasks,n_chosen_templates,example_chosen_template,example_task,placeholders
T01,email,['email'],Delete my last email from {name},10,3,Delete my last email from {name},Delete my last email from nadia,name
T02,email,['email'],Delete all my emails from {name} from the last {days} days,10,3,All my emails from {name} from the last {days} days need to be deleted. Can you do that?,All my emails from yuki from the last 3 days need to be deleted. Can you do that?,name|days
T03,email,['email'],Send an email to {name} saying '{body}' and title it '{subject}',10,3,I need to send an email to {name} saying '{body}' and title it '{subject}'. Can you do that?,"I need to send an email to kofi saying 'Hey kofi,

I wanted to let you know that I've completed the tasks for the status briefing. Looking forward to your feedback.

Cheers,

Sam' and title it 'Task Update on Improve UX of onboarding process'. Can you do that?",name|body|subject
T04,email,['email'],Reply to {name}'s last email about '{subject}' with 'Thanks for the update - I will get back to you tomorrow.',10,2,I need to get back to {name}'s last email about '{subject}' with 'Thanks for the update - I will get back to you tomorrow. Can you send the reply for me?,I need to get back to yuki's last email about 'Update on Client Appreciation Gala' with 'Thanks for the update - I will get back to you tomorrow. Can you send the reply for me?,name|subject
T05,email,['email'],Forward all the emails from {name} last week about '{subject}' to {recipient_name},10,3,{recipient_name} needs all the emails from {name} last week about '{subject}'. Can you forward them?,carlos needs all the emails from chenwei last week about 'Update on Supply Chain Enhancement Workshop'. Can you forward them?,name|subject|recipient_name
T06,email,['email'],Forward the latest email about '{subject}' to {recipient_name},10,3,Forward the latest email about '{subject}' to {recipient_name},Forward the latest email about 'Task Update on Add authentication for email notification' to olga,subject|recipient_name
T07,email,['email'],Forward my most recent email from {sender_name} to {recipient_name},10,3,Forward my most recent email from {sender_name} to {recipient_name},Forward my most recent email from fatima to kofi,sender_name|recipient_name
T08,email,['email'],Forward the last email about '{subject}' to {recipient_name1} and {recipient_name2},10,3,Forward the last email about '{subject}' to {recipient_name1} and {recipient_name2},Forward the last email about 'Update on feedback discussion' to amir and akira,subject|recipient_name1|recipient_name2
T09,email,['email'],"Reply to the latest email from {sender_name} with 'Got it, thank you!'",10,3,"I need to reply to the latest email from {sender_name} with 'Got it, thank you!'. Can you do that?","I need to reply to the latest email from sofia with 'Got it, thank you!'. Can you do that?",sender_name
T10,calendar,['calendar'],Cancel my first meeting on {natural_language_date},10,3,Delete my first meeting on {natural_language_date},Delete my first meeting on December 13,natural_language_date
T11,calendar,['calendar'],Change the name of the last event on {natural_language_date} to {event_name},10,3,Change the name of the last event on {natural_language_date} to {event_name},Change the name of the last event on December 19 to casual catch-up,natural_language_date|event_name
T12,calendar,['calendar'],Push back my first meeting with {name} on {natural_language_date} by {duration}s,10,3,please move my first meeting with {name} on {natural_language_date} by {duration}s,please move my first meeting with kofi on December 4 by 1.5 hours,name|natural_language_date|duration
T13,calendar,['calendar'],Cancel the next {event_name} meeting,10,3,Can you cancel the next {event_name} meeting,Can you cancel the next Year-End Performance Assessment meeting,event_name
T14,calendar,['calendar'],Rename the next {event_name} meeting to {new_event_name},10,3,can you rename the next {event_name} meeting to {new_event_name},can you rename the next process review meeting to Customer Insight Forum,event_name|new_event_name
T15,calendar,['calendar'],Cancel my next meeting with {name},10,3,Cancel my next meeting with {name},Cancel my next meeting with sofia,name
T16,calendar,['calendar'],"If I haven't met with {name} in the last {duration} days, schedule a 30-minute meeting called 'catch-up' for my first free slot from tomorrow",10,3,"I think I might need to catch up with {name}. Can you check if I've met with them in the last {duration} days? If not, schedule a 30-minute meeting for my first free slot from tomorrow","I think I might need to catch up with sofia. Can you check if I've met with them in the last 3 days? If not, schedule a 30-minute meeting for my first free slot from tomorrow",name|duration
T17,calendar,['calendar'],Cancel my meetings on {next_day} {before_or_after} {natural_language_time},10,3,Cancel my meetings on {next_day} {before_or_after} {natural_language_time},Cancel my meetings on Wednesday after 11,next_day|before_or_after|natural_language_time
T18,calendar,['calendar'],Cancel all future meetings with {name},10,3,Cancel all future meetings with {name},Cancel all future meetings with raj,name
T19,calendar,['calendar'],Cancel future {event_name} meetings,10,3,Delete all the future {event_name} meetings,Delete all the future board of directors conclave meetings,event_name
T20,calendar,['calendar'],Create a {duration} event called {event_name} on {natural_language_date} at {natural_language_time} with {name},10,3,Create a {duration} event called {event_name} on {natural_language_date} at {natural_language_time} with {name},Create a 1.5 hour event called New Employee Onboarding on December 8 at 3:30 with nia,duration|event_name|natural_language_date|natural_language_time|name
T21,customer_relationship_manager,['customer_relationship_manager'],Update the status of {current_customer_name} to {new_status_natural_language} in the crm,10,3,Update the status of {current_customer_name} to {new_status_natural_language} in the crm,Update the status of Cameron Anderson to qualified in the crm,current_customer_name|new_status_natural_language
T22,customer_relationship_manager,['customer_relationship_manager'],Delete {current_customer_name} from the crm,10,3,{current_customer_name} is no longer a customer. Can you delete them from the crm?,Casey White is no longer a customer. Can you delete them from the crm?,current_customer_name
T23,customer_relationship_manager,['customer_relationship_manager'],Add {new_customer_name} as a new lead in the crm and assign them to {assigned_to_first_name},10,3,can you add {new_customer_name} to the crm? They're a new lead and need to be assigned to {assigned_to_first_name},can you add Morgan Wilson to the crm? They're a new lead and need to be assigned to Nadia,new_customer_name|assigned_to_first_name
T24,customer_relationship_manager,['customer_relationship_manager'],Reassign {current_customer_name} to {assigned_to_first_name} in the crm,10,3,We're moving {current_customer_name} to {assigned_to_first_name}. Can you make that change in the crm?,We're moving Dakota Wilson to Raj. Can you make that change in the crm?,current_customer_name|assigned_to_first_name
T25,customer_relationship_manager,['customer_relationship_manager'],Reassign all of {assigned_to_first_name}'s leads that are interested in {natural_language_product_interest} to {new_assigned_to_first_name} in the crm.,10,3,{new_assigned_to_first_name} is taking over all of {assigned_to_first_name}'s leads that are interested in {natural_language_product_interest}. Can you reassign them in the crm?,Akira is taking over all of Lena's leads that are interested in software. Can you reassign them in the crm?,assigned_to_first_name|natural_language_product_interest|new_assigned_to_first_name
T26,customer_relationship_manager,['customer_relationship_manager'],Give {new_assigned_to_first_name} all of {assigned_to_first_name}'s customers that are interested in {natural_language_product_interest} and are either qualified or in proposal in the crm,10,3,I need to move all of {assigned_to_first_name}'s customers that are interested in {natural_language_product_interest} and are either qualified or in proposal to {new_assigned_to_first_name}. Can you make that change in the crm?,I need to move all of Sofia's customers that are interested in services and are either qualified or in proposal to Raj. Can you make that change in the crm?,new_assigned_to_first_name|assigned_to_first_name|natural_language_product_interest
T27,customer_relationship_manager,['customer_relationship_manager'],Delete all of {assigned_to_first_name}'s customers that are in the {new_status_natural_language} stage and interested in {natural_language_product_interest} in the crm,10,2,We no longer need to keep all of {assigned_to_first_name}'s customers that are in the {new_status_natural_language} stage and interested in {natural_language_product_interest}. Can you delete them from the crm?,We no longer need to keep all of Sofia's customers that are in the won stage and interested in services. Can you delete them from the crm?,assigned_to_first_name|new_status_natural_language|natural_language_product_interest
T28,customer_relationship_manager,['customer_relationship_manager'],Move all customers that haven't responded to a proposal for the {natural_language_product_interest} product in {weeks} weeks to lost in the crm,10,3,I think there's a few customers that haven't responded to a proposal for the {natural_language_product_interest} product in {weeks} weeks. Can you move them to lost in the crm?,I think there's a few customers that haven't responded to a proposal for the software product in 3 weeks. Can you move them to lost in the crm?,natural_language_product_interest|weeks
T29,analytics,['analytics'],Can you make a {plot_type} chart of {natural_language_metric} since {natural_language_date}?,10,3,Can you make a {plot_type} chart of {natural_language_metric} since {natural_language_date}?,Can you make a bar chart of total visits since November 21?,plot_type|natural_language_metric|natural_language_date
T30,analytics,['analytics'],Plot the distribution of {natural_language_metric} on {natural_language_date},10,3,please plot the distribution of the {natural_language_metric} metric on {natural_language_date},please plot the distribution of the total visits metric on October 10,natural_language_metric|natural_language_date
T31,analytics,['analytics'],Can you plot the distribution of both {natural_language_metric} and {natural_language_metric_2} between {natural_language_date} and {natural_language_date_max}??,10,3,Please plot for me the distribution of {natural_language_metric} and {natural_language_metric_2} between {natural_language_date} and {natural_language_date_max},Please plot for me the distribution of engaged users and total visits between November 5 and November 21,natural_language_metric|natural_language_metric_2|natural_language_date|natural_language_date_max
T32,analytics,['analytics'],"If {natural_language_metric} was {more_or_less} than {threshold} at any time since {natural_language_date}, make a line plot of it since then",10,3,"was {natural_language_metric} {more_or_less} than {threshold} at any time since {natural_language_date}? If so, please plot it as a line chart","was total visits less than 3 at any time since September 13? If so, please plot it as a line chart",natural_language_metric|more_or_less|threshold|natural_language_date
T33,analytics,['analytics'],Make bar charts showing {natural_language_metric} and {natural_language_metric_2} since {date_min},10,3,Make bar charts showing {natural_language_metric} and {natural_language_metric_2} since {date_min},Make bar charts showing average session duration and engaged users since 2023-09-04,natural_language_metric|natural_language_metric_2|date_min
T34,analytics,['analytics'],"If {natural_language_metric} was {more_or_less} than {threshold} any time in the last {past_n_weeks} weeks, make a line plot of it since then",10,3,"Was {natural_language_metric} {more_or_less} than {threshold} at any time in the last {past_n_weeks} weeks? If so, please plot it as a line chart","Was total visits more than 21 at any time in the last 1 weeks? If so, please plot it as a line chart",natural_language_metric|more_or_less|threshold|past_n_weeks
T35,analytics,['analytics'],"If {natural_language_metric} is more than {natural_language_growth_threshold} {higher_or_lower} than {natural_language_date}, make a line plot of it since then",10,3,"Is {natural_language_metric} more than {natural_language_growth_threshold} {higher_or_lower} than {natural_language_date}? If so, please plot it as a line chart","Is engaged users more than 5% lower than September 25? If so, please plot it as a line chart",natural_language_metric|natural_language_growth_threshold|higher_or_lower|natural_language_date
T36,analytics,['analytics'],"If {natural_language_metric} is more than {natural_language_growth_threshold} {higher_or_lower} than it was on {day_of_week}, make a line plot of it since then",10,3,Can you make a line chart of {natural_language_metric} since {day_of_week} if it is more than {natural_language_growth_threshold} {higher_or_lower} than {day_of_week}?,Can you make a line chart of engaged users since Sunday if it is more than 10% higher than Sunday?,natural_language_metric|natural_language_growth_threshold|higher_or_lower|day_of_week
T37,analytics,['analytics'],"If {natural_language_metric} on {day_of_week} was more than {natural_language_growth_threshold} {higher_or_lower} than it was the previous {day_of_week}, make a line plot of it over that period.",10,3,"If {natural_language_metric} on {day_of_week} was more than {natural_language_growth_threshold} {higher_or_lower} than it was the previous {day_of_week}, make a line plot of it over that period.","If average session duration on monday was more than 2% lower than it was the previous monday, make a line plot of it over that period.",natural_language_metric|day_of_week|natural_language_growth_threshold|higher_or_lower|day_of_week
T38,analytics,['analytics'],"Can you check the percent growth of {natural_language_metric} since {day_of_week}? If it grew by more than {natural_language_metric_2}, plot both lines since then",10,3,"if {natural_language_metric} grew by more than {natural_language_metric_2} since {day_of_week}, make a line plot of both since then","if total visits grew by more than engaged users since Saturday, make a line plot of both since then",natural_language_metric|day_of_week|natural_language_metric_2
T39,analytics,['analytics'],Can you make a line plot of the {most_or_least} popular traffic source since {natural_language_date}?,10,3,Can you make a line plot of the {most_or_least} popular traffic source since {natural_language_date}?,Can you make a line plot of the most popular traffic source since September 28?,most_or_least|natural_language_date
T40,analytics,['analytics'],"If we got more traffic from {traffic_source_1} than {traffic_source_2} during the last {n_weeks} weeks, make bar charts of both over that period",10,3,Make bar charts of {traffic_source_1} and {traffic_source_2} over the last {n_weeks} weeks if we got more traffic from {traffic_source_1} than {traffic_source_2},Make bar charts of social media and search engine over the last 6 weeks if we got more traffic from social media than search engine,traffic_source_1|traffic_source_2|n_weeks
T41,project_management,['project_management'],Move all of {name}'s tasks that are in progress to in review,10,2,Move all of {name}'s tasks that are in progress to in review,Move all of kofi's tasks that are in progress to in review,name
T42,project_management,['project_management'],Add a new task to the {board} backlog called {task_name} and assign it to {name}. It's due on {natural_language_due_date}.,10,3,Add a new task to the {board} backlog called {task_name} and assign it to {name}. It's due on {natural_language_due_date}.,Add a new task to the Design backlog called Implement user profile management API and assign it to fatima. It's due on December 5.,board|task_name|name|natural_language_due_date
T43,project_management,['project_management'],Move all of {name}'s overdue tasks in the backlog to in progress,10,3,can you move all of {name}'s overdue tasks in the backlog to in progress?,can you move all of aisha's overdue tasks in the backlog to in progress?,name
T44,project_management,['project_management'],Move any of {name}'s tasks that are in review to completed,10,3,can you move any of {name}'s tasks that are in review to completed?,can you move any of luis's tasks that are in review to completed?,name
T45,project_management,['project_management'],{name_1} is sick so reassign their in progress tasks to {name_2}.,10,3,{name_1} is sick so reassign their in progress tasks to {name_2}.,dmitri is sick so reassign their in progress tasks to jinsoo.,name_1|name_2
T46,project_management,['project_management'],{name_1} is on vacation now so move all the tasks they are currently working on to the backlog.,10,3,can you move all the tasks {name_1} is currently working on to the backlog?,can you move all the tasks leila is currently working on to the backlog?,name_1
T47,project_management,['project_management'],Give all the overdue tasks that {name_1} hasn't started to {name_2}.,10,3,can you give all of {name_1}'s overdue tasks that they haven't started to {name_2}?,can you give all of jinsoo's overdue tasks that they haven't started to aisha?,name_1|name_2
T48,project_management,['project_management'],Take {name_1}'s most urgent task and reassign it to {name_2}.,10,3,I need to take {name_1}'s most urgent task and reassign it to {name_2}. Can you do that?,I need to take jinsoo's most urgent task and reassign it to kofi. Can you do that?,name_1|name_2
T49,multi_domain,"['crm', 'calendar']",If we haven't spoke to {current_customer_name} in the past fortnight book a 30-minute meeting with whoever is assigned to them called 'Update on {current_customer_name}' at the first time I'm free tomorrow,10,3,If we haven't spoke to {current_customer_name} in the past fortnight book a 30-minute meeting with whoever is assigned to them called 'Update on {current_customer_name}' at the first time I'm free tomorrow,If we haven't spoke to Cameron Anderson in the past fortnight book a 30-minute meeting with whoever is assigned to them called 'Update on Cameron Anderson' at the first time I'm free tomorrow,current_customer_name|current_customer_name
T50,multi_domain,"['crm', 'project_management']", Add {new_customer_name} as a new lead in the crm and assign them to the person with the fewest tasks assigned to them,10,3,Can you find the person with the fewest tasks assigned to them and assign {new_customer_name} to them as a new lead in the crm?,Can you find the person with the fewest tasks assigned to them and assign Reese Martinez to them as a new lead in the crm?,new_customer_name
T51,multi_domain,"['email', 'calendar']",Find the email from {natural_language_email_date} about {subject} and schedule a {natural_language_duration} meeting called '{subject}' at {natural_language_time} with the sender for {natural_language_event_date}.,10,3,Can you find the email from {natural_language_email_date} about '{subject}' and schedule a {natural_language_duration} meeting called '{subject}' at {natural_language_time} with the sender for {natural_language_event_date}?,Can you find the email from October 19 about 'Update on Supply Chain Enhancement Workshop' and schedule a 1.5 hour meeting called 'Update on Supply Chain Enhancement Workshop' at 12 with the sender for December 11?,natural_language_email_date|subject|natural_language_duration|subject|natural_language_time|natural_language_event_date
T52,multi_domain,"['email', 'calendar']",Send an email to attendees of the first event on {natural_language_event_date}. Title it with the event name and tell them 'Remember to attend this event.',10,3,Can you send an email to attendees of the first event on {natural_language_event_date}? Title it with the event name and tell them 'Remember to attend this event.',Can you send an email to attendees of the first event on November 30? Title it with the event name and tell them 'Remember to attend this event.',natural_language_event_date
T53,multi_domain,"['email', 'calendar']","If {sender_name} hasn't sent me any emails in the past {days} days, schedule a 30 minute meeting with them for {day_of_week} at {natural_language_time} called 'Catch up with {sender_name}'",10,3,"if {sender_name} hasn't sent me any emails in the past {days} days, schedule a half hour meeting with them for {day_of_week} at {natural_language_time} and call it 'Catch up with {sender_name}'","if yuki hasn't sent me any emails in the past 4 days, schedule a half hour meeting with them for Friday at 12 and call it 'Catch up with yuki'",sender_name|days|day_of_week|natural_language_time|sender_name
T54,multi_domain,"['email', 'calendar']","If I haven't met with {name} in the past {days} days, send them an email titled 'Catch up soon?' saying 'We haven't caught up in a while - can you send some availability over next week?'",10,3,I haven't met with {name} in a while. if it's been longer than {days} days can you send them an email titled 'Catch up soon?' saying 'We haven't caught up in a while - can you send some availability over next week?',I haven't met with amir in a while. if it's been longer than 2 days can you send them an email titled 'Catch up soon?' saying 'We haven't caught up in a while - can you send some availability over next week?',name|days
T55,multi_domain,"['email', 'calendar']","If I don't have any meetings scheduled with {name} in the next {days} days, send them an email titled 'Catch up soon?' saying 'We have not caught up in a while - can you send some availability over next week?'",10,3,"Did I already schedule a meeting with {name} in the next {days} days? If not, send them an email titled 'Catch up soon?' saying 'We have not caught up in a while - can you send some availability over next week?'","Did I already schedule a meeting with leila in the next 3 days? If not, send them an email titled 'Catch up soon?' saying 'We have not caught up in a while - can you send some availability over next week?'",name|days
T56,multi_domain,"['email', 'project_management']","If {name} has any overdue tasks, send them an email titled 'Overdue tasks' saying 'You have a few overdue tasks - can you update me on them?'. Otherwise email them with 'Nice work keeping on top of your tasks this sprint!' titled 'Good work this sprint'",10,3,"I think {name} might have some overdue tasks. Can you check and if so, send them an email titled 'Overdue tasks' saying 'You have a few overdue tasks - can you update me on them?'. Otherwise email them with 'Nice work keeping on top of your tasks this sprint!' titled 'Good work this sprint'","I think jinsoo might have some overdue tasks. Can you check and if so, send them an email titled 'Overdue tasks' saying 'You have a few overdue tasks - can you update me on them?'. Otherwise email them with 'Nice work keeping on top of your tasks this sprint!' titled 'Good work this sprint'",name
T57,multi_domain,"['calendar', 'project_management']",Book a half-hour meeting with {name} called 'Catch up on overdue tasks' at the earliest time I'm free tomorrowif they have any overdue tasks,10,3,"I think {name} might have some overdue tasks. Can you check and if so, book a half hour meeting with them called 'Catch up on overdue tasks' at the earliest time I'm free tomorrow","I think jinsoo might have some overdue tasks. Can you check and if so, book a half hour meeting with them called 'Catch up on overdue tasks' at the earliest time I'm free tomorrow",name
T58,multi_domain,"['analytics', 'email']",If {natural_language_metric} was {more_or_less} than {threshold} at any time since {natural_language_date} send an email to {sender} titled 'Update on {natural_language_metric}' saying 'I noticed {natural_language_metric} was {more_or_less} than {threshold} - can you update me?',10,3,"can you check if {natural_language_metric} was {more_or_less} than {threshold} at any time since {natural_language_date}? If so, send an email to {sender} titled 'Update on {natural_language_metric}' saying 'I noticed {natural_language_metric} was {more_or_less} than {threshold} - can you update me?'","can you check if engaged users was less than 11 at any time since November 26? If so, send an email to luis.ortiz@atlas.com titled 'Update on engaged users' saying 'I noticed engaged users was less than 11 - can you update me?'",natural_language_metric|more_or_less|threshold|natural_language_date|sender|natural_language_metric|natural_language_metric|more_or_less|threshold
T59,multi_domain,"['analytics', 'calendar']",If {natural_language_metric} was {more_or_less} than {threshold} at any time since {natural_language_date} schedule a half-hour meeting called 'Discuss {natural_language_metric}' with {sender_name} at the earliest time I'm free tomorrow,10,3,If {natural_language_metric} was {more_or_less} than {threshold} at any time since {natural_language_date} schedule a half-hour meeting called 'Discuss {natural_language_metric}' with {sender_name} at the earliest time I'm free tomorrow,If average session duration was more than 41 at any time since October 8 schedule a half-hour meeting called 'Discuss average session duration' with luis at the earliest time I'm free tomorrow,natural_language_metric|more_or_less|threshold|natural_language_date|natural_language_metric|sender_name
T60,multi_domain,"['analytics', 'project_management']",If {natural_language_metric} was {more_or_less} than {threshold} at any time since {natural_language_date} make a backlog task called 'Improve {natural_language_metric}' for {name} on the front-end board with a deadline of next Friday,10,3,"can you check if {natural_language_metric} was {more_or_less} than {threshold} at any time since {natural_language_date}? If so, make a backlog task called 'Improve {natural_language_metric}' for {name} on the front-end board with a deadline of next Friday","can you check if total visits was more than 21 at any time since October 12? If so, make a backlog task called 'Improve total visits' for dmitri on the front-end board with a deadline of next Friday",natural_language_metric|more_or_less|threshold|natural_language_date|natural_language_metric|name
T61,multi_domain,"['analytics', 'project_management']",If {natural_language_metric} was {more_or_less} than {threshold} at any time since {natural_language_date} make a backlog task called 'Improve {natural_language_metric}' on the front-end board with a deadline of next Friday for the person with the most completed front end tasks,10,3,If {natural_language_metric} was {more_or_less} than {threshold} at any time since {natural_language_date} make a backlog task called 'Improve {natural_language_metric}' on the front-end board with a deadline of next Friday for the person with the most completed front end tasks,If average session duration was more than 19 at any time since November 27 make a backlog task called 'Improve average session duration' on the front-end board with a deadline of next Friday for the person with the most completed front end tasks,natural_language_metric|more_or_less|threshold|natural_language_date|natural_language_metric
T62,multi_domain,"['analytics', 'project_management']",Check the percent growth of {natural_language_metric} since {day_of_week} and if was more than {natural_language_metric_2} make a backlog task called 'Improve {natural_language_metric_2}' for {name} on the front-end board with a deadline of next Friday,10,3,Check the percent growth of {natural_language_metric} since {day_of_week} and if was more than {natural_language_metric_2} make a backlog task called 'Improve {natural_language_metric_2}' for {name} on the front-end board with a deadline of next Friday,Check the percent growth of average session duration since Sunday and if was more than engaged users make a backlog task called 'Improve engaged users' for chenwei on the front-end board with a deadline of next Friday,natural_language_metric|day_of_week|natural_language_metric_2|natural_language_metric_2|name
T63,multi_domain,"['analytics', 'crm']",If {natural_language_metric} was {more_or_less} than {threshold} at any time since {natural_language_date} delete all {assigned_to_first_name}'s leads in the CRM,10,3,"I think {natural_language_metric} might have been {more_or_less} than {threshold} at any time since {natural_language_date}. Can you check and if so, delete all {assigned_to_first_name}'s leads in the CRM","I think engaged users might have been more than 1 at any time since October 18. Can you check and if so, delete all Nadia's leads in the CRM",natural_language_metric|more_or_less|threshold|natural_language_date|assigned_to_first_name
T64,multi_domain,"['email', 'calendar', 'project_management']","If {name} has any overdue tasks, book a half hour meeting with them called 'Catch up on overdue tasks' at the earliest time I'm free tomorrow and send them an email titled 'Discuss overdue tasks' saying 'I noticed you have a few overdue tasks - let's catch up tomorrow.' Otherwise email them with 'Nice work keeping on top of your tasks this sprint!' titled 'Good work this sprint'",10,3,"can you check if {name} has any overdue tasks? If so, book a 30 minute meeting with them called 'Catch up on overdue tasks' at the earliest time I'm free tomorrow and send them an email titled 'Discuss overdue tasks' saying 'I noticed you have a few overdue tasks - let's catch up tomorrow.' Otherwise send them an email saying 'Nice work keeping on top of your tasks this sprint!' titled 'Good work this sprint'","can you check if carlos has any overdue tasks? If so, book a 30 minute meeting with them called 'Catch up on overdue tasks' at the earliest time I'm free tomorrow and send them an email titled 'Discuss overdue tasks' saying 'I noticed you have a few overdue tasks - let's catch up tomorrow.' Otherwise send them an email saying 'Nice work keeping on top of your tasks this sprint!' titled 'Good work this sprint'",name
T65,multi_domain,"['analytics', 'email', 'project_management']","If {natural_language_metric} was {more_or_less} than {threshold} at any time since {natural_language_date} make a backlog task 'Improve {natural_language_metric}' for {name} on the front-end board with a deadline of next Friday otherwise send them an email titled 'Recent {natural_language_metric}' saying 'I noticed {natural_language_metric} has been stable, nice work!' ",10,3,"If {natural_language_metric} was {more_or_less} than {threshold} at any time since {natural_language_date} make a backlog task 'Improve {natural_language_metric}' for {name} on the front-end board with a deadline of next Friday otherwise send them an email titled 'Recent {natural_language_metric}' saying 'I noticed {natural_language_metric} has been stable, nice work!' ","If total visits was less than 21 at any time since November 13 make a backlog task 'Improve total visits' for dmitri on the front-end board with a deadline of next Friday otherwise send them an email titled 'Recent total visits' saying 'I noticed total visits has been stable, nice work!' ",natural_language_metric|more_or_less|threshold|natural_language_date|natural_language_metric|name|natural_language_metric|natural_language_metric
T66,multi_domain,"['analytics', 'calendar', 'project_management']",Check the percent growth of {natural_language_metric} since {day_of_week} and if was more than {natural_language_metric_2} make a backlog task called 'Improve {natural_language_metric_2}' for {name} on the front-end board with a deadline of next Friday. Also schedule a half-hour meeting called 'Discuss {natural_language_metric}' with them at the first time I can do tomorrow,10,3,can you check the percent growth of {natural_language_metric} since {day_of_week}? If it grew by more than {natural_language_metric_2} make a backlog task called 'Improve {natural_language_metric_2}' for {name} on the front-end board with a deadline of next Friday and schedule a half-hour meeting called 'Discuss {natural_language_metric}' for us at the first time I can do tomorrow,can you check the percent growth of engaged users since Wednesday? If it grew by more than total visits make a backlog task called 'Improve total visits' for yuki on the front-end board with a deadline of next Friday and schedule a half-hour meeting called 'Discuss engaged users' for us at the first time I can do tomorrow,natural_language_metric|day_of_week|natural_language_metric_2|natural_language_metric_2|name|natural_language_metric
T67,multi_domain,"['analytics', 'crm', 'email']","If {natural_language_metric} was {more_or_less} than {threshold} at any time since {natural_language_date} delete {assigned_to_first_name}'s new leads in the CRM and send them an email titled 'Reprioritising'saying '{natural_language_metric} looks good, so we no longer need you finding new leads'.If not say in the email 'We need you to improve {natural_language_metric} - TBD.'",10,3,"Was {natural_language_metric} {more_or_less} than {threshold} at any time since {natural_language_date}? If so, delete all {assigned_to_first_name}'s leads in the CRM and then send them an email titled 'Reprioritising' saying '{natural_language_metric} looks good, so we no longer need you finding new leads'. If not say in the email 'We need you to improve {natural_language_metric} - TBD.'","Was engaged users less than 1 at any time since November 6? If so, delete all Raj's leads in the CRM and then send them an email titled 'Reprioritising' saying 'engaged users looks good, so we no longer need you finding new leads'. If not say in the email 'We need you to improve engaged users - TBD.'",natural_language_metric|more_or_less|threshold|natural_language_date|assigned_to_first_name|natural_language_metric|natural_language_metric
T68,multi_domain,"['analytics', 'calendar', 'email', 'project_management']","If {natural_language_metric} was {more_or_less} than {threshold} at any time since {natural_language_date} make a backlog task 'Improve {natural_language_metric}' for {name} on the front-end board with a deadline of next Friday and schedule a half-hour meeting called 'Discuss {natural_language_metric}' for us at the first time I can do tomorrow otherwise send them an email titled 'Recent {natural_language_metric}' saying 'I noticed {natural_language_metric} has been stable, nice work!''",10,3,"Was {natural_language_metric} {more_or_less} than {threshold} at any time since {natural_language_date}? If so, add a task to the backlog called 'Improve {natural_language_metric}' for {name} on the front-end board with a deadline of next Friday and schedule a half hour meeting called 'Discuss {natural_language_metric}' for us at the earliest time I'm free tomorrow otherwise send them an email titled 'Recent {natural_language_metric}' saying 'I noticed {natural_language_metric} has been stable, nice work!''","Was engaged users more than 5 at any time since September 4? If so, add a task to the backlog called 'Improve engaged users' for anaya on the front-end board with a deadline of next Friday and schedule a half hour meeting called 'Discuss engaged users' for us at the earliest time I'm free tomorrow otherwise send them an email titled 'Recent engaged users' saying 'I noticed engaged users has been stable, nice work!''",natural_language_metric|more_or_less|threshold|natural_language_date|natural_language_metric|name|natural_language_metric|natural_language_metric|natural_language_metric
T69,multi_domain,"['analytics', 'calendar', 'email', 'project_management', 'crm']","If {natural_language_metric} was {more_or_less} than {threshold} at any time since {natural_language_date} make a backlog task called 'Improve {natural_language_metric}' for {name} on the front-end board with a deadline of next Friday and book a half-hour meeting for us called 'Discuss {natural_language_metric}' at the earliest time I'm free tomorrow. otherwise send them an email titled 'New leads for you' saying '{natural_language_metric} looks good, so there are new leads for you' and then give them all {assigned_to_first_name}'s leads in the CRM",10,3,"If {natural_language_metric} was {more_or_less} than {threshold} at any time since {natural_language_date} make a backlog task called 'Improve {natural_language_metric}' for {name} on the front-end board with a deadline of next Friday and book a half-hour meeting for us called 'Discuss {natural_language_metric}' at the earliest time I'm free tomorrow. otherwise send them an email titled 'New leads for you' saying '{natural_language_metric} looks good, so there are new leads for you' and then give them all {assigned_to_first_name}'s leads in the CRM","If total visits was more than 10 at any time since October 1 make a backlog task called 'Improve total visits' for fatima on the front-end board with a deadline of next Friday and book a half-hour meeting for us called 'Discuss total visits' at the earliest time I'm free tomorrow. otherwise send them an email titled 'New leads for you' saying 'total visits looks good, so there are new leads for you' and then give them all Nadia's leads in the CRM",natural_language_metric|more_or_less|threshold|natural_language_date|natural_language_metric|name|natural_language_metric|natural_language_metric|assigned_to_first_name
