"task","outcome","base_template","chosen_template","domains","source_file","row_idx"
"leila-এর কাছ থেকে আসা আমার শেষ ইমেইলটা ডিলিট করতে হবে। তুমি কি এটা করে দিতে পারবে?","['email.delete_email.func(email_id=""00000052"")']","Delete my last email from {name}","{name}-এর কাছ থেকে আসা আমার শেষ ইমেইলটা ডিলিট করতে হবে। তুমি কি এটা করে দিতে পারবে?","['email']","email","5"
"chenwei-এর পাঠানো আমার শেষ ইমেইলটা ডিলিট করো","['email.delete_email.func(email_id=""00000211"")']","Delete my last email from {name}","{name}-এর পাঠানো আমার শেষ ইমেইলটা ডিলিট করো","['email']","email","6"
"গত 2 দিনে nadia-এর কাছ থেকে আসা আমার সব ইমেইল সরিয়ে ফেলতে হবে। ওগুলো ডিলিট করে দিতে পারবে?","['email.delete_email.func(email_id=""00000479"")']","Delete all my emails from {name} from the last {days} days","গত {days} দিনে {name}-এর কাছ থেকে আসা আমার সব ইমেইল সরিয়ে ফেলতে হবে। ওগুলো ডিলিট করে দিতে পারবে?","['email']","email","16"
"kofi-কে একটা ইমেইল পাঠানো দরকার, যেখানে লেখা থাকবে 'Hey kofi,

I wanted to let you know that I've completed the tasks for the status briefing. Looking forward to your feedback.

Cheers,

Sam' আর সাবজেক্ট হবে 'Task Update on Improve UX of onboarding process'। তুমি কি এটা করে দিতে পারবে?","['email.send_email.func(recipient=""kofi.mensah@atlas.com"", subject=""Task Update on Improve UX of onboarding process"", body=""Hey kofi,\\n\\nI wanted to let you know that I\'ve completed the tasks for the status briefing. Looking forward to your feedback.\\n\\nCheers,\\n\\nSam"")']","Send an email to {name} saying '{body}' and title it '{subject}'","{name}-কে একটা ইমেইল পাঠানো দরকার, যেখানে লেখা থাকবে '{body!en}' আর সাবজেক্ট হবে '{subject!en}'। তুমি কি এটা করে দিতে পারবে?","['email']","email","20"
"দয়া করে jinsoo-কে একটা ইমেইল পাঠিয়ে দাও, তাতে লিখবে 'Hi jinsoo,

Starting on 'Create wireframe for homepage' today. Any preliminary thoughts or resources you recommend before I dive in?

Best,

Sam' আর সাবজেক্ট রাখবে 'Task Update on Design logo for website'","['email.send_email.func(recipient=""jinsoo.kim@atlas.com"", subject=""Task Update on Design logo for website"", body=""Hi jinsoo,\\n\\nStarting on \'Create wireframe for homepage\' today. Any preliminary thoughts or resources you recommend before I dive in?\\n\\nBest,\\n\\nSam"")']","Send an email to {name} saying '{body}' and title it '{subject}'","দয়া করে {name}-কে একটা ইমেইল পাঠিয়ে দাও, তাতে লিখবে '{body!en}' আর সাবজেক্ট রাখবে '{subject!en}'","['email']","email","21"
"'Task Update on Design logo for website' নিয়ে nia-এর শেষ ইমেইলটায় 'Thanks for the update - I will get back to you tomorrow.' লিখে রিপ্লাই দাও","['email.reply_email.func(email_id=""00000403"", body=""Thanks for the update - I will get back to you tomorrow."")']","Reply to {name}'s last email about '{subject}' with 'Thanks for the update - I will get back to you tomorrow.'","'{subject!en}' নিয়ে {name}-এর শেষ ইমেইলটায় 'Thanks for the update - I will get back to you tomorrow.' লিখে রিপ্লাই দাও","['email']","email","35"
"'Update on Leadership Training Workshop' নিয়ে lena-এর শেষ ইমেইলটার জবাবে 'Thanks for the update - I will get back to you tomorrow.' লিখে পাঠাতে হবে। রিপ্লাইটা আমার হয়ে পাঠিয়ে দিতে পারবে?","['email.reply_email.func(email_id=""00000048"", body=""Thanks for the update - I will get back to you tomorrow."")']","Reply to {name}'s last email about '{subject}' with 'Thanks for the update - I will get back to you tomorrow.'","'{subject!en}' নিয়ে {name}-এর শেষ ইমেইলটার জবাবে 'Thanks for the update - I will get back to you tomorrow.' লিখে পাঠাতে হবে। রিপ্লাইটা আমার হয়ে পাঠিয়ে দিতে পারবে?","['email']","email","36"
"গত সপ্তাহে anaya 'Update on Board of Directors Conclave' নিয়ে যে ইমেইলগুলো পাঠিয়েছিল, সবগুলো nadia-কে ফরোয়ার্ড করে দিতে পারবে","['email.forward_email.func(email_id=""00000346"", recipient=""nadia.moreau@atlas.com"")', 'email.forward_email.func(email_id=""00000120"", recipient=""nadia.moreau@atlas.com"")']","Forward all the emails from {name} last week about '{subject}' to {recipient_name}","গত সপ্তাহে {name} '{subject!en}' নিয়ে যে ইমেইলগুলো পাঠিয়েছিল, সবগুলো {recipient_name}-কে ফরোয়ার্ড করে দিতে পারবে","['email']","email","41"
"'Task Update on Add authentication for email notification' নিয়ে সর্বশেষ ইমেইলটা olga-কে ফরোয়ার্ড করো","['email.forward_email.func(email_id=""00000436"", recipient=""olga.petrova@atlas.com"")']","Forward the latest email about '{subject}' to {recipient_name}","'{subject!en}' নিয়ে সর্বশেষ ইমেইলটা {recipient_name}-কে ফরোয়ার্ড করো","['email']","email","50"
"'Update on Client Appreciation Gala' নিয়ে সর্বশেষ ইমেইলটা santiago-এর লাগবে। ওটা ফরোয়ার্ড করে দিতে পারবে?","['email.forward_email.func(email_id=""00000206"", recipient=""santiago.martinez@atlas.com"")']","Forward the latest email about '{subject}' to {recipient_name}","'{subject!en}' নিয়ে সর্বশেষ ইমেইলটা {recipient_name}-এর লাগবে। ওটা ফরোয়ার্ড করে দিতে পারবে?","['email']","email","51"
"leila-এর কাছ থেকে আসা আমার সবচেয়ে সাম্প্রতিক ইমেইলটা fatima-এর লাগবে। ওটা ফরোয়ার্ড করে দিতে পারবে?","['email.forward_email.func(email_id=""00000052"", recipient=""fatima.khan@atlas.com"")']","Forward my most recent email from {sender_name} to {recipient_name}","{sender_name}-এর কাছ থেকে আসা আমার সবচেয়ে সাম্প্রতিক ইমেইলটা {recipient_name}-এর লাগবে। ওটা ফরোয়ার্ড করে দিতে পারবে?","['email']","email","66"
"olga-এর পাঠানো আমার সবচেয়ে সাম্প্রতিক ইমেইলটা raj-কে ফরোয়ার্ড করে দিতে পারবে","['email.forward_email.func(email_id=""00000206"", recipient=""raj.patel@atlas.com"")']","Forward my most recent email from {sender_name} to {recipient_name}","{sender_name}-এর পাঠানো আমার সবচেয়ে সাম্প্রতিক ইমেইলটা {recipient_name}-কে ফরোয়ার্ড করে দিতে পারবে","['email']","email","69"
"'Update on Team Building Retreat' নিয়ে শেষ ইমেইলটা lena আর aisha-এর লাগবে। ওটা ফরোয়ার্ড করে দিতে পারবে?","['email.forward_email.func(email_id=""00000262"", recipient=""lena.schmidt@atlas.com"")', 'email.forward_email.func(email_id=""00000262"", recipient=""aisha.chen@atlas.com"")']","Forward the last email about '{subject}' to {recipient_name1} and {recipient_name2}","'{subject!en}' নিয়ে শেষ ইমেইলটা {recipient_name1} আর {recipient_name2}-এর লাগবে। ওটা ফরোয়ার্ড করে দিতে পারবে?","['email']","email","74"
"'Update on Board of Directors Conclave' নিয়ে শেষ ইমেইলটা akira আর yuki-কে ফরোয়ার্ড করো","['email.forward_email.func(email_id=""00000120"", recipient=""akira.sato@atlas.com"")', 'email.forward_email.func(email_id=""00000120"", recipient=""yuki.tanaka@atlas.com"")']","Forward the last email about '{subject}' to {recipient_name1} and {recipient_name2}","'{subject!en}' নিয়ে শেষ ইমেইলটা {recipient_name1} আর {recipient_name2}-কে ফরোয়ার্ড করো","['email']","email","75"
"santiago-এর কাছ থেকে আসা সর্বশেষ ইমেইলটায় 'Got it, thank you!' লিখে রিপ্লাই দাও","['email.reply_email.func(email_id=""00000348"", body=""Got it, thank you!"")']","Reply to the latest email from {sender_name} with 'Got it, thank you!'","{sender_name}-এর কাছ থেকে আসা সর্বশেষ ইমেইলটায় 'Got it, thank you!' লিখে রিপ্লাই দাও","['email']","email","88"
"18 ডিসেম্বর তারিখের আমার প্রথম মিটিংটা ডিলিট করো","['calendar.delete_event.func(event_id=""00000047"")']","Cancel my first meeting on {natural_language_date}","{natural_language_date} তারিখের আমার প্রথম মিটিংটা ডিলিট করো","['calendar']","calendar","7"
"12 ডিসেম্বর তারিখের শেষ ইভেন্টটার নাম বদলে Machine Learning Chat করো","['calendar.update_event.func(event_id=""00000208"", field=""event_name"", new_value=""Machine Learning Chat"")']","Change the name of the last event on {natural_language_date} to {event_name}","{natural_language_date} তারিখের শেষ ইভেন্টটার নাম বদলে {event_name} করো","['calendar']","calendar","13"
"দয়া করে 4 ডিসেম্বর তারিখে kofi-এর সাথে আমার প্রথম মিটিংটা 1.5 ঘণ্টা সরিয়ে দাও","['calendar.update_event.func(event_id=""00000109"", field=""event_start"", new_value=""2023-12-04 12:00:00"")']","Push back my first meeting with {name} on {natural_language_date} by {duration}s","দয়া করে {natural_language_date} তারিখে {name}-এর সাথে আমার প্রথম মিটিংটা {duration} সরিয়ে দাও","['calendar']","calendar","20"
"পরের Quarterly Sales Review মিটিংটা বাতিল করো","['calendar.delete_event.func(event_id=""00000121"")']","Cancel the next {event_name} meeting","পরের {event_name} মিটিংটা বাতিল করো","['calendar']","calendar","38"
"পরের project checkpoint মিটিংটার নাম পাল্টে team orientation রেখে দিতে পারবে","['calendar.update_event.func(event_id=""00000237"", field=""event_name"", new_value=""team orientation"")']","Rename the next {event_name} meeting to {new_event_name}","পরের {event_name} মিটিংটার নাম পাল্টে {new_event_name} রেখে দিতে পারবে","['calendar']","calendar","48"
"fatima-এর সাথে আমার পরের মিটিংটা বাতিল করতে হবে। তুমি কি এটা করে দিতে পারবে, প্লিজ?","['calendar.delete_event.func(event_id=""00000200"")']","Cancel my next meeting with {name}","{name}-এর সাথে আমার পরের মিটিংটা বাতিল করতে হবে। তুমি কি এটা করে দিতে পারবে, প্লিজ?","['calendar']","calendar","54"
"গত 9 দিনে যদি fatima-এর সাথে আমার দেখা না হয়ে থাকে, তাহলে আগামীকাল থেকে আমার প্রথম ফাঁকা স্লটে 'catch-up' নামে একটা 30 মিনিটের মিটিং শিডিউল করো","['calendar.create_event.func(event_name=""catch-up"", participant_email=""fatima.khan@atlas.com"", event_start=""2023-12-01 13:00:00"", duration=""30"")']","If I haven't met with {name} in the last {duration} days, schedule a 30-minute meeting called 'catch-up' for my first free slot from tomorrow","গত {duration} দিনে যদি {name}-এর সাথে আমার দেখা না হয়ে থাকে, তাহলে আগামীকাল থেকে আমার প্রথম ফাঁকা স্লটে 'catch-up' নামে একটা 30 মিনিটের মিটিং শিডিউল করো","['calendar']","calendar","63"
"মনে হচ্ছে sofia-এর সাথে একবার কথা বলা দরকার। একটু দেখো তো, গত 8 দিনে ওর সাথে আমার দেখা হয়েছে কি না? না হয়ে থাকলে আগামীকাল থেকে আমার প্রথম ফাঁকা স্লটে একটা 30 মিনিটের মিটিং শিডিউল করো","[]","If I haven't met with {name} in the last {duration} days, schedule a 30-minute meeting called 'catch-up' for my first free slot from tomorrow","মনে হচ্ছে {name}-এর সাথে একবার কথা বলা দরকার। একটু দেখো তো, গত {duration} দিনে ওর সাথে আমার দেখা হয়েছে কি না? না হয়ে থাকলে আগামীকাল থেকে আমার প্রথম ফাঁকা স্লটে একটা 30 মিনিটের মিটিং শিডিউল করো","['calendar']","calendar","65"
"বুধবার 1:30টার পরে আমার যে মিটিংগুলো আছে, সেগুলো ডিলিট করো","['calendar.delete_event.func(event_id=""00000242"")']","Cancel my meetings on {next_day} {before_or_after} {natural_language_time}","{next_day} {natural_language_time}টার {before_or_after} আমার যে মিটিংগুলো আছে, সেগুলো ডিলিট করো","['calendar']","calendar","79"
"olga-এর সাথে সামনে যত মিটিং আছে, সবগুলো বাতিল করতে হবে। তুমি কি এটা করে দিতে পারবে, প্লিজ?","['calendar.delete_event.func(event_id=""00000165"")', 'calendar.delete_event.func(event_id=""00000287"")', 'calendar.delete_event.func(event_id=""00000121"")', 'calendar.delete_event.func(event_id=""00000131"")']","Cancel all future meetings with {name}","{name}-এর সাথে সামনে যত মিটিং আছে, সবগুলো বাতিল করতে হবে। তুমি কি এটা করে দিতে পারবে, প্লিজ?","['calendar']","calendar","84"
"kofi কোম্পানি ছেড়ে চলে যাচ্ছে। ওর সাথে ভবিষ্যতের সব মিটিং বাতিল করে দিতে পারবে?","['calendar.delete_event.func(event_id=""00000253"")', 'calendar.delete_event.func(event_id=""00000109"")', 'calendar.delete_event.func(event_id=""00000086"")']","Cancel all future meetings with {name}","{name} কোম্পানি ছেড়ে চলে যাচ্ছে। ওর সাথে ভবিষ্যতের সব মিটিং বাতিল করে দিতে পারবে?","['calendar']","calendar","88"
"ভবিষ্যতের সব board of directors conclave মিটিং ডিলিট করো","['calendar.delete_event.func(event_id=""00000170"")']","Cancel future {event_name} meetings","ভবিষ্যতের সব {event_name} মিটিং ডিলিট করো","['calendar']","calendar","90"
"আমরা ঠিক করেছি, sync up মিটিং আর লাগবে না। সামনে যতগুলো আছে, সব বাতিল করে দিতে পারবে?","['calendar.delete_event.func(event_id=""00000016"")']","Cancel future {event_name} meetings","আমরা ঠিক করেছি, {event_name} মিটিং আর লাগবে না। সামনে যতগুলো আছে, সব বাতিল করে দিতে পারবে?","['calendar']","calendar","95"
"fatima-এর সাথে একটু বসা দরকার। 4 ডিসেম্বর 1:30টায় Board of Directors Conclave নামে একটা ইভেন্ট শিডিউল করে দিতে পারবে? ইভেন্টটা 2 ঘণ্টা ধরে চলবে।","['calendar.create_event.func(event_name=""Board of Directors Conclave"", participant_email=""fatima.khan@atlas.com"", event_start=""2023-12-04 13:30:00"", duration=""120"")']","Create a {duration} event called {event_name} on {natural_language_date} at {natural_language_time} with {name}","{name}-এর সাথে একটু বসা দরকার। {natural_language_date} {natural_language_time}টায় {event_name} নামে একটা ইভেন্ট শিডিউল করে দিতে পারবে? ইভেন্টটা {duration} ধরে চলবে।","['calendar']","calendar","104"
"অনেকদিন yuki-এর সাথে দেখা হয়নি। 20 ডিসেম্বর 10টায় Digital Transformation Conference নামে 30 মিনিট সময়ের একটা ইভেন্ট শিডিউল করে দিতে পারবে?","['calendar.create_event.func(event_name=""Digital Transformation Conference"", participant_email=""yuki.tanaka@atlas.com"", event_start=""2023-12-20 10:00:00"", duration=""30"")']","Create a {duration} event called {event_name} on {natural_language_date} at {natural_language_time} with {name}","অনেকদিন {name}-এর সাথে দেখা হয়নি। {natural_language_date} {natural_language_time}টায় {event_name} নামে {duration} সময়ের একটা ইভেন্ট শিডিউল করে দিতে পারবে?","['calendar']","calendar","105"
"CRM রেকর্ডে Jessie Thomas-এর 'status' won-এ আপডেট করো","['customer_relationship_manager.update_customer.func(customer_id=""00000149"", field=""status"", new_value=""Won"")']","Update the status of {current_customer_name} to {new_status_natural_language} in the crm","CRM রেকর্ডে {current_customer_name}-এর 'status' {new_status_natural_language}-এ আপডেট করো","['customer_relationship_manager']","customer_relationship_manager","2"
"Rahul Moore আর আমাদের কাস্টমার নেই। CRM থেকে তাকে ডিলিট করে দিতে পারবে?","['customer_relationship_manager.delete_customer.func(customer_id=""00000073"")']","Delete {current_customer_name} from the crm","{current_customer_name} আর আমাদের কাস্টমার নেই। CRM থেকে তাকে ডিলিট করে দিতে পারবে?","['customer_relationship_manager']","customer_relationship_manager","13"
"CRM থেকে Jaden White-কে ডিলিট করো","['customer_relationship_manager.delete_customer.func(customer_id=""00000052"")']","Delete {current_customer_name} from the crm","CRM থেকে {current_customer_name}-কে ডিলিট করো","['customer_relationship_manager']","customer_relationship_manager","19"
"Morgan Wilson-কে কি CRM সিস্টেমে যোগ করে দিতে পারবে? উনি নতুন 'lead', ওনাকে Nadia-এর নামে অ্যাসাইন করতে হবে","['customer_relationship_manager.add_customer.func(customer_name=""Morgan Wilson"", assigned_to_email=""nadia.moreau@atlas.com"", status=""Lead"")']","Add {new_customer_name} as a new lead in the crm and assign them to {assigned_to_first_name}","{new_customer_name}-কে কি CRM সিস্টেমে যোগ করে দিতে পারবে? উনি নতুন 'lead', ওনাকে {assigned_to_first_name}-এর নামে অ্যাসাইন করতে হবে","['customer_relationship_manager']","customer_relationship_manager","20"
"Jordan Moore নামে একজন নতুন 'lead' এসেছে। তাকে CRM সিস্টেমে যোগ করে Akira-এর নামে অ্যাসাইন করে দিতে পারবে?","['customer_relationship_manager.add_customer.func(customer_name=""Jordan Moore"", assigned_to_email=""akira.sato@atlas.com"", status=""Lead"")']","Add {new_customer_name} as a new lead in the crm and assign them to {assigned_to_first_name}","{new_customer_name} নামে একজন নতুন 'lead' এসেছে। তাকে CRM সিস্টেমে যোগ করে {assigned_to_first_name}-এর নামে অ্যাসাইন করে দিতে পারবে?","['customer_relationship_manager']","customer_relationship_manager","22"
"Alex Jackson-এর দায়িত্ব নিচ্ছে Raj। CRM সিস্টেমে রিঅ্যাসাইন করে দিতে পারবে?","['customer_relationship_manager.update_customer.func(customer_id=""00000038"", field=""assigned_to_email"", new_value=""raj.patel@atlas.com"")']","Reassign {current_customer_name} to {assigned_to_first_name} in the crm","{current_customer_name}-এর দায়িত্ব নিচ্ছে {assigned_to_first_name}। CRM সিস্টেমে রিঅ্যাসাইন করে দিতে পারবে?","['customer_relationship_manager']","customer_relationship_manager","32"
"Taylor Jackson-এর দায়িত্ব আমরা Raj-কে দিচ্ছি। CRM সিস্টেমে এই পরিবর্তনটা করে দিতে পারবে?","['customer_relationship_manager.update_customer.func(customer_id=""00000189"", field=""assigned_to_email"", new_value=""raj.patel@atlas.com"")']","Reassign {current_customer_name} to {assigned_to_first_name} in the crm","{current_customer_name}-এর দায়িত্ব আমরা {assigned_to_first_name}-কে দিচ্ছি। CRM সিস্টেমে এই পরিবর্তনটা করে দিতে পারবে?","['customer_relationship_manager']","customer_relationship_manager","38"
"CRM সিস্টেমে Nadia-এর যেসব 'lead' training-এ আগ্রহী, সবগুলো Lena-এর নামে রিঅ্যাসাইন করো।","[]","Reassign all of {assigned_to_first_name}'s leads that are interested in {natural_language_product_interest} to {new_assigned_to_first_name} in the crm.","CRM সিস্টেমে {assigned_to_first_name}-এর যেসব 'lead' {natural_language_product_interest}-এ আগ্রহী, সবগুলো {new_assigned_to_first_name}-এর নামে রিঅ্যাসাইন করো।","['customer_relationship_manager']","customer_relationship_manager","42"
"Lena-এর যেসব 'lead' hardware-এ আগ্রহী, সবগুলোর দায়িত্ব নিচ্ছে Akira। CRM সিস্টেমে ওগুলো রিঅ্যাসাইন করে দিতে পারবে?","['customer_relationship_manager.update_customer.func(customer_id=""00000187"", field=""assigned_to_email"", new_value=""akira.sato@atlas.com"")', 'customer_relationship_manager.update_customer.func(customer_id=""00000180"", field=""assigned_to_email"", new_value=""akira.sato@atlas.com"")', 'customer_relationship_manager.update_customer.func(customer_id=""00000017"", field=""assigned_to_email"", new_value=""akira.sato@atlas.com"")', 'customer_relationship_manager.update_customer.func(customer_id=""00000015"", field=""assigned_to_email"", new_value=""akira.sato@atlas.com"")']","Reassign all of {assigned_to_first_name}'s leads that are interested in {natural_language_product_interest} to {new_assigned_to_first_name} in the crm.","{assigned_to_first_name}-এর যেসব 'lead' {natural_language_product_interest}-এ আগ্রহী, সবগুলোর দায়িত্ব নিচ্ছে {new_assigned_to_first_name}। CRM সিস্টেমে ওগুলো রিঅ্যাসাইন করে দিতে পারবে?","['customer_relationship_manager']","customer_relationship_manager","46"
"Sofia-এর যেসব কাস্টমার training-এ আগ্রহী এবং 'qualified' বা 'proposal' পর্যায়ে আছে, তাদের সবাইকে Nadia-এর কাছে সরাতে হবে। CRM সিস্টেমে এই পরিবর্তনটা করে দিতে পারবে?","['customer_relationship_manager.update_customer.func(customer_id=""00000120"", field=""assigned_to_email"", new_value=""nadia.moreau@atlas.com"")', 'customer_relationship_manager.update_customer.func(customer_id=""00000042"", field=""assigned_to_email"", new_value=""nadia.moreau@atlas.com"")', 'customer_relationship_manager.update_customer.func(customer_id=""00000184"", field=""assigned_to_email"", new_value=""nadia.moreau@atlas.com"")']","Give {new_assigned_to_first_name} all of {assigned_to_first_name}'s customers that are interested in {natural_language_product_interest} and are either qualified or in proposal in the crm","{assigned_to_first_name}-এর যেসব কাস্টমার {natural_language_product_interest}-এ আগ্রহী এবং 'qualified' বা 'proposal' পর্যায়ে আছে, তাদের সবাইকে {new_assigned_to_first_name}-এর কাছে সরাতে হবে। CRM সিস্টেমে এই পরিবর্তনটা করে দিতে পারবে?","['customer_relationship_manager']","customer_relationship_manager","53"
"CRM সিস্টেমে Nadia-এর যেসব কাস্টমার hardware-এ আগ্রহী এবং 'qualified' বা 'proposal' পর্যায়ে আছে, তাদের সবাইকে Akira-এর হাতে দিয়ে দাও","['customer_relationship_manager.update_customer.func(customer_id=""00000037"", field=""assigned_to_email"", new_value=""akira.sato@atlas.com"")', 'customer_relationship_manager.update_customer.func(customer_id=""00000195"", field=""assigned_to_email"", new_value=""akira.sato@atlas.com"")', 'customer_relationship_manager.update_customer.func(customer_id=""00000138"", field=""assigned_to_email"", new_value=""akira.sato@atlas.com"")', 'customer_relationship_manager.update_customer.func(customer_id=""00000132"", field=""assigned_to_email"", new_value=""akira.sato@atlas.com"")']","Give {new_assigned_to_first_name} all of {assigned_to_first_name}'s customers that are interested in {natural_language_product_interest} and are either qualified or in proposal in the crm","CRM সিস্টেমে {assigned_to_first_name}-এর যেসব কাস্টমার {natural_language_product_interest}-এ আগ্রহী এবং 'qualified' বা 'proposal' পর্যায়ে আছে, তাদের সবাইকে {new_assigned_to_first_name}-এর হাতে দিয়ে দাও","['customer_relationship_manager']","customer_relationship_manager","57"
"Sofia-এর যেসব কাস্টমার won স্টেজে আছে এবং services-এ আগ্রহী, তাদের কাউকেই আর রাখার দরকার নেই। CRM থেকে তাদের ডিলিট করে দিতে পারবে?","['customer_relationship_manager.delete_customer.func(customer_id=""00000048"")']","Delete all of {assigned_to_first_name}'s customers that are in the {new_status_natural_language} stage and interested in {natural_language_product_interest} in the crm","{assigned_to_first_name}-এর যেসব কাস্টমার {new_status_natural_language} স্টেজে আছে এবং {natural_language_product_interest}-এ আগ্রহী, তাদের কাউকেই আর রাখার দরকার নেই। CRM থেকে তাদের ডিলিট করে দিতে পারবে?","['customer_relationship_manager']","customer_relationship_manager","60"
"Nadia-এর যেসব কাস্টমার qualified স্টেজে আছে এবং training-এ আগ্রহী, তাদের সবাইকে CRM থেকে সরিয়ে ফেলতে হবে। এই পরিবর্তনটা করে দিতে পারবে?","[]","Delete all of {assigned_to_first_name}'s customers that are in the {new_status_natural_language} stage and interested in {natural_language_product_interest} in the crm","{assigned_to_first_name}-এর যেসব কাস্টমার {new_status_natural_language} স্টেজে আছে এবং {natural_language_product_interest}-এ আগ্রহী, তাদের সবাইকে CRM থেকে সরিয়ে ফেলতে হবে। এই পরিবর্তনটা করে দিতে পারবে?","['customer_relationship_manager']","customer_relationship_manager","66"
"মনে হচ্ছে কয়েকজন কাস্টমার 6 সপ্তাহ ধরে hardware প্রোডাক্টের প্রপোজালে কোনো সাড়া দেয়নি। CRM সিস্টেমে তাদের 'lost'-এ সরিয়ে দিতে পারবে?","['customer_relationship_manager.update_customer.func(customer_id=""00000132"", field=""status"", new_value=""Lost"")', 'customer_relationship_manager.update_customer.func(customer_id=""00000088"", field=""status"", new_value=""Lost"")']","Move all customers that haven't responded to a proposal for the {natural_language_product_interest} product in {weeks} weeks to lost in the crm","মনে হচ্ছে কয়েকজন কাস্টমার {weeks} সপ্তাহ ধরে {natural_language_product_interest} প্রোডাক্টের প্রপোজালে কোনো সাড়া দেয়নি। CRM সিস্টেমে তাদের 'lost'-এ সরিয়ে দিতে পারবে?","['customer_relationship_manager']","customer_relationship_manager","74"
"software প্রোডাক্টের প্রপোজালে 6 সপ্তাহ ধরে সাড়া দেয়নি এমন সব কাস্টমারকে 'lost'-এ সরাতে হবে। CRM আপডেট করে দিতে পারবে?","[]","Move all customers that haven't responded to a proposal for the {natural_language_product_interest} product in {weeks} weeks to lost in the crm","{natural_language_product_interest} প্রোডাক্টের প্রপোজালে {weeks} সপ্তাহ ধরে সাড়া দেয়নি এমন সব কাস্টমারকে 'lost'-এ সরাতে হবে। CRM আপডেট করে দিতে পারবে?","['customer_relationship_manager']","customer_relationship_manager","77"
"21 নভেম্বর থেকে মোট ভিজিট দেখিয়ে একটা bar চার্ট বানাতে পারবে?","['analytics.create_plot.func(time_min=""2023-11-21"", time_max=""2023-11-29"", value_to_plot=""total_visits"", plot_type=""bar"")']","Can you make a {plot_type} chart of {natural_language_metric} since {natural_language_date}?","{natural_language_date} থেকে {natural_language_metric} দেখিয়ে একটা {plot_type} চার্ট বানাতে পারবে?","['analytics']","analytics","0"
"প্লিজ 11 সেপ্টেম্বর তারিখের গড় সেশনের সময়কাল মেট্রিকটার ডিস্ট্রিবিউশন চার্টে দেখাও","['analytics.create_plot.func(time_min=""2023-09-11"", time_max=""2023-09-11"", value_to_plot=""session_duration_seconds"", plot_type=""histogram"")']","Plot the distribution of {natural_language_metric} on {natural_language_date}","প্লিজ {natural_language_date} তারিখের {natural_language_metric} মেট্রিকটার ডিস্ট্রিবিউশন চার্টে দেখাও","['analytics']","analytics","15"
"প্লিজ 5 নভেম্বর থেকে 21 নভেম্বর সময়ের মধ্যে এনগেজড ইউজার ও মোট ভিজিটের ডিস্ট্রিবিউশন আমাকে চার্টে দেখিয়ে দাও","['analytics.create_plot.func(time_min=""2023-11-05"", time_max=""2023-11-21"", value_to_plot=""user_engaged"", plot_type=""histogram"")', 'analytics.create_plot.func(time_min=""2023-11-05"", time_max=""2023-11-21"", value_to_plot=""total_visits"", plot_type=""histogram"")']","Can you plot the distribution of both {natural_language_metric} and {natural_language_metric_2} between {natural_language_date} and {natural_language_date_max}??","প্লিজ {natural_language_date} থেকে {natural_language_date_max} সময়ের মধ্যে {natural_language_metric} ও {natural_language_metric_2}ের ডিস্ট্রিবিউশন আমাকে চার্টে দেখিয়ে দাও","['analytics']","analytics","20"
"29 সেপ্টেম্বর আর 13 নভেম্বরের মধ্যে মোট ভিজিট আর গড় সেশনের সময়কালের একটা 'histogram' লাগবে","['analytics.create_plot.func(time_min=""2023-09-29"", time_max=""2023-11-13"", value_to_plot=""total_visits"", plot_type=""histogram"")', 'analytics.create_plot.func(time_min=""2023-09-29"", time_max=""2023-11-13"", value_to_plot=""session_duration_seconds"", plot_type=""histogram"")']","Can you plot the distribution of both {natural_language_metric} and {natural_language_metric_2} between {natural_language_date} and {natural_language_date_max}??","{natural_language_date} আর {natural_language_date_max}ের মধ্যে {natural_language_metric} আর {natural_language_metric_2}ের একটা 'histogram' লাগবে","['analytics']","analytics","21"
"28 অক্টোবর থেকে কোনো সময় কি মোট ভিজিট 3-এর চেয়ে বেশি ছিল? যদি তাই হয়, প্লিজ এটা 'line' চার্ট আকারে দেখাও","['analytics.create_plot.func(time_min=""2023-10-28"", time_max=""2023-11-29"", value_to_plot=""total_visits"", plot_type=""line"")']","If {natural_language_metric} was {more_or_less} than {threshold} at any time since {natural_language_date}, make a line plot of it since then","{natural_language_date} থেকে কোনো সময় কি {natural_language_metric} {threshold}-এর চেয়ে {more_or_less} ছিল? যদি তাই হয়, প্লিজ এটা 'line' চার্ট আকারে দেখাও","['analytics']","analytics","32"
"2023-11-10 থেকে মোট ভিজিট আর এনগেজড ইউজারের 'bar' চার্ট লাগবে","['analytics.create_plot.func(time_min=""2023-11-10"", time_max=""2023-11-29"", value_to_plot=""total_visits"", plot_type=""bar"")', 'analytics.create_plot.func(time_min=""2023-11-10"", time_max=""2023-11-29"", value_to_plot=""user_engaged"", plot_type=""bar"")']","Make bar charts showing {natural_language_metric} and {natural_language_metric_2} since {date_min}","{date_min} থেকে {natural_language_metric} আর {natural_language_metric_2}ের 'bar' চার্ট লাগবে","['analytics']","analytics","42"
"2023-09-24 থেকে এনগেজড ইউজার আর গড় সেশনের সময়কাল দেখিয়ে 'bar' চার্ট বানাও","['analytics.create_plot.func(time_min=""2023-09-24"", time_max=""2023-11-29"", value_to_plot=""user_engaged"", plot_type=""bar"")', 'analytics.create_plot.func(time_min=""2023-09-24"", time_max=""2023-11-29"", value_to_plot=""session_duration_seconds"", plot_type=""bar"")']","Make bar charts showing {natural_language_metric} and {natural_language_metric_2} since {date_min}","{date_min} থেকে {natural_language_metric} আর {natural_language_metric_2} দেখিয়ে 'bar' চার্ট বানাও","['analytics']","analytics","43"
"গত 2 সপ্তাহ ধরে গড় সেশনের সময়কালের একটা 'line' চার্ট বানাতে পারবে, যদি গত 2 সপ্তাহে কখনো এটা 2-এর চেয়ে বেশি হয়ে থাকে?","['analytics.create_plot.func(time_min=""2023-11-16"", time_max=""2023-11-29"", value_to_plot=""session_duration_seconds"", plot_type=""line"")']","If {natural_language_metric} was {more_or_less} than {threshold} any time in the last {past_n_weeks} weeks, make a line plot of it since then","গত {past_n_weeks} সপ্তাহ ধরে {natural_language_metric}ের একটা 'line' চার্ট বানাতে পারবে, যদি গত {past_n_weeks} সপ্তাহে কখনো এটা {threshold}-এর চেয়ে {more_or_less} হয়ে থাকে?","['analytics']","analytics","51"
"গত 1 সপ্তাহে কোনো সময় কি মোট ভিজিট 3-এর চেয়ে কম ছিল? যদি তাই হয়, প্লিজ এটার একটা 'line' চার্ট বানাও","[]","If {natural_language_metric} was {more_or_less} than {threshold} any time in the last {past_n_weeks} weeks, make a line plot of it since then","গত {past_n_weeks} সপ্তাহে কোনো সময় কি {natural_language_metric} {threshold}-এর চেয়ে {more_or_less} ছিল? যদি তাই হয়, প্লিজ এটার একটা 'line' চার্ট বানাও","['analytics']","analytics","54"
"যদি গড় সেশনের সময়কাল 4 অক্টোবর তারিখের তুলনায় কম হয় এবং পার্থক্যটা 3%-এর বেশি হয়, তাহলে তখন থেকে এটার একটা 'line' চার্ট বানাও","['analytics.create_plot.func(time_min=""2023-10-04"", time_max=""2023-11-29"", value_to_plot=""session_duration_seconds"", plot_type=""line"")']","If {natural_language_metric} is more than {natural_language_growth_threshold} {higher_or_lower} than {natural_language_date}, make a line plot of it since then","যদি {natural_language_metric} {natural_language_date} তারিখের তুলনায় {higher_or_lower} হয় এবং পার্থক্যটা {natural_language_growth_threshold}-এর বেশি হয়, তাহলে তখন থেকে এটার একটা 'line' চার্ট বানাও","['analytics']","analytics","69"
"এনগেজড ইউজার কি রবিবার যা ছিল তার চেয়ে কম, আর ফারাকটা কি 3%-এর বেশি? যদি তাই হয়, প্লিজ তখন থেকে এটা 'line' চার্ট আকারে দেখাও","[]","If {natural_language_metric} is more than {natural_language_growth_threshold} {higher_or_lower} than it was on {day_of_week}, make a line plot of it since then","{natural_language_metric} কি {day_of_week} যা ছিল তার চেয়ে {higher_or_lower}, আর ফারাকটা কি {natural_language_growth_threshold}-এর বেশি? যদি তাই হয়, প্লিজ তখন থেকে এটা 'line' চার্ট আকারে দেখাও","['analytics']","analytics","76"
"শনিবারের গড় সেশনের সময়কাল যদি তার আগের শনিবারের চেয়ে বেশি হয়ে থাকে এবং পার্থক্যটা 3%-এর বেশি হয়, তাহলে ওই সময়টুকুর জন্য এটার একটা 'line' চার্ট বানাও।","['analytics.create_plot.func(time_min=""2023-11-18"", time_max=""2023-11-25"", value_to_plot=""session_duration_seconds"", plot_type=""line"")']","If {natural_language_metric} on {day_of_week} was more than {natural_language_growth_threshold} {higher_or_lower} than it was the previous {day_of_week}, make a line plot of it over that period.","{day_of_week}ের {natural_language_metric} যদি তার আগের {day_of_week}ের চেয়ে {higher_or_lower} হয়ে থাকে এবং পার্থক্যটা {natural_language_growth_threshold}-এর বেশি হয়, তাহলে ওই সময়টুকুর জন্য এটার একটা 'line' চার্ট বানাও।","['analytics']","analytics","84"
"বুধবার থেকে গড় সেশনের সময়কাল শতকরা কত বেড়েছে, একটু চেক করে দেখতে পারবে? যদি এটা মোট ভিজিটের চেয়ে বেশি বেড়ে থাকে, তাহলে তখন থেকে দুটোর লাইনই চার্টে দেখাও","[]","Can you check the percent growth of {natural_language_metric} since {day_of_week}? If it grew by more than {natural_language_metric_2}, plot both lines since then","{day_of_week} থেকে {natural_language_metric} শতকরা কত বেড়েছে, একটু চেক করে দেখতে পারবে? যদি এটা {natural_language_metric_2}ের চেয়ে বেশি বেড়ে থাকে, তাহলে তখন থেকে দুটোর লাইনই চার্টে দেখাও","['analytics']","analytics","98"
"24 নভেম্বর থেকে সবচেয়ে বেশি জনপ্রিয় ট্রাফিক সোর্সের একটা 'line' চার্ট বানাতে পারবে?","['analytics.create_plot.func(time_min=""2023-11-24"", time_max=""2023-11-29"", value_to_plot=""visits_direct"", plot_type=""line"")']","Can you make a line plot of the {most_or_least} popular traffic source since {natural_language_date}?","{natural_language_date} থেকে {most_or_least} জনপ্রিয় ট্রাফিক সোর্সের একটা 'line' চার্ট বানাতে পারবে?","['analytics']","analytics","105"
"গত 4 সপ্তাহের social media আর search engine-এর 'bar' চার্ট বানাও, যদি social media থেকে search engine-এর চেয়ে বেশি ট্রাফিক এসে থাকে","['analytics.create_plot.func(time_min=""2023-11-02"", time_max=""2023-11-29"", value_to_plot=""visits_social_media"", plot_type=""bar"")', 'analytics.create_plot.func(time_min=""2023-11-02"", time_max=""2023-11-29"", value_to_plot=""visits_search_engine"", plot_type=""bar"")']","If we got more traffic from {traffic_source_1} than {traffic_source_2} during the last {n_weeks} weeks, make bar charts of both over that period","গত {n_weeks} সপ্তাহের {traffic_source_1} আর {traffic_source_2}-এর 'bar' চার্ট বানাও, যদি {traffic_source_1} থেকে {traffic_source_2}-এর চেয়ে বেশি ট্রাফিক এসে থাকে","['analytics']","analytics","119"
"yuki-এর যেসব টাস্ক 'in progress'-এ আছে, সবগুলো 'in review'-তে সরিয়ে দাও","['project_management.update_task.func(task_id=""00000091"", field=""list_name"", new_value=""In Review"")']","Move all of {name}'s tasks that are in progress to in review","{name}-এর যেসব টাস্ক 'in progress'-এ আছে, সবগুলো 'in review'-তে সরিয়ে দাও","['project_management']","project_management","2"
"kofi-এর 'in progress'-এ থাকা সব টাস্ক 'in review'-তে সরিয়ে দিতে পারবে?","[]","Move all of {name}'s tasks that are in progress to in review","{name}-এর 'in progress'-এ থাকা সব টাস্ক 'in review'-তে সরিয়ে দিতে পারবে?","['project_management']","project_management","5"
"Back end-এর ব্যাকলগে Fix alignment issue in homepage নামে একটা নতুন টাস্ক যোগ করো, আর এটা anaya-কে অ্যাসাইন করো। এর ডেডলাইন 5 ডিসেম্বর।","['project_management.create_task.func(task_name=""Fix alignment issue in homepage"", board=""Back end"", assigned_to_email=""anaya.patel@atlas.com"", due_date=""2023-12-05"", list_name=""Backlog"")']","Add a new task to the {board} backlog called {task_name} and assign it to {name}. It's due on {natural_language_due_date}.","{board}-এর ব্যাকলগে {task_name} নামে একটা নতুন টাস্ক যোগ করো, আর এটা {name}-কে অ্যাসাইন করো। এর ডেডলাইন {natural_language_due_date}।","['project_management']","project_management","17"
"Design-এর ব্যাকলগে Design UI for profile page নামে একটা নতুন টাস্ক যোগ করে carlos-কে অ্যাসাইন করতে হবে। ডেডলাইন 3 ডিসেম্বর। এটা করে দিতে পারবে?","['project_management.create_task.func(task_name=""Design UI for profile page"", board=""Design"", assigned_to_email=""carlos.rodriguez@atlas.com"", due_date=""2023-12-03"", list_name=""Backlog"")']","Add a new task to the {board} backlog called {task_name} and assign it to {name}. It's due on {natural_language_due_date}.","{board}-এর ব্যাকলগে {task_name} নামে একটা নতুন টাস্ক যোগ করে {name}-কে অ্যাসাইন করতে হবে। ডেডলাইন {natural_language_due_date}। এটা করে দিতে পারবে?","['project_management']","project_management","18"
"aisha-এর যেসব টাস্ক ব্যাকলগে পড়ে আছে আর ডেডলাইন পেরিয়ে গেছে, সবগুলো ইন প্রোগ্রেসে সরিয়ে দিতে পারবে?","[]","Move all of {name}'s overdue tasks in the backlog to in progress","{name}-এর যেসব টাস্ক ব্যাকলগে পড়ে আছে আর ডেডলাইন পেরিয়ে গেছে, সবগুলো ইন প্রোগ্রেসে সরিয়ে দিতে পারবে?","['project_management']","project_management","20"
"ব্যাকলগে nia-এর যত টাস্কের ডেডলাইন পেরিয়ে গেছে, সবগুলো ইন প্রোগ্রেসে সরিয়ে দাও","[]","Move all of {name}'s overdue tasks in the backlog to in progress","ব্যাকলগে {name}-এর যত টাস্কের ডেডলাইন পেরিয়ে গেছে, সবগুলো ইন প্রোগ্রেসে সরিয়ে দাও","['project_management']","project_management","28"
"luis-এর যে টাস্কগুলো ইন রিভিউতে আছে, সেগুলো কমপ্লিটেডে মুভ করে দিতে পারবে?","['project_management.update_task.func(task_id=""00000249"", field=""list_name"", new_value=""Completed"")', 'project_management.update_task.func(task_id=""00000272"", field=""list_name"", new_value=""Completed"")', 'project_management.update_task.func(task_id=""00000296"", field=""list_name"", new_value=""Completed"")', 'project_management.update_task.func(task_id=""00000280"", field=""list_name"", new_value=""Completed"")']","Move any of {name}'s tasks that are in review to completed","{name}-এর যে টাস্কগুলো ইন রিভিউতে আছে, সেগুলো কমপ্লিটেডে মুভ করে দিতে পারবে?","['project_management']","project_management","30"
"আমি fatima-এর সব টাস্ক রিভিউ করে ফেলেছি। যেগুলো এখনো ইন রিভিউতে আছে, সবগুলো কমপ্লিটেডে সরিয়ে দিতে পারবে?","['project_management.update_task.func(task_id=""00000035"", field=""list_name"", new_value=""Completed"")']","Move any of {name}'s tasks that are in review to completed","আমি {name}-এর সব টাস্ক রিভিউ করে ফেলেছি। যেগুলো এখনো ইন রিভিউতে আছে, সবগুলো কমপ্লিটেডে সরিয়ে দিতে পারবে?","['project_management']","project_management","35"
"yuki অসুস্থ, তাই তার ইন প্রোগ্রেসে থাকা টাস্কগুলো carlos-কে রিঅ্যাসাইন করে দাও।","['project_management.update_task.func(task_id=""00000091"", field=""assigned_to_email"", new_value=""carlos.rodriguez@atlas.com"")']","{name_1} is sick so reassign their in progress tasks to {name_2}.","{name_1} অসুস্থ, তাই তার ইন প্রোগ্রেসে থাকা টাস্কগুলো {name_2}-কে রিঅ্যাসাইন করে দাও।","['project_management']","project_management","42"
"anaya-এর ইন প্রোগ্রেসে থাকা সব টাস্ক leila-কে রিঅ্যাসাইন করতে হবে। করে দিতে পারবে?","['project_management.update_task.func(task_id=""00000196"", field=""assigned_to_email"", new_value=""leila.azizi@atlas.com"")', 'project_management.update_task.func(task_id=""00000159"", field=""assigned_to_email"", new_value=""leila.azizi@atlas.com"")']","{name_1} is sick so reassign their in progress tasks to {name_2}.","{name_1}-এর ইন প্রোগ্রেসে থাকা সব টাস্ক {name_2}-কে রিঅ্যাসাইন করতে হবে। করে দিতে পারবে?","['project_management']","project_management","49"
"carlos এখন যেসব টাস্কে কাজ করছে, সবগুলো ব্যাকলগে সরিয়ে দিতে পারবে?","['project_management.update_task.func(task_id=""00000086"", field=""list_name"", new_value=""Backlog"")']","{name_1} is on vacation now so move all the tasks they are currently working on to the backlog.","{name_1} এখন যেসব টাস্কে কাজ করছে, সবগুলো ব্যাকলগে সরিয়ে দিতে পারবে?","['project_management']","project_management","57"
"jinsoo-এর ডেডলাইন পেরিয়ে যাওয়া যে টাস্কগুলো সে এখনো শুরু করেনি, সবগুলো aisha-কে দিয়ে দিতে পারবে?","['project_management.update_task.func(task_id=""00000250"", field=""assigned_to_email"", new_value=""aisha.chen@atlas.com"")', 'project_management.update_task.func(task_id=""00000257"", field=""assigned_to_email"", new_value=""aisha.chen@atlas.com"")']","Give all the overdue tasks that {name_1} hasn't started to {name_2}.","{name_1}-এর ডেডলাইন পেরিয়ে যাওয়া যে টাস্কগুলো সে এখনো শুরু করেনি, সবগুলো {name_2}-কে দিয়ে দিতে পারবে?","['project_management']","project_management","60"
"yuki-এর হাতে এখন কিছুটা সময় আছে, তাই ওকে carlos-এর ডেডলাইন পেরিয়ে যাওয়া যে টাস্কগুলো এখনো শুরু হয়নি, সবগুলো দিয়ে দিতে পারবে?","[]","Give all the overdue tasks that {name_1} hasn't started to {name_2}.","{name_2}-এর হাতে এখন কিছুটা সময় আছে, তাই ওকে {name_1}-এর ডেডলাইন পেরিয়ে যাওয়া যে টাস্কগুলো এখনো শুরু হয়নি, সবগুলো দিয়ে দিতে পারবে?","['project_management']","project_management","64"
"nia-এর সবচেয়ে জরুরি টাস্কটা নিয়ে olga-কে রিঅ্যাসাইন করে দাও।","['project_management.update_task.func(task_id=""00000162"", field=""assigned_to_email"", new_value=""olga.petrova@atlas.com"")']","Take {name_1}'s most urgent task and reassign it to {name_2}.","{name_1}-এর সবচেয়ে জরুরি টাস্কটা নিয়ে {name_2}-কে রিঅ্যাসাইন করে দাও।","['project_management']","project_management","72"
"fatima-এর সবচেয়ে জরুরি টাস্কটা নিয়ে kofi-কে রিঅ্যাসাইন করে দিতে পারবে?","['project_management.update_task.func(task_id=""00000066"", field=""assigned_to_email"", new_value=""kofi.mensah@atlas.com"")']","Take {name_1}'s most urgent task and reassign it to {name_2}.","{name_1}-এর সবচেয়ে জরুরি টাস্কটা নিয়ে {name_2}-কে রিঅ্যাসাইন করে দিতে পারবে?","['project_management']","project_management","78"
"গত দুই সপ্তাহে যদি Jamie Anderson-এর সাথে আমাদের কথা না হয়ে থাকে, তাহলে যাকে তাদের দায়িত্ব দেওয়া আছে, তার সাথে আগামীকাল আমার প্রথম ফাঁকা সময়ে 'Update on Jamie Anderson' নামে একটা 30 মিনিটের মিটিং বুক করো","['calendar.create_event.func(event_name=""Update on Jamie Anderson"", participant_email=""nadia.moreau@atlas.com"", event_start=""2023-12-01 13:00:00"", duration=""30"")']","If we haven't spoke to {current_customer_name} in the past fortnight book a 30-minute meeting with whoever is assigned to them called 'Update on {current_customer_name}' at the first time I'm free tomorrow","গত দুই সপ্তাহে যদি {current_customer_name}-এর সাথে আমাদের কথা না হয়ে থাকে, তাহলে যাকে তাদের দায়িত্ব দেওয়া আছে, তার সাথে আগামীকাল আমার প্রথম ফাঁকা সময়ে 'Update on {current_customer_name!en}' নামে একটা 30 মিনিটের মিটিং বুক করো","['crm', 'calendar']","multi_domain","6"
"কার নামে সবচেয়ে কম টাস্ক অ্যাসাইন করা আছে খুঁজে বের করে, CRM এ Jamie Davis-কে নতুন লিড হিসেবে তার নামে অ্যাসাইন করে দিতে পারবে?","['customer_relationship_manager.add_customer.func(customer_name=""Jamie Davis"", assigned_to_email=""yuki.tanaka@atlas.com"", status=""Lead"")']"," Add {new_customer_name} as a new lead in the crm and assign them to the person with the fewest tasks assigned to them","কার নামে সবচেয়ে কম টাস্ক অ্যাসাইন করা আছে খুঁজে বের করে, CRM এ {new_customer_name}-কে নতুন লিড হিসেবে তার নামে অ্যাসাইন করে দিতে পারবে?","['crm', 'project_management']","multi_domain","18"
"20 নভেম্বর তারিখের 'Task Update on Implement payment gateway API' বিষয়ের ইমেইলটা খুঁজে বের করে, যে পাঠিয়েছে তার সাথে 18 ডিসেম্বর 12:30টায় 'Task Update on Implement payment gateway API' নামে একটা 30 মিনিটব্যাপী মিটিং শিডিউল করে দিতে পারবে?","['calendar.create_event.func(event_name=""Task Update on Implement payment gateway API"", participant_email=""leila.azizi@atlas.com"", event_start=""2023-12-18 12:30:00"", duration=""30"")']","Find the email from {natural_language_email_date} about {subject} and schedule a {natural_language_duration} meeting called '{subject}' at {natural_language_time} with the sender for {natural_language_event_date}.","{natural_language_email_date} তারিখের '{subject!en}' বিষয়ের ইমেইলটা খুঁজে বের করে, যে পাঠিয়েছে তার সাথে {natural_language_event_date} {natural_language_time}টায় '{subject!en}' নামে একটা {natural_language_duration}ব্যাপী মিটিং শিডিউল করে দিতে পারবে?","['email', 'calendar']","multi_domain","25"
"11 ডিসেম্বর তারিখের প্রথম ইভেন্টে সবাই যেন আসার কথা মনে রাখে, সেটা নিশ্চিত করতে চাই। অংশগ্রহণকারীদের একটা ইমেইল পাঠাতে পারবে? টাইটেল হবে ইভেন্টের নাম, আর ইমেইলে লেখা থাকবে 'Remember to attend this event.'","['email.send_email.func(recipient=""nia.johnson@atlas.com"", subject=""Annual Budget Planning Session"", body=""Remember to attend this event."")']","Send an email to attendees of the first event on {natural_language_event_date}. Title it with the event name and tell them 'Remember to attend this event.'","{natural_language_event_date} তারিখের প্রথম ইভেন্টে সবাই যেন আসার কথা মনে রাখে, সেটা নিশ্চিত করতে চাই। অংশগ্রহণকারীদের একটা ইমেইল পাঠাতে পারবে? টাইটেল হবে ইভেন্টের নাম, আর ইমেইলে লেখা থাকবে 'Remember to attend this event.'","['email', 'calendar']","multi_domain","31"
"আগামী 3 দিনে যদি aisha-এর সাথে আমার কোনো মিটিং শিডিউল করা না থাকে, তাহলে তাকে 'Catch up soon?' টাইটেল দিয়ে একটা ইমেইল পাঠাও, তাতে লেখো 'We have not caught up in a while - can you send some availability over next week?'","[]","If I don't have any meetings scheduled with {name} in the next {days} days, send them an email titled 'Catch up soon?' saying 'We have not caught up in a while - can you send some availability over next week?'","আগামী {days} দিনে যদি {name}-এর সাথে আমার কোনো মিটিং শিডিউল করা না থাকে, তাহলে তাকে 'Catch up soon?' টাইটেল দিয়ে একটা ইমেইল পাঠাও, তাতে লেখো 'We have not caught up in a while - can you send some availability over next week?'","['email', 'calendar']","multi_domain","66"
"মনে হচ্ছে carlos-এর কিছু টাস্কের ডেডলাইন পেরিয়ে গেছে। একটু চেক করে দেখবে? সত্যিই তাই হলে, তাকে 'Overdue tasks' টাইটেল দিয়ে একটা ইমেইল পাঠাও, তাতে লেখো 'You have a few overdue tasks - can you update me on them?'। নাহলে তাকে 'Good work this sprint' টাইটেল দিয়ে ইমেইল করো, লেখো 'Nice work keeping on top of your tasks this sprint!'","['email.send_email.func(recipient=""carlos.rodriguez@atlas.com"", subject=""Good work this sprint"", body=""Nice work keeping on top of your tasks this sprint!"")']","If {name} has any overdue tasks, send them an email titled 'Overdue tasks' saying 'You have a few overdue tasks - can you update me on them?'. Otherwise email them with 'Nice work keeping on top of your tasks this sprint!' titled 'Good work this sprint'","মনে হচ্ছে {name}-এর কিছু টাস্কের ডেডলাইন পেরিয়ে গেছে। একটু চেক করে দেখবে? সত্যিই তাই হলে, তাকে 'Overdue tasks' টাইটেল দিয়ে একটা ইমেইল পাঠাও, তাতে লেখো 'You have a few overdue tasks - can you update me on them?'। নাহলে তাকে 'Good work this sprint' টাইটেল দিয়ে ইমেইল করো, লেখো 'Nice work keeping on top of your tasks this sprint!'","['email', 'project_management']","multi_domain","76"
"আমার মনে হয় olga-এর কিছু ওভারডিউ টাস্ক থাকতে পারে। একটু চেক করে দেখো, থাকলে কাল আমি সবচেয়ে আগে যখন ফ্রি থাকব তখন তার সাথে 'Catch up on overdue tasks' নামে আধা ঘণ্টার একটা মিটিং বুক করো","['calendar.create_event.func(event_name=""Catch up on overdue tasks"", participant_email=""olga.petrova@atlas.com"", event_start=""2023-12-01 13:00:00"", duration=""30"")']","Book a half-hour meeting with {name} called 'Catch up on overdue tasks' at the earliest time I'm free tomorrowif they have any overdue tasks","আমার মনে হয় {name}-এর কিছু ওভারডিউ টাস্ক থাকতে পারে। একটু চেক করে দেখো, থাকলে কাল আমি সবচেয়ে আগে যখন ফ্রি থাকব তখন তার সাথে 'Catch up on overdue tasks' নামে আধা ঘণ্টার একটা মিটিং বুক করো","['calendar', 'project_management']","multi_domain","84"
"1 নভেম্বর থেকে এখন পর্যন্ত কোনো সময় এনগেজড ইউজার 5-এর চেয়ে বেশি হয়েছিল কি না একটু দেখবে? হয়ে থাকলে leila.azizi@atlas.com ঠিকানায় 'Update on engaged users' সাবজেক্টে একটা ইমেইল পাঠাও, তাতে লেখো 'I noticed engaged users was more than 5 - can you update me?'","['email.send_email.func(recipient=""leila.azizi@atlas.com"", subject=""Update on engaged users"", body=""I noticed engaged users was more than 5 - can you update me?"")']","If {natural_language_metric} was {more_or_less} than {threshold} at any time since {natural_language_date} send an email to {sender} titled 'Update on {natural_language_metric}' saying 'I noticed {natural_language_metric} was {more_or_less} than {threshold} - can you update me?'","{natural_language_date} থেকে এখন পর্যন্ত কোনো সময় {natural_language_metric} {threshold}-এর চেয়ে {more_or_less} হয়েছিল কি না একটু দেখবে? হয়ে থাকলে {sender} ঠিকানায় 'Update on {natural_language_metric!en}' সাবজেক্টে একটা ইমেইল পাঠাও, তাতে লেখো 'I noticed {natural_language_metric!en} was {more_or_less!en} than {threshold} - can you update me?'","['analytics', 'email']","multi_domain","94"
"আমার মনে হয় 24 সেপ্টেম্বর থেকে এখন পর্যন্ত কোনো এক সময় মোট ভিজিট 10-এর চেয়ে কম হয়ে থাকতে পারে। একটু চেক করে দেখো, হয়ে থাকলে কাল আমি সবচেয়ে আগে যখন ফ্রি থাকব তখন lena-এর সাথে 'Discuss total visits' নামে আধা ঘণ্টার একটা মিটিং শিডিউল করো","['calendar.create_event.func(event_name=""Discuss total visits"", participant_email=""lena.schmidt@atlas.com"", event_start=""2023-12-01 13:00:00"", duration=""30"")']","If {natural_language_metric} was {more_or_less} than {threshold} at any time since {natural_language_date} schedule a half-hour meeting called 'Discuss {natural_language_metric}' with {sender_name} at the earliest time I'm free tomorrow","আমার মনে হয় {natural_language_date} থেকে এখন পর্যন্ত কোনো এক সময় {natural_language_metric} {threshold}-এর চেয়ে {more_or_less} হয়ে থাকতে পারে। একটু চেক করে দেখো, হয়ে থাকলে কাল আমি সবচেয়ে আগে যখন ফ্রি থাকব তখন {sender_name}-এর সাথে 'Discuss {natural_language_metric!en}' নামে আধা ঘণ্টার একটা মিটিং শিডিউল করো","['analytics', 'calendar']","multi_domain","102"
"27 নভেম্বর থেকে এখন পর্যন্ত কোনো সময় যদি গড় সেশনের সময়কাল 19-এর চেয়ে বেশি হয়ে থাকে, তাহলে যে সবচেয়ে বেশি ফ্রন্ট-এন্ড টাস্ক কমপ্লিট করেছে, তার জন্য ফ্রন্ট-এন্ড বোর্ডে 'Improve average session duration' নামে একটা backlog টাস্ক বানাও, ডেডলাইন আগামী শুক্রবার","['project_management.create_task.func(task_name=""Improve average session duration"", board=""Front end"", assigned_to_email=""nia.johnson@atlas.com"", due_date=""2023-12-08"", list_name=""Backlog"")']","If {natural_language_metric} was {more_or_less} than {threshold} at any time since {natural_language_date} make a backlog task called 'Improve {natural_language_metric}' on the front-end board with a deadline of next Friday for the person with the most completed front end tasks","{natural_language_date} থেকে এখন পর্যন্ত কোনো সময় যদি {natural_language_metric} {threshold}-এর চেয়ে {more_or_less} হয়ে থাকে, তাহলে যে সবচেয়ে বেশি ফ্রন্ট-এন্ড টাস্ক কমপ্লিট করেছে, তার জন্য ফ্রন্ট-এন্ড বোর্ডে 'Improve {natural_language_metric!en}' নামে একটা backlog টাস্ক বানাও, ডেডলাইন আগামী শুক্রবার","['analytics', 'project_management']","multi_domain","120"
"রবিবার থেকে গড় সেশনের সময়কাল শতকরা কত বেড়েছে দেখো, আর সেটা যদি এনগেজড ইউজারের চেয়ে বেশি হয়, তাহলে ফ্রন্ট-এন্ড বোর্ডে chenwei-এর জন্য 'Improve engaged users' নামে একটা backlog টাস্ক বানাও, ডেডলাইন আগামী শুক্রবার","[]","Check the percent growth of {natural_language_metric} since {day_of_week} and if was more than {natural_language_metric_2} make a backlog task called 'Improve {natural_language_metric_2}' for {name} on the front-end board with a deadline of next Friday","{day_of_week} থেকে {natural_language_metric} শতকরা কত বেড়েছে দেখো, আর সেটা যদি {natural_language_metric_2}ের চেয়ে বেশি হয়, তাহলে ফ্রন্ট-এন্ড বোর্ডে {name}-এর জন্য 'Improve {natural_language_metric_2!en}' নামে একটা backlog টাস্ক বানাও, ডেডলাইন আগামী শুক্রবার","['analytics', 'project_management']","multi_domain","130"
"8 সেপ্টেম্বর থেকে এখন পর্যন্ত কোনো সময় মোট ভিজিট 10-এর চেয়ে বেশি হয়েছিল কি না একটু দেখবে? হয়ে থাকলে CRM থেকে Sofia-কে অ্যাসাইন করা সব lead ডিলিট করো","['customer_relationship_manager.delete_customer.func(customer_id=""00000025"")', 'customer_relationship_manager.delete_customer.func(customer_id=""00000051"")', 'customer_relationship_manager.delete_customer.func(customer_id=""00000021"")', 'customer_relationship_manager.delete_customer.func(customer_id=""00000013"")', 'customer_relationship_manager.delete_customer.func(customer_id=""00000116"")', 'customer_relationship_manager.delete_customer.func(customer_id=""00000010"")']","If {natural_language_metric} was {more_or_less} than {threshold} at any time since {natural_language_date} delete all {assigned_to_first_name}'s leads in the CRM","{natural_language_date} থেকে এখন পর্যন্ত কোনো সময় {natural_language_metric} {threshold}-এর চেয়ে {more_or_less} হয়েছিল কি না একটু দেখবে? হয়ে থাকলে CRM থেকে {assigned_to_first_name}-কে অ্যাসাইন করা সব lead ডিলিট করো","['analytics', 'crm']","multi_domain","149"
"30 অক্টোবর থেকে এখন পর্যন্ত কোনো সময় গড় সেশনের সময়কাল 41-এর চেয়ে কম হয়েছিল কি না একটু দেখবে? হয়ে থাকলে ফ্রন্ট-এন্ড backlog-এ leila-এর জন্য 'Improve average session duration' টাস্ক বানাও, ডেডলাইন আগামী শুক্রবার; না হলে তাকে 'Recent average session duration' সাবজেক্টে একটা ইমেইল পাঠাও, লেখো 'I noticed average session duration has been stable, nice work!'","['project_management.create_task.func(task_name=""Improve average session duration"", board=""Front end"", assigned_to_email=""leila.azizi@atlas.com"", due_date=""2023-12-08"", list_name=""Backlog"")']","If {natural_language_metric} was {more_or_less} than {threshold} at any time since {natural_language_date} make a backlog task 'Improve {natural_language_metric}' for {name} on the front-end board with a deadline of next Friday otherwise send them an email titled 'Recent {natural_language_metric}' saying 'I noticed {natural_language_metric} has been stable, nice work!' ","{natural_language_date} থেকে এখন পর্যন্ত কোনো সময় {natural_language_metric} {threshold}-এর চেয়ে {more_or_less} হয়েছিল কি না একটু দেখবে? হয়ে থাকলে ফ্রন্ট-এন্ড backlog-এ {name}-এর জন্য 'Improve {natural_language_metric!en}' টাস্ক বানাও, ডেডলাইন আগামী শুক্রবার; না হলে তাকে 'Recent {natural_language_metric!en}' সাবজেক্টে একটা ইমেইল পাঠাও, লেখো 'I noticed {natural_language_metric!en} has been stable, nice work!'","['analytics', 'email', 'project_management']","multi_domain","169"
"30 অক্টোবর থেকে এখন পর্যন্ত কোনো সময় যদি মোট ভিজিট 21-এর চেয়ে কম হয়ে থাকে, তাহলে CRM থেকে Sofia-এর নতুন lead-গুলো ডিলিট করো এবং তাকে 'Reprioritising' সাবজেক্ট দিয়ে একটা ইমেইল পাঠাও, তাতে লেখো 'total visits looks good, so we no longer need you finding new leads'। না হলে ইমেইলে লেখো 'We need you to improve total visits - TBD.'","['customer_relationship_manager.delete_customer.func(customer_id=""00000025"")', 'customer_relationship_manager.delete_customer.func(customer_id=""00000051"")', 'customer_relationship_manager.delete_customer.func(customer_id=""00000021"")', 'customer_relationship_manager.delete_customer.func(customer_id=""00000013"")', 'customer_relationship_manager.delete_customer.func(customer_id=""00000116"")', 'customer_relationship_manager.delete_customer.func(customer_id=""00000010"")', 'email.send_email.func(recipient=""sofia.santos@atlas.com"", subject=""Reprioritising"", body=""total visits looks good, so we no longer need you finding new leads"")']","If {natural_language_metric} was {more_or_less} than {threshold} at any time since {natural_language_date} delete {assigned_to_first_name}'s new leads in the CRM and send them an email titled 'Reprioritising'saying '{natural_language_metric} looks good, so we no longer need you finding new leads'.If not say in the email 'We need you to improve {natural_language_metric} - TBD.'","{natural_language_date} থেকে এখন পর্যন্ত কোনো সময় যদি {natural_language_metric} {threshold}-এর চেয়ে {more_or_less} হয়ে থাকে, তাহলে CRM থেকে {assigned_to_first_name}-এর নতুন lead-গুলো ডিলিট করো এবং তাকে 'Reprioritising' সাবজেক্ট দিয়ে একটা ইমেইল পাঠাও, তাতে লেখো '{natural_language_metric!en} looks good, so we no longer need you finding new leads'। না হলে ইমেইলে লেখো 'We need you to improve {natural_language_metric!en} - TBD.'","['analytics', 'crm', 'email']","multi_domain","182"
"1 অক্টোবর থেকে এখন পর্যন্ত কোনো সময় যদি মোট ভিজিট 10-এর চেয়ে বেশি হয়ে থাকে, তাহলে ফ্রন্ট-এন্ড বোর্ডে fatima-এর জন্য 'Improve total visits' নামে একটা backlog টাস্ক বানাও, ডেডলাইন আগামী শুক্রবার, আর কাল আমার সবচেয়ে আগের ফাঁকা সময়ে আমাদের জন্য 'Discuss total visits' নামে আধা ঘণ্টার একটা মিটিং বুক করো। না হলে তাকে 'New leads for you' সাবজেক্ট দিয়ে একটা ইমেইল পাঠাও, লেখো 'total visits looks good, so there are new leads for you', তারপর CRM-এ Nadia-এর সব lead তাকে দিয়ে দাও","['project_management.create_task.func(task_name=""Improve total visits"", board=""Front end"", assigned_to_email=""fatima.khan@atlas.com"", due_date=""2023-12-08"", list_name=""Backlog"")', 'calendar.create_event.func(event_name=""Discuss total visits"", participant_email=""fatima.khan@atlas.com"", event_start=""2023-12-01 13:00:00"", duration=""30"")']","If {natural_language_metric} was {more_or_less} than {threshold} at any time since {natural_language_date} make a backlog task called 'Improve {natural_language_metric}' for {name} on the front-end board with a deadline of next Friday and book a half-hour meeting for us called 'Discuss {natural_language_metric}' at the earliest time I'm free tomorrow. otherwise send them an email titled 'New leads for you' saying '{natural_language_metric} looks good, so there are new leads for you' and then give them all {assigned_to_first_name}'s leads in the CRM","{natural_language_date} থেকে এখন পর্যন্ত কোনো সময় যদি {natural_language_metric} {threshold}-এর চেয়ে {more_or_less} হয়ে থাকে, তাহলে ফ্রন্ট-এন্ড বোর্ডে {name}-এর জন্য 'Improve {natural_language_metric!en}' নামে একটা backlog টাস্ক বানাও, ডেডলাইন আগামী শুক্রবার, আর কাল আমার সবচেয়ে আগের ফাঁকা সময়ে আমাদের জন্য 'Discuss {natural_language_metric!en}' নামে আধা ঘণ্টার একটা মিটিং বুক করো। না হলে তাকে 'New leads for you' সাবজেক্ট দিয়ে একটা ইমেইল পাঠাও, লেখো '{natural_language_metric!en} looks good, so there are new leads for you', তারপর CRM-এ {assigned_to_first_name}-এর সব lead তাকে দিয়ে দাও","['analytics', 'calendar', 'email', 'project_management', 'crm']","multi_domain","200"
