task_uid,side,field,a1_value,a2_value,source,decision,reason
workbench:email:41,BN,failure_type,Wrong tool argument,Understanding failure,A1-A2 disagreement,Understanding failure,"C1: the type names the failure at the first failure point, and both annotators put that at Entity or slot grounding (tree S3). The trace shows a reading error, not an argument-building error: 'গত সপ্তাহে' was resolved to the rolling window 2023-11-23..29, which is an available reading of 'last week' (C4), and step 5 kept that reading by rejecting 00000120/00000346 as 'গত সপ্তাহের নয়'. Wrong tool argument is the downstream symptom (§5: do not label only the final visible error)."
workbench:email:41,BN,confound,Genuine Bangla-related agent failure,,task review,Genuine Bangla-related agent failure,"Kept, decided together with multi_domain:120 under C5. English 'last week' and Bangla 'গত সপ্তাহে' carry the same calendar-week vs past-7-days ambiguity; the Bangla adds none, so the translation is faithful (S1 ok). The wrong window is an available reading of the Bangla phrase (C4), so the error is the agent's reading of Bangla input. EN read the same request as the calendar week, and no C0 failure misreads a 'last week' window (C0 date errors are a bare weekday, calendar:79, and an exclusive 'since', analytics:69). Provisional until the native-speaker review."
workbench:email:41,BN,trace_notes.md (factual),'got [] three times',,task review,'got [] twice (steps 2 and 3)',"Item D. Trace c6 #7: the date-filtered searches at steps 2 and 3 (subject queries) returned []; the third date-filtered search, step 4 (query = anaya's address), returned other anaya emails (00000166 on 11-29, 00000456 on 11-27), not []. Fixed in trace_notes.md; the labels are unaffected."
workbench:analytics:20,BN,first_failure_point,Instruction understanding,Tool-argument construction,A1-A2 disagreement,Instruction understanding,"C1/C4: 'line' is what a reading of the request gives, not a mis-mapping of an understood value. Read loosely, 'distribution of X between Nov 5 and Nov 21' means how X is spread over those dates, which is a time series, and the agent calls its line charts 'ডিস্ট্রিবিউশন চার্টগুলো'. An agent that had read 'distribution' as a statistical distribution would have picked 'histogram' from the four listed values. §8 S5 'correct enum/canonical value' covers rendering an understood value in canonical form; it does not cover choosing a different meaning. Kept A1."
workbench:analytics:20,BN,failure_type,Wrong tool argument,Wrong tool argument,task review + convention,Understanding failure,"Task-review point (first failure point Instruction understanding with type Wrong tool argument; 'Understanding failure' never used). C1: the type follows the first failure point (S3), so the type becomes Understanding failure. Both annotators had Wrong tool argument, but A2 paired it with a different first failure point (Tool-argument construction), which is rejected above."
workbench:analytics:20,BN,tree S3,fail,ok,A1-A2 disagreement,fail,"Follows the first-failure-point decision: the request's meaning was misread (C1, C4)."
workbench:analytics:20,BN,tree S7,ok,na,A1-A2 disagreement,ok,"C3: S7 is never na. Every write the agent intended was made, and no required write is missing; the English run made no check that BN skipped. So the step is ok."
workbench:analytics:20,BN,tree first-fail step,S3,S5,A1-A2 disagreement,S3,Follows from S3 = fail.
workbench:analytics:20,BN,confound,Genuine Bangla-related agent failure,Genuine Bangla-related agent failure,task review,Genuine Bangla-related agent failure,"Agreed; ruled under C4. The failing operation is reading the Bangla(-script) phrase 'ডিস্ট্রিবিউশন … চার্টে দেখিয়ে দাও', so a link to the Bangla input exists. T31.v3 is faithful, and no C0 failure has a wrong plot_type. Weak: analytics:15 BN read the same wording as a histogram (single run). Kept Genuine with that caveat."
workbench:analytics:98,BN,first_failure_point,Planning,Task constraint preservation,A1-A2 disagreement,Planning,"Trace c6 #57: Wednesday is restated correctly ('বুধবার (২০২৩-১১-২৯)'). The agent then fetched Tuesday 11-28 (steps 2-3) as a baseline and evaluated the gate consistently with the numbers it computed (+0.9% vs -47% → plot). So the conditional was preserved and applied; the error is the plan of steps that produced its inputs. C1 maps that to Planning (S4). TCP is for a gate that is misread, dropped or wrongly evaluated, which is not the case here."
workbench:analytics:98,BN,failure_type,Planning failure,Wrong tool/action,A1-A2 disagreement,Planning failure,"Task-review point (a no-change case typed Planning while other no-change cases are Wrong tool/action). C1: the type follows the first failure point, not whether the ground truth is 'no change'. The other no-change cases (crm:77, pm:28/64, analytics:76 BN, crm:42 EN, md:130 EN) are gates or thresholds that were misread, dropped or wrongly evaluated, so they are Task constraint preservation, typed Understanding failure, Dialogue-state failure or Wrong tool/action. Here the gate was applied correctly to inputs from a wrong plan → Planning failure."
workbench:analytics:98,BN,confound,Benchmark/task ambiguity,General model weakness present in both English and Bangla,A1-A2 disagreement + task review,Benchmark/task ambiguity,"C6(b): the ground truth comes from relative_growth_two_plots_logic with date_min = 2023-11-29, the last data day, so get_relative_growth compares a one-point series with itself (0 vs 0 → no plot). 'Growth since Wednesday' asked on Thursday has no well-defined value. EN 'passed' only by abstaining after 24 looping reads. BN's Tuesday baseline is one way of making an ill-posed task computable. A2's C0 analogues are different mechanisms: analytics:69 shifts a 'since' boundary later, and md:130 writes before evaluating the gate. A2 itself rated General low-confidence and named Benchmark as the alternative. The §8 tree has no benchmark step, so S4 records the agent-level failure."
workbench:analytics:98,BN,tree S7,ok,na,A1-A2 disagreement,ok,"C3: S7 is never na. All writes the agent intended were made, and its final answer reports its own computation faithfully; EN made no check that BN skipped."
workbench:analytics:98,BN,tree S5,fail,fail,convention,fail,"Agreed; checked against C3. S5 is na only when the sole writes are writes that should not exist and they carry no argument error beyond that decision (crm:77). Here time_min = 2023-11-28 also contradicts the task's own 'since then' (Wednesday 11-29), which the agent itself restated, so there is an argument error of its own → fail."
workbench:analytics:119,BN,first_failure_point,Entity or slot grounding,Tool-argument construction,A1-A2 disagreement + task review,Tool-argument construction,"C4 and the date-error convention in C1. time_min = 2023-10-26 is exactly 35 days before 2023-11-30. No reading of 'গত 4 সপ্তাহের' gives that date: 28 days gives 11-02, and 4 whole weeks before the current week gives 10-29 or 10-30. The agent restated '৪ সপ্তাহ', the 4 is an ASCII digit, and the same run computed 'গত 2 সপ্তাহ' correctly (analytics:51 BN: time_min 11-16). The error is therefore arithmetic on a value that was read correctly, used as an argument → Tool-argument construction (S5)."
workbench:analytics:119,BN,confound,Genuine Bangla-related agent failure,General model weakness present in both English and Bangla,A1-A2 disagreement + task review,General model weakness present in both English and Bangla,"Task-review point (Genuine looks weak). C4: the failing operation, N-weeks-before-today arithmetic, has no plausible link to the Bangla input. The same mechanism class occurs in a C0 failure: customer_relationship_manager:74 EN converts '6 weeks' to 'since October 16th' (45 days; correct is 10-19) and then moves customers last contacted 10-25 and 10-21. That case is already the C0 analogue for crm:77 BN's 'date arithmetic, not reading Bangla', so treating 119 differently would be inconsistent. Because a C0 analogue exists, the label is General, not Unclear."
workbench:analytics:119,BN,tree S3,fail,ok,A1-A2 disagreement,ok,The 4-week window was read correctly (see first failure point); the agent identified the right slot.
workbench:analytics:119,BN,tree S7,ok,na,A1-A2 disagreement,ok,C3: S7 is never na; no write is missing and EN made no check that BN skipped.
workbench:analytics:119,BN,tree first-fail step,S3,S5,A1-A2 disagreement,S5,Follows from S3 = ok and S5 = fail.
workbench:multi_domain:84,BN,tree S7,ok,na,A1-A2 disagreement,ok,"C3: S7 is never na; the single required write was made (wrong value, scored at S5), and EN made no check that BN skipped."
workbench:multi_domain:120,BN,tree S3,fail,ok,A1-A2 disagreement,fail,"C3: when S1 fails, S3-S7 are scored against the intended (English/GT) task. §8 S3 asks whether the agent identified the correct slot; 12-01 is not the intended 12-08. The root cause stays S1 (Translation) because S1 is the first fail."
workbench:multi_domain:120,BN,tree S7,ok,na,A1-A2 disagreement,ok,C3: S7 is never na; the required write was made and EN made no check that BN skipped.
workbench:multi_domain:120,BN,failure_type,Wrong tool argument,Wrong tool argument,convention,Understanding failure,"C1: the first failure point is Entity or slot grounding (both annotators), and the deadline phrase was grounded to a referent other than the intended one. The type follows the first failure point → Understanding failure. The Bangla wording's share of the blame is recorded in the confound (Translation), not in the type."
workbench:multi_domain:120,BN,confound,Translation/localization error,,task review,Translation/localization error,"Kept, decided together with email:41 under C5. (i) 'আগামী শুক্রবার' ('the coming Friday') naturally means tomorrow on a Thursday. The English 'next Friday', as the benchmark and the EN runs use it (12-08 in md:120, 130, 169 and 200), does not favour that reading, so the Bangla wording adds a reading that the English does not have. (ii) The wrong value, 12-01, is exactly what that reading gives. md:169 BN and md:200 BN read the phrase as 12-08, which lowers confidence but does not change the label (C5). The email:41 phrase adds no new reading, hence Genuine there. Provisional until the native-speaker review."
workbench:customer_relationship_manager:77,BN,first_failure_point,Task constraint preservation,,task review,Task constraint preservation,"Date-error convention (C1): a gate or threshold that decides whether, or on which entities, to act is Task constraint preservation, even when the error is arithmetic. Here a 6-week no-response threshold was misapplied: 32 days treated as ≥ 6 weeks with 'শেষ যোগাযোগ ২০২৩-১০-২৯' restated. An argument value built by arithmetic is Tool-argument construction (analytics:119). A phrase resolved to a different referent is Entity or slot grounding (analytics:69, email:41, md:120, calendar:79)."
workbench:customer_relationship_manager:74,EN,first_failure_point,Task constraint preservation,,task review,Task constraint preservation,"Same convention as crm:77: a 6-week threshold gate misapplied ('since October 16th', then moved 10-25/10-21). Kept."
workbench:analytics:69,EN,first_failure_point,Entity or slot grounding,,task review,Entity or slot grounding,"Date-error convention: 'since [Oct 4]' resolved to an exclusive boundary (time_min 10-05), which is a reading of 'since', not arithmetic. Kept."
workbench:analytics:69,BN,first_failure_point,Entity or slot grounding,,task review,Entity or slot grounding,"As analytics:69 EN: 'তখন থেকে' was read as 'from the next day' ('৫ অক্টোবর থেকে'), an exclusive reading. Kept."
workbench:multi_domain:6,EN,confound,General model weakness present in both English and Bangla,,task review,General model weakness present in both English and Bangla,"Task-review point (is the ID increment a benchmark artefact?). Not under C6. The English task and its GT are well defined, and the agent's first action was a real error: create_event at 12:00, which overlaps 12:00-13:00, before booking 13:00 and deleting 00000300. WorkBench compares full final state by design, and a created-then-deleted event is a real side effect: under C2 a create_* call cannot be undone in the scored state, so the 12:00 call is the first failure point. The mechanism is the earliest-free-slot error also seen in C6 md:84 BN, so the label stays General. Scorer strictness is noted as a caveat in the report."
EN-side General rows (12),EN,confound,General model weakness present in both English and Bangla,,task review,keep all (citations valid),"Task-review point (EN rows cite C6 analogues). Ruled correct and written as convention C7. 'Present in both English and Bangla', applied to an English failure, needs the mechanism in a C6 failure; the same task's BN side counts. The rows are the EN side of calendar:63, crm:74, analytics:69, pm:64, md:18, md:149, md:182, md:200, pm:28, md:6, md:102 and md:130. Each cites a C6 failure with the same mechanism, which was verified in the BN traces. BN-side General rows cite C0 failures. No change."
workbench:customer_relationship_manager:42,EN,confound,Unclear,,task review,Unclear,"Task-review point (crm:42 and crm:46 share a mechanism, yet both are Unclear). Kept. A shared mechanism between two English failures does not make it 'present in both English and Bangla'. No C6 failure drops or omits a lead/status filter: BN applied status=Lead in both tasks and passed both. The failure has no Bangla link because it is an English failure. Rules: no C6 analogue → Unclear."
workbench:customer_relationship_manager:46,EN,confound,Unclear,,task review,Unclear,"Kept (see crm:42). Correction to the review premise: crm:46 EN did not drop the filter after an empty result. Its only search (step 2) never had status=Lead, and it then reassigned non-leads 00000165 and 00000066. crm:42 EN applied status=Lead (step 2 → []) and removed it at step 3. The shared class is 'the leads (status = Lead) constraint not preserved', reached by two different paths."
workbench:customer_relationship_manager:42,EN,failure_type,Wrong tool/action,,convention,Dialogue-state failure,"C1, Task constraint preservation sub-rule. The agent applied the constraint in one tool call (step 2, status='Lead') and dropped it in a later call (step 3) after [], so it lost task state across its own steps. That is the rules' definition of Dialogue-state failure (§8 S3: 'preserve the user's intent across turns')."
workbench:customer_relationship_manager:46,EN,failure_type,Wrong tool argument,,convention,Understanding failure,"C1, Task constraint preservation sub-rule. The constraint was never applied: the only search omits status=Lead, yet the final answer calls the five reassigned customers 'all of Lena Schmidt's leads'. That means 'leads' was read as Lena's customers in general, a misreading of the constraint → Understanding failure."
workbench:customer_relationship_manager:57,EN,failure_type,Wrong tool/action,,convention,Understanding failure,"C1: the first failure point is Instruction understanding ('Give Akira … customers in the crm' read as emailing a list), so the type is Understanding failure."
workbench:calendar:79,EN,failure_type,Wrong tool argument,,convention,Understanding failure,"C1: the first failure point is Entity or slot grounding ('Wednesday' resolved to the past 11-29 instead of the upcoming 12-06), so the type is Understanding failure. The confound stays Benchmark/task ambiguity (C6a)."
workbench:calendar:79,BN,failure_type,Wrong tool argument,,convention,Understanding failure,As calendar:79 EN ('বুধবার' resolved to 11-29).
workbench:analytics:69,EN,failure_type,Wrong tool argument,,convention,Understanding failure,"C1: the first failure point is Entity or slot grounding (exclusive reading of 'since'), so the type is Understanding failure."
workbench:analytics:69,BN,failure_type,Wrong tool argument,,convention,Understanding failure,As analytics:69 EN.
workbench:project_management:64,EN,failure_type,Wrong tool/action,,convention,Understanding failure,"C1, Task constraint preservation sub-rule. The agent's own words give the constraint the wrong meaning: it calls 00000039, which is due today, 'Carlos's overdue task'. That is a misreading of 'overdue' → Understanding failure."
workbench:project_management:64,BN,failure_type,Wrong tool/action,,convention,Understanding failure,"As pm:64 EN: 'ডেডলাইন পার হয়ে গেছে (বা আজকের তারিখ)' explicitly extends 'overdue' to today, so the constraint was misread."
workbench:project_management:28,EN,failure_type,Wrong tool/action,,convention,Wrong tool/action,"Checked against the same sub-rule; kept. Here the agent states the correct reading ('No overdue tasks were found') and still moved the due-today task, so the constraint was read correctly but not applied at the write → Wrong tool/action. The confound stays General: the mechanism is the same as pm:64."
workbench:customer_relationship_manager:46,EN,first_failure_point,Task constraint preservation,,fix round 1,Tool-argument construction,"C1 tie-break (fix round 1): the agent's own words restate the constraint correctly ('I have successfully reassigned all of Lena Schmidt's leads interested in hardware to Akira Sato'), but its first action, search_customers(assigned_to_email='lena.schmidt@atlas.com', product_interest='Hardware') at step 2, leaves the filter out. The reading was right, so the label goes to the action level. The first wrong action is a search whose arguments miss the filter, so the label is Tool-argument construction, and C1 gives Wrong tool argument (S5)."
workbench:customer_relationship_manager:46,EN,failure_type,Understanding failure,,fix round 1,Wrong tool argument,C1. The confound stays Unclear (no C6 analogue; earlier ruling).
workbench:project_management:64,EN,failure_type,Understanding failure,,fix round 1,Understanding failure (kept),"Tie-break checked, not applicable: the answer calls the due-today task 00000039 'overdue', so the words give the constraint a wrong meaning. Same for pm:64 BN ('(বা আজকের তারিখ)')."
workbench:project_management:64,BN,failure_type,Understanding failure,,fix round 1,Understanding failure (kept),As pm:64 EN: the words count today as overdue.
workbench:customer_relationship_manager:42,EN,failure_type,Dialogue-state failure,,fix round 1,Dialogue-state failure (kept),"Tie-break not applicable: the filter was applied at step 2 and dropped later (Dialogue-state per the C1 sub-rule), not left out of the first action."
workbench:multi_domain:120,BN,confound,Translation/localization error,,fix round 1,Translation/localization error (kept),"C5(3): the paired EN run passed with due_date 2023-12-08 (it did not take the tomorrow reading), so the Bangla-favoured reading did cause the BN failure. Translation stays (S1 fail)."
workbench:calendar:79,EN,confound,Benchmark/task ambiguity,,fix round 1,Benchmark/task ambiguity (kept),C5(3)/C6: EN and BN took the same past-Wednesday reading. Kept.
workbench:calendar:79,BN,confound,Benchmark/task ambiguity,,fix round 1,Benchmark/task ambiguity (kept),"C5(3): the paired EN run took the same reading. Benchmark, S1 ok. Kept."
workbench:analytics:98,BN,confound,Benchmark/task ambiguity,,fix round 1,Benchmark/task ambiguity (kept),"C6 clarification: (b) is a defect of the GT generator (date_min = the last data day), not a reading of the text, so the C5(3) discriminator does not apply. Kept."
workbench:email:41,BN,confound,Genuine Bangla-related agent failure,,fix round 1,Genuine Bangla-related agent failure (kept),"C5(3) check: the paired EN run used the calendar week 2023-11-19..26 and passed, so the rolling-window reading is not shared with English. Genuine stands. Kept."
workbench:analytics:20,BN,confound,Genuine Bangla-related agent failure,,fix round 1,Genuine Bangla-related agent failure (kept),"C5(3) check: the paired EN run chose histogram and passed, so the reading is not shared. Kept."
(all rows),EN/BN,C2 amendment check,,,fix round 1,no label changed,"C2 amendment (actions.py:84-93: only exceptions and unrecognised calls fail execution). Re-checked every gemma label: crm:77 BN's call to a nonexistent tool is unrecognised, so it still fails. md:6 EN and md:102 EN fail on real created-then-deleted side effects, not on a failed call. No label relied on the old wording."
