task_uid,domain,pair_class,side,first_failure_point,failure_type,confound,decision_tree,evidence,not_general_reason,annotator
workbench:email:41,email,ref_only,BN,Entity or slot grounding,Understanding failure,Genuine Bangla-related agent failure,S1=ok;S2=na;S3=fail;S4=ok;S5=fail;S6=ok;S7=fail,"EN passed: searched 2023-11-19..2023-11-26 and forwarded 00000120 and 00000346 to nadia. BN failed: grounded 'গত সপ্তাহে' as the rolling window 2023-11-23..2023-11-29 (search_emails date_min/date_max), got [], then found both emails with an undated search (step 5) but rejected them as 'not last week' and asked the user instead of forwarding; first failure = date-slot grounding at step 2.","Not general: the same model grounded 'last week' to the calendar week in EN, and no C0 failure shows a relative-week window mis-grounded (C0 date errors are a bare weekday, calendar:79, and an exclusive 'since' boundary, analytics:69). Translation (T05.v2) is faithful and the subject/names are preserved, so the misread is of the Bangla date phrase. Provisional: 'গত সপ্তাহে' is on the owner's native-speaker review list; if it leans to 'past 7 days' this becomes Translation/localization.",ADJ
workbench:customer_relationship_manager:77,customer_relationship_manager,ref_only,BN,Task constraint preservation,Wrong tool/action,General model weakness present in both English and Bangla,S1=ok;S2=na;S3=ok;S4=fail;S5=na;S6=ok;S7=fail,"EN passed (ground truth = no change): it set 00000147 to Lost but reverted it to Proposal, so the final state was unchanged. BN failed: at step 1 it decided to move 00000147 to Lost via the nonexistent tool customer_relationship_manager_update_task, which the scorer rejects, making the run fail on its own; it then called update_customer(00000147, status, Lost) and kept it, claiming the 2023-10-29 contact was '৬ সপ্তাহ বা তার বেশি' old (it is 32 days; cutoff 2023-10-19). First failure = the 6-week threshold misapplied at step 1.","General: the same 6-week last-contact threshold error occurs in C0 customer_relationship_manager:74 (EN moved 00000195 [2023-10-25] and 00000058 [2023-10-21] to Lost) and in this task's own EN trace (the identical wrong update at step 1, later reverted). The BN text '6 সপ্তাহ ধরে সাড়া দেয়নি' is faithful and the agent restated the constraint correctly, so the error is date arithmetic, not reading Bangla. Secondary, with no C0 analogue: the invalid tool name (the only unrecognised call in either run, 0/90 C0) meant BN could not recover by reverting as EN did; there is no visible Bangla link, because tool descriptions are English in C6.",A1
workbench:analytics:20,analytics,ref_only,BN,Instruction understanding,Understanding failure,Genuine Bangla-related agent failure,S1=ok;S2=na;S3=fail;S4=ok;S5=fail;S6=ok;S7=ok,"EN passed: create_plot(plot_type='histogram') for user_engaged and total_visits over 2023-11-05..2023-11-21. BN failed: create_plot(plot_type='line') for both metrics (same dates), while its answer calls them 'ডিস্ট্রিবিউশন চার্ট'; first failure = 'ডিস্ট্রিবিউশন ... চার্টে দেখিয়ে দাও' not realised as a distribution (histogram) plot at step 0.","Not general: no C0 failure has a wrong plot_type, and EN mapped 'distribution' to histogram. The BN text (T31.v3) is faithful under the policy (plot→চার্ট, 'distribution' transliterated), so the error lies in reading the Bangla request. Weak evidence: analytics:15 BN mapped the same Bangla phrasing to histogram, so run-to-run variance (single run) cannot be excluded.",ADJ
workbench:analytics:98,analytics,ref_only,BN,Planning,Planning failure,Benchmark/task ambiguity,S1=ok;S2=na;S3=ok;S4=fail;S5=fail;S6=ok;S7=ok,"EN 'passed' by abstaining (ground truth = no plot): after 24 looping read calls it said growth 'cannot be performed' without data for today. BN failed: compared Tuesday 2023-11-28 with Wednesday 2023-11-29 (session +0.9%, visits -47%), judged the condition true and called create_plot(line, time_min='2023-11-28') for both metrics; first failure = inventing a Tuesday baseline (step 2).","Not a Bangla effect: the task is degenerate. 'Growth since Wednesday' on Thursday 00:00, with data ending Wednesday, has growth 0 vs 0 by the ground-truth formula (iloc[-1] vs 2023-11-29), which needs no plot. EN never computed it either; it only abstained. The BN text is faithful, and the agent mapped Wednesday to 2023-11-29 correctly.",A1
workbench:analytics:119,analytics,ref_only,BN,Tool-argument construction,Wrong tool argument,General model weakness present in both English and Bangla,S1=ok;S2=na;S3=ok;S4=ok;S5=fail;S6=ok;S7=ok,"EN passed: traffic counts and two bar create_plot calls with time_min='2023-11-02' (4 weeks). BN failed: the same calls with time_min='2023-10-26' (exactly 35 days back) for 'গত 4 সপ্তাহের', while its answer restates 'গত ৪ সপ্তাহের'; first failure = the time_min argument computed one week too early (date arithmetic on a correctly read 4-week window) at step 0.","General (ADJ, convention C4): the agent read the window correctly (it restates '৪ সপ্তাহ'; ASCII 4; the same run computed 'গত 2 সপ্তাহ' as 11-16 in analytics:51 BN), and no reading of the phrase gives 35 days, so the error is language-neutral N-weeks-before-today arithmetic with no plausible Bangla link. The same mechanism class occurs in C0 customer_relationship_manager:74 EN ('6 weeks' converted to 'since October 16th', 45 days; then customers last contacted 10-25/10-21 moved to Lost), which is also the C0 analogue for customer_relationship_manager:77 BN. The translation is faithful.",ADJ
workbench:multi_domain:84,multi_domain,ref_only,BN,Tool-argument construction,Wrong tool argument,General model weakness present in both English and Bangla,S1=ok;S2=na;S3=ok;S4=ok;S5=fail;S6=ok;S7=ok,"EN passed: create_event('Catch up on overdue tasks', olga, 2023-12-01 13:00, 30). BN failed: the same call at 15:00, stating 'আপনি দুপুর ৩টার পর ফ্রি আছেন', although 13:00-13:30 was free (events 12:00-13:00 and 13:30-14:00); first failure = free-slot computation from the calendar observation at step 3.","General: the earliest-free-slot computation fails in C0 too: multi_domain:102 EN ended at exactly this wrong 15:00 slot; multi_domain:200 EN and calendar:63 EN booked 11:00, which overlaps 10:00-12:00. T57.v2 'আগামীকাল আমি সবচেয়ে আগে যখন ফ্রি থাকব' is faithful, and the agent grounded tomorrow and the overdue check correctly.",A1
workbench:multi_domain:120,multi_domain,ref_only,BN,Entity or slot grounding,Understanding failure,Translation/localization error,S1=fail;S2=na;S3=fail;S4=ok;S5=fail;S6=ok;S7=ok,"EN passed: create_task(..., due_date='2023-12-08') for 'next Friday'. BN failed: the same call with due_date='2023-12-01', answering 'আগামী শুক্রবার (১ ডিসেম্বর, ২০২৩)'; first failure = deadline phrase grounded to tomorrow at step 2.","Not general: no C0 failure mis-grounds 'next Friday' (EN gave 2023-12-08 in md:120, md:130, md:169 and md:200). 'আগামী শুক্রবার' naturally reads as 'the coming Friday', which is tomorrow on a Thursday, while the benchmark means the Friday of next week; the Bangla wording carries an ambiguity that caused the error. Provisional (pending the native-speaker review); the same phrase gave 2023-12-08 in md:169 and md:200 BN.",ADJ
workbench:calendar:79,calendar,both_wrong,EN,Entity or slot grounding,Understanding failure,Benchmark/task ambiguity,,EN failed: grounded 'Wednesday' to yesterday (2023-11-29) and deleted 00000112; ground truth deletes 00000242 on the upcoming Wednesday 2023-12-06 at 14:30.,,ADJ
workbench:calendar:79,calendar,both_wrong,BN,Entity or slot grounding,Understanding failure,Benchmark/task ambiguity,,"BN failed: searched 2023-11-29 13:30-23:59 for 'বুধবার' and deleted 00000090 and 00000112; ground truth deletes 00000242 (2023-12-06), the same past-Wednesday reading as EN.",,ADJ
workbench:customer_relationship_manager:74,customer_relationship_manager,both_wrong,EN,Task constraint preservation,Wrong tool argument,General model weakness present in both English and Bangla,,"EN failed: stated a cutoff of 'October 16th', then moved 00000195 (last contact 2023-10-25) and 00000058 (2023-10-21) to Lost, although both are inside 6 weeks. The true targets, 00000132 and 00000088, were beyond the 5-result search cap and were never retrieved. Same threshold error as customer_relationship_manager:77 BN.",,A1
workbench:customer_relationship_manager:74,customer_relationship_manager,both_wrong,BN,Premature termination,Premature abandonment,Unclear,,"BN failed: the model's first response was empty, with no tool call (llm_output ''), so the run ended with no action; ground truth moves 00000132 and 00000088 to Lost. Empty responses occur only in C6 (2/90, also multi_domain:149), with no error recorded.",,A1
workbench:analytics:69,analytics,both_wrong,EN,Entity or slot grounding,Understanding failure,General model weakness present in both English and Bangla,,"EN failed: create_plot(line, time_min='2023-10-05') for 'since then' (October 4); ground truth uses time_min='2023-10-04'. BN made the identical call.",,ADJ
workbench:analytics:69,analytics,both_wrong,BN,Entity or slot grounding,Understanding failure,General model weakness present in both English and Bangla,,"BN failed: create_plot(line, time_min='2023-10-05') for 'তখন থেকে' (4 অক্টোবর); ground truth uses time_min='2023-10-04'. Same exclusive-boundary error as C0 analytics:69.",,ADJ
workbench:analytics:76,analytics,both_wrong,EN,Planning,Planning failure,Unclear,,"EN failed: it alternated engaged_users_count(2023-11-26..30) and (2023-11-30..30, which returns {}) for 20 steps and hit the iteration limit. The errored row is scored incorrect, although no write was made and ground truth is no change.",,A1
workbench:analytics:76,analytics,both_wrong,BN,Task constraint preservation,Wrong tool/action,General model weakness present in both English and Bangla,,"BN failed: created create_plot(line, user_engaged, time_min='2023-11-28') although its own answer says engaged users rose 2→5 since Sunday, so 'কোনো চার্ট তৈরি করার প্রয়োজন ছিল না'; ground truth is no plot. The conditional gate was ignored, as in C0 multi_domain:130.",,A1
workbench:project_management:64,project_management,both_wrong,EN,Task constraint preservation,Understanding failure,General model weakness present in both English and Bangla,,"EN failed: reassigned 00000039 (due 2023-11-30, i.e. today) to yuki as 'overdue'; ground truth is no change, since no task is past due. BN did the same.",,ADJ
workbench:project_management:64,project_management,both_wrong,BN,Task constraint preservation,Understanding failure,General model weakness present in both English and Bangla,,"BN failed: reassigned 00000039 (due 2023-11-30) to yuki, explicitly counting '(বা আজকের তারিখ)' as overdue; ground truth is no change. Same due-today-as-overdue error as C0 project_management:64 and project_management:28.",,ADJ
workbench:multi_domain:18,multi_domain,both_wrong,EN,Tool-argument construction,Wrong tool argument,General model weakness present in both English and Bangla,,"EN failed: after reading all 300 tasks (four list searches), it added Jamie Davis as a lead for nia.johnson; ground truth is yuki.tanaka, who has the fewest tasks (16). BN made the same miscount.",,A1
workbench:multi_domain:18,multi_domain,both_wrong,BN,Tool-argument construction,Wrong tool argument,General model weakness present in both English and Bangla,,"BN failed: the identical trajectory, add_customer(assigned_to_email='nia.johnson@atlas.com'); ground truth is yuki.tanaka (16 tasks). Same miscount as C0 multi_domain:18.",,A1
workbench:multi_domain:149,multi_domain,both_wrong,EN,Result verification,Verification failure,General model weakness present in both English and Bangla,,EN failed: deleted the 5 leads returned by search_customers (capped at 5 results) and stopped without re-searching; ground truth also deletes 00000010. Same truncation as multi_domain:182 BN.,,A1
workbench:multi_domain:149,multi_domain,both_wrong,BN,Premature termination,Premature abandonment,Unclear,,"BN failed: after total_visits_count and find_email_address the model returned an empty response (llm_output ''), so no lead was deleted (ground truth deletes 6). Empty responses occur only in C6 (2/90, also customer_relationship_manager:74).",,A1
workbench:multi_domain:182,multi_domain,both_wrong,EN,Result verification,Verification failure,General model weakness present in both English and Bangla,,"EN failed: deleted the 5 capped search results and sent the email, but never retrieved the 6th lead, 00000010, that ground truth deletes. BN did the same.",,A1
workbench:multi_domain:182,multi_domain,both_wrong,BN,Result verification,Verification failure,General model weakness present in both English and Bangla,,"BN failed: sent the email and deleted the same 5 capped results, missing 00000010. Same 5-result-cap verification gap as C0 multi_domain:182 and multi_domain:149.",,A1
workbench:multi_domain:200,multi_domain,both_wrong,EN,Tool-argument construction,Wrong tool argument,General model weakness present in both English and Bangla,,"EN failed: the task is correct (due 2023-12-08), but it booked 'Discuss total visits' at 2023-12-01 11:00, which overlaps the 10:00-12:00 event; ground truth is 13:00. BN also picked a wrong slot.",,A1
workbench:multi_domain:200,multi_domain,both_wrong,BN,Tool-argument construction,Wrong tool argument,General model weakness present in both English and Bangla,,"BN failed: the task is correct (due 2023-12-08), but it booked the meeting at 2023-12-01 12:00, which overlaps the 12:00-13:00 event; ground truth is 13:00. Same earliest-free-slot error as C0 multi_domain:200, calendar:63 and multi_domain:102.",,A1
workbench:calendar:63,calendar,treat_only,EN,Tool-argument construction,Wrong tool argument,General model weakness present in both English and Bangla,,"EN failed: booked 'catch-up' at 2023-12-01 11:00, which overlaps the 10:00-12:00 event; ground truth (and BN) is 13:00. Same slot error as C6 multi_domain:84 and multi_domain:200 BN.",,A1
workbench:customer_relationship_manager:42,customer_relationship_manager,treat_only,EN,Task constraint preservation,Dialogue-state failure,Unclear,,"EN failed: the search with status='Lead' returned [], so it dropped the lead filter and reassigned 5 non-lead training customers (e.g. 00000186, status Lost) to lena; ground truth is no change, and BN stopped correctly.",,ADJ
workbench:customer_relationship_manager:46,customer_relationship_manager,treat_only,EN,Task constraint preservation,Understanding failure,Unclear,,"EN failed: searched Lena's hardware customers without status='Lead', reassigned non-leads 00000165 and 00000066 and missed 00000015; BN filtered status='Lead' and matched the ground truth.",,ADJ
workbench:customer_relationship_manager:57,customer_relationship_manager,treat_only,EN,Instruction understanding,Understanding failure,Unclear,,EN failed: read 'Give Akira all of Nadia's customers ... in the crm' as emailing Akira a list (send_email) instead of update_customer(assigned_to_email=akira) on 4 customers; BN reassigned all 4 correctly.,,ADJ
workbench:project_management:28,project_management,treat_only,EN,Task constraint preservation,Wrong tool/action,General model weakness present in both English and Bangla,,"EN failed: moved 00000162 (due 2023-11-30, today) to In Progress, while saying 'No overdue tasks were found'; ground truth is no change, and BN correctly treated due-today as not overdue. Same mechanism as C6 project_management:64 BN.",,A1
workbench:multi_domain:6,multi_domain,treat_only,EN,Tool-argument construction,Wrong tool argument,General model weakness present in both English and Bangla,,"EN failed: create_event at 2023-12-01 12:00 (overlaps 12:00-13:00), then rebooked at 13:00 and deleted the first event. The final event has ID 00000301 instead of 00000300, so the strict state comparison fails. Same slot error as C6 multi_domain:84 BN.",,A1
workbench:multi_domain:102,multi_domain,treat_only,EN,Tool-argument construction,Wrong tool argument,General model weakness present in both English and Bangla,,"EN failed: booked at 2023-12-01 12:00 (overlaps 12:00-13:00), deleted it and rebooked at 15:00, skipping the free 13:00 slot that ground truth (and BN) uses. Identical 15:00 choice to C6 multi_domain:84 BN.",,A1
workbench:multi_domain:130,multi_domain,treat_only,EN,Task constraint preservation,Wrong tool/action,General model weakness present in both English and Bangla,,"EN failed: called create_task('Improve engaged users') at step 3 before evaluating the condition; its final answer then computes -18% vs +150% and says 'the condition was not met ... I have already created the task'. Ground truth is no task, and BN correctly made none. Same ignored conditional gate as C6 analytics:76 BN.",,A1
